phant_id,peak_x_mm,peak_y_mm,le_to_gt_mm,residual_x_mm,residual_y_mm,label,cf_at_peak,cf_background_ratio,area_fraction,dist_to_shell_center_mm,dist_to_ring_center_mm,dist_to_ring_center_ratio,local_scr_db,hessian_eigenratio,birads,scan_idx
A14F4,0.6500000000000057,0.9000000000000057,32.01534788191439,-21.849999999999994,23.400000000000006,0,0.8927953811307336,31.064603533886867,0.9808,1.1101801655587338,1.1101801655587338,0.024453307611425855,37.65929640701822,0.876199258241636,2.0,0
A14F4,9.400000000000006,-12.099999999999994,16.726326554267676,-13.099999999999994,10.400000000000006,1,0.286283298756829,9.960454383116513,0.9328,15.32220610747682,15.32220610747682,0.33749352659640575,23.21806588345769,0.20912714618897948,2.0,0
A14F4,-7.599999999999994,13.900000000000006,47.233145141944554,-30.099999999999994,36.400000000000006,0,0.25389093505557553,8.833416156990099,0.9168,15.842032697857938,15.842032697857938,0.34894345149466827,22.179879993145597,0.1725486657798864,2.0,0
A14F4,-13.099999999999994,-12.349999999999994,37.01867771814655,-35.599999999999994,10.150000000000006,0,0.16758287001424668,5.830512697999358,0.9984,18.003680179341103,18.003680179341103,0.39655683214407716,17.219299857688497,0.5437033685678145,2.0,0
A14F4,-0.8499999999999943,-14.849999999999994,24.571223005784628,-23.349999999999994,7.650000000000006,0,0.16994509095283616,5.912700288798012,0.8224,14.874306706532572,14.874306706532572,0.32762790102494654,16.805437284864396,0.016185560288587184,2.0,0
A14F4,25.900000000000006,-11.349999999999994,11.65686493016026,3.4000000000000057,11.150000000000006,1,0.12763011402978658,4.440462982205032,0.8944,28.27777395765091,28.27777395765091,0.6228584572169804,16.71311198855659,0.081407336919875,2.0,0
A14F4,0.4000000000000057,28.650000000000006,55.720126525340916,-22.099999999999994,51.150000000000006,0,0.12102557299525768,4.210676819050914,0.9952,28.652792185055898,28.652792185055898,0.6311187705959449,15.741266040201554,0.15264698466071405,2.0,0
A14F4,-15.349999999999994,3.6500000000000057,46.004836702242514,-37.849999999999994,26.150000000000006,0,0.15584510300180524,5.42212701785924,0.9248,15.777991000124189,15.777991000124189,0.3475328414124271,15.674145332782462,0.005983821248933312,2.0,0
A14F4,2.6500000000000057,16.900000000000006,44.117825195718794,-19.849999999999994,39.400000000000006,0,0.13599010973467462,4.731325690440024,0.8864,17.106504610819833,17.106504610819833,0.3767952557449303,14.626626135106022,0.2485319078975234,2.0,0
A14F4,-0.5999999999999943,-25.099999999999994,23.245859846432865,-23.099999999999994,-2.5999999999999943,0,0.10770443390648551,3.7472068661997784,0.9328,25.107170290576352,25.107170290576352,0.5530213720391267,14.075690772142515,0.06977869608520224,2.0,0
A14F4,0.9000000000000057,0.9000000000000057,44.05814340164597,-21.599999999999994,38.400000000000006,0,0.8894507832290035,32.093698240773584,0.9824,1.2727922061357937,1.2727922061357937,0.02803507061973114,37.91049494619969,0.7931288667774528,2.0,1
A14F4,9.900000000000006,-12.349999999999994,28.12974404433855,-12.599999999999994,25.150000000000006,0,0.26284346608780573,9.483356829832404,0.9216,15.82821847208333,15.82821847208333,0.348639173393906,22.88226941035592,0.2262079744534752,2.0,1
A14F4,-8.099999999999994,13.650000000000006,59.604383228081474,-30.599999999999994,51.150000000000006,0,0.2640663879931328,9.52748109747445,0.9328,15.872381673838367,15.872381673838367,0.34961193114181427,22.70416435056606,0.2468774636975439,2.0,1
A14F4,-0.3499999999999943,-15.099999999999994,31.99816400983031,-22.849999999999994,22.400000000000006,0,0.18666028818501867,6.734615944754369,0.8272,15.104055746719151,15.104055746719151,0.3326884525709064,18.420667602636605,0.02539029126520171,2.0,1
A14F4,-12.099999999999994,-11.599999999999994,43.220018509945135,-34.599999999999994,25.900000000000006,0,0.17841908171181095,6.437270646979966,0.9696,16.76215976537629,16.76215976537629,0.36921056751930154,18.32807084555092,0.2219997449006186,2.0,1
A14F4,25.900000000000006,-10.849999999999994,26.8660101243188,3.4000000000000057,26.650000000000006,0,0.1221668676113958,4.407689073862955,0.9216,28.0808208569479,28.0808208569479,0.618520283192685,16.508595975340036,0.09228749553023738,2.0,1
A14F4,-0.8499999999999943,27.650000000000006,69.20798364350749,-23.349999999999994,65.15,0,0.12462823334172876,4.496494645160024,1.0,27.663062014173345,27.663062014173345,0.6093185465676948,16.07566833061756,0.2226238061701935,2.0,1
A14F4,2.1500000000000057,16.900000000000006,58.08168816417099,-20.349999999999994,54.400000000000006,0,0.14017130504707356,5.0572867099764505,0.9008,17.036211433297023,17.036211433297023,0.3752469478699785,15.023983486512574,0.36391841870308145,2.0,1
A14F4,-10.599999999999994,-22.349999999999994,36.402369428376495,-33.099999999999994,15.150000000000006,0,0.1100579317765587,3.9708019200587534,1.0,24.736258811712002,24.736258811712002,0.5448515156764758,14.797554423285872,0.13724430507251273,2.0,1
A14F4,-0.3499999999999943,-25.599999999999994,25.763006423940507,-22.849999999999994,11.900000000000006,0,0.09715997306163317,3.505448440953817,0.928,25.602392466330166,25.602392466330166,0.563929349478638,13.478337515728677,0.004070575814350842,2.0,1
A14F4,0.9000000000000057,0.9000000000000057,23.175849498993557,-21.599999999999994,8.400000000000006,0,0.9001341210950323,31.218546466705746,0.976,1.2727922061357937,1.2727922061357937,0.02803507061973114,37.5544156641214,0.9275557464725958,2.0,2
A14F4,9.400000000000006,-12.849999999999994,14.15035335247851,-13.099999999999994,-5.349999999999994,1,0.29662097005686155,10.286717502875945,0.92,15.921133753599332,15.921133753599332,0.35068576549778263,24.028381178126487,0.15520694556451392,2.0,2
A14F4,-4.349999999999994,15.900000000000006,35.61576196012097,-26.849999999999994,23.400000000000006,0,0.23900797093829584,8.288662125798794,0.9584,16.4843107226235,16.4843107226235,0.36309054455117845,21.218332154287673,0.28867999350158774,2.0,2
A14F4,-0.8499999999999943,-15.599999999999994,24.715025794038727,-23.349999999999994,-8.099999999999994,0,0.1971466475380607,6.836901659934772,0.8864,15.623139889279614,15.623139889279614,0.34412202399294306,18.552022899452524,0.0031398956125597557,2.0,2
A14F4,-0.5999999999999943,28.400000000000006,42.689811430832066,-23.099999999999994,35.900000000000006,0,0.12964271378830294,4.495879265542831,0.9888,28.406337321097915,28.406337321097915,0.6256902493633902,16.529838785874972,0.14957091217117646,2.0,2
A14F4,25.900000000000006,-11.099999999999994,4.951767361255978,3.4000000000000057,-3.5999999999999943,1,0.11880974818225258,4.120197693048899,0.9344,28.178360491696463,28.178360491696463,0.6206687332972789,16.22561059736325,0.1025066955754398,2.0,2
A14F4,-16.349999999999994,-3.3499999999999943,39.07102506973678,-38.849999999999994,4.150000000000006,0,0.1685224949575186,5.844217507148113,1.0,16.689667462235423,16.689667462235423,0.3676138207540842,16.209825004506847,0.36248241632822215,2.0,2
A14F4,-14.599999999999994,6.900000000000006,39.79660789564859,-37.099999999999994,14.400000000000006,0,0.16174113918684807,5.609041403216469,0.9424,16.148374531202823,16.148374531202823,0.3556910689692252,15.671455959709206,0.19435375052480253,2.0,2
A14F4,-0.3499999999999943,-26.099999999999994,29.463239808276338,-22.849999999999994,-18.599999999999994,0,0.1078456553790758,3.739969662153938,0.992,26.102346637802505,26.102346637802505,0.5749415558987336,14.84754474386988,0.08214027042653835,2.0,2
A14F4,-13.349999999999994,-13.599999999999994,36.36526502034599,-35.849999999999994,-6.099999999999994,0,0.13016478314757854,4.513984381357591,1.0,19.05734766435245,19.05734766435245,0.41976536705622136,13.373433609912267,0.15610217976611715,2.0,2
A14F4,0.9000000000000057,0.9000000000000057,24.8620192261208,23.400000000000006,8.400000000000006,0,0.9009853196137558,32.1006794105473,0.984,1.2727922061357937,1.2727922061357937,0.02803507061973114,37.83067197530147,0.9613273114233692,2.0,3
A14F4,-8.599999999999994,12.900000000000006,24.68542079851993,13.900000000000006,20.400000000000006,0,0.2574149919348692,9.170582960998905,0.9008,15.503870484495156,15.503870484495156,0.3414949445924043,22.376512949058707,0.2070908818346232,2.0,3
A14F4,11.150000000000006,-12.599999999999994,34.03428418521536,33.650000000000006,-5.099999999999994,0,0.2399674932592019,8.54898621070647,0.9712,16.825055720561522,16.825055720561522,0.3705959409815313,21.4193372259454,0.2512246369958127,2.0,3
A14F4,-2.0999999999999943,-14.849999999999994,21.683692028803588,20.400000000000006,-7.349999999999994,0,0.19535833960534135,6.959721191981091,0.936,14.997749831224676,14.997749831224676,0.3303469125820413,18.812330182381793,0.08188361013867453,2.0,3
A14F4,25.900000000000006,-11.349999999999994,48.55288353949743,48.400000000000006,-3.8499999999999943,0,0.12334407514046845,4.394145588231521,0.9136,28.27777395765091,28.27777395765091,0.6228584572169804,16.845336600830024,0.10043121967315215,2.0,3
A14F4,-12.349999999999994,-12.599999999999994,11.359247334220699,10.150000000000006,-5.099999999999994,1,0.15583613942137434,5.551700335798167,0.992,17.64319982316132,17.64319982316132,0.38861673619298065,16.36025281934064,0.20602364401463907,2.0,3
A14F4,-0.8499999999999943,27.900000000000006,41.49557205293115,21.650000000000006,35.400000000000006,0,0.12611747482496313,4.4929497313784665,0.9904,27.912945025561175,27.912945025561175,0.6148225776555325,16.25927739713188,0.1814776800190889,2.0,3
A14F4,1.6500000000000057,16.400000000000006,33.976940709840264,24.150000000000006,23.900000000000006,0,0.14250777015602123,5.076865855622239,0.8784,16.482794059260712,16.482794059260712,0.3630571378691787,15.1312097032835,0.3392696414581451,2.0,3
A14F4,-2.3499999999999943,-25.099999999999994,26.754111833510752,20.150000000000006,-17.599999999999994,0,0.11025566173005434,3.9278633469251925,0.9456,25.209769931516625,25.209769931516625,0.5552812760245953,14.931145333195063,0.07385554512347052,2.0,3
A14F4,15.650000000000006,-2.3499999999999943,38.49603875725398,38.150000000000006,5.150000000000006,0,0.1391683988976568,4.957898154046269,0.8336,15.825454179896392,15.825454179896392,0.3485782859008016,14.519188753836971,0.14622693557343353,2.0,3
A3F12,-2.5999999999999943,-1.8499999999999943,32.50280757103915,-25.099999999999994,20.650000000000006,0,0.7998558711780744,38.32147630863956,0.952,3.1910029771217623,3.1910029771217623,0.0560808959072366,39.19889510535683,0.32663399390409564,2.0,4
A3F12,11.150000000000006,-12.349999999999994,15.226457237322148,-11.349999999999994,10.150000000000006,1,0.2572662610764622,12.325064455270805,0.9408,16.638659801798944,16.638659801798944,0.29241932867836457,24.578262713739804,0.24412439776375833,2.0,4
A3F12,-8.099999999999994,15.400000000000006,48.7110870336518,-30.599999999999994,37.900000000000006,0,0.22851098362152125,10.947429706346764,0.9424,17.400287353949075,17.400287353949075,0.3058046986634284,23.194324476795085,0.31435993265911577,2.0,4
A3F12,-13.849999999999994,-13.849999999999994,37.36502375216694,-36.349999999999994,8.650000000000006,0,0.18573004878882535,8.897855648531147,1.0,19.58685783886736,19.58685783886736,0.34423300244055116,21.583822539570576,0.23051248722340648,2.0,4
A3F12,-4.349999999999994,31.400000000000006,60.217377060114465,-26.849999999999994,53.900000000000006,0,0.1297970307609342,6.218210979785475,0.952,31.699881703249307,31.699881703249307,0.5571156714103569,18.923557000059887,0.13786346820483664,2.0,4
A3F12,25.900000000000006,-11.849999999999994,11.17955723631308,3.4000000000000057,10.650000000000006,1,0.12817902194972422,6.140695707281942,0.9216,28.482143528884905,28.482143528884905,0.5005649126341811,18.869410934765238,0.0861852711071345,2.0,4
A3F12,-16.599999999999994,5.150000000000006,47.88875128879432,-39.099999999999994,27.650000000000006,0,0.15044856433590895,7.207583158722658,0.928,17.380520705663564,17.380520705663564,0.3054573058991839,17.512696917356003,0.25537645990118263,2.0,4
A3F12,10.150000000000006,13.150000000000006,37.72857007626979,-12.349999999999994,35.650000000000006,0,0.13631178721589843,6.53031900969722,0.896,16.611592337882612,16.611592337882612,0.29194362632482623,17.385949707889942,0.13777687953645223,2.0,4
A3F12,-26.849999999999994,15.900000000000006,62.529852870449005,-49.349999999999994,38.400000000000006,0,0.11246362294997407,5.387806560214211,0.928,31.20468714792699,31.20468714792699,0.5484127794011774,16.925097351482474,0.05130026180315531,2.0,4
A3F12,0.9000000000000057,-17.349999999999994,22.20546104002346,-21.599999999999994,5.150000000000006,0,0.14091389847380265,6.7507965552710605,1.0,17.373327257609574,17.373327257609574,0.30533088326203117,16.59161751286995,0.22568301014587516,2.0,4
A3F12,-2.3499999999999943,-1.0999999999999943,41.605077815093686,20.150000000000006,36.400000000000006,0,0.7780187884261689,37.24931622542437,0.9536,2.594706149065817,2.594706149065817,0.045601162549487116,38.884592012129204,0.18564374203088582,2.0,5
A3F12,-8.099999999999994,16.150000000000006,55.54891988148825,14.400000000000006,53.650000000000006,0,0.2404256772985841,11.510261136638396,0.9344,18.06744309524732,18.06744309524732,0.31752975562824814,24.223136952033695,0.32453981276204136,2.0,5
A3F12,11.650000000000006,-11.849999999999994,42.7100105361729,34.150000000000006,25.650000000000006,0,0.24254879942546229,11.61190708772869,0.9504,16.617611139992412,16.617611139992412,0.2920494049207805,23.63617249024869,0.2825883122625483,2.0,5
A3F12,-14.349999999999994,-13.349999999999994,25.488134494309318,8.150000000000006,24.150000000000006,0,0.19108403526486212,9.148008086197024,1.0,19.599617343203406,19.599617343203406,0.3444572468049808,21.79192351821916,0.2756477077409114,2.0,5
A3F12,26.150000000000006,-11.099999999999994,55.35144532891622,48.650000000000006,26.400000000000006,0,0.1363648104465389,6.528328764129347,0.912,28.40831744401629,28.40831744401629,0.4992674418983531,19.661154381637086,0.09080565762205825,2.0,5
A3F12,-4.099999999999994,31.650000000000006,71.55614928152578,18.400000000000006,69.15,0,0.12525606288307048,5.996501780877538,0.9536,31.914455972176626,31.914455972176626,0.5608867481929108,18.66421361267042,0.10365070172349668,2.0,5
A3F12,10.650000000000006,12.900000000000006,60.32480832957533,33.150000000000006,50.400000000000006,0,0.14003307501566586,6.703945773906102,0.9008,16.728194762137374,16.728194762137374,0.29399287806919816,17.80278054840543,0.176388817931199,2.0,5
A3F12,-15.599999999999994,5.900000000000006,43.94507936049269,6.900000000000006,43.400000000000006,0,0.15149904661221947,7.252876399380834,0.896,16.678429182629877,16.678429182629877,0.2931182633151121,17.423231034351964,0.1758620035665754,2.0,5
A3F12,-27.099999999999994,15.900000000000006,53.59776114727182,-4.599999999999994,53.400000000000006,0,0.11043654752919022,5.287025110501576,0.952,31.42005728829914,31.42005728829914,0.5521978433795983,16.871248381922822,0.05981279115959634,2.0,5
A3F12,3.4000000000000057,-30.599999999999994,26.803357998579216,25.900000000000006,6.900000000000006,0,0.10204497690135714,4.885283939780067,0.968,30.78830946966721,30.78830946966721,0.5410950697656803,15.884997389734286,0.03485603480948566,2.0,5
A3F12,-2.3499999999999943,-1.0999999999999943,39.836948929354506,-9.849999999999994,-38.599999999999994,0,0.7834643907747827,36.89295143575228,0.9552,2.594706149065817,2.594706149065817,0.045601162549487116,38.6583271160624,0.1829218330354952,2.0,6
A3F12,-8.849999999999994,15.900000000000006,27.09026577942711,-16.349999999999994,-21.599999999999994,0,0.22060672259571673,10.387673196037621,0.9424,18.197046463643492,18.197046463643492,0.31980749496737243,22.454400120385284,0.22872852503530056,2.0,6
A3F12,12.650000000000006,-11.349999999999994,49.12071864295146,5.150000000000006,-48.849999999999994,0,0.20858270854442632,9.82148849864321,0.9552,16.995440565045673,16.995440565045673,0.29868964086196265,21.486861846807752,0.2666106513998499,2.0,6
A3F12,-14.099999999999994,-13.349999999999994,55.24746600523864,-21.599999999999994,-50.849999999999994,0,0.19196761883577906,9.039122278519812,1.0,19.417324738490617,19.417324738490617,0.3412535103425416,21.45225531812445,0.3122224659897109,2.0,6
A3F12,-4.349999999999994,31.650000000000006,13.215332004910048,-11.849999999999994,-5.849999999999994,1,0.13591104568498102,6.3995669554004895,0.9424,31.94753511618698,31.94753511618698,0.5614681039751667,19.74203491313299,0.12275328622329519,2.0,6
A3F12,26.150000000000006,-11.849999999999994,52.756468797674465,18.650000000000006,-49.349999999999994,0,0.1346882273704651,6.341988016787208,0.928,28.709667361361056,28.709667361361056,0.5045635740133754,19.482137394176362,0.09057053077966191,2.0,6
A3F12,11.150000000000006,12.900000000000006,24.86930839408285,3.6500000000000057,-24.599999999999994,0,0.15514934834581878,7.305444235685858,0.8944,17.050879742699504,17.050879742699504,0.299663967358515,18.868328588459175,0.1738671716142461,2.0,6
A3F12,-26.599999999999994,17.150000000000006,39.71060941360633,-34.099999999999994,-20.349999999999994,0,0.11646335677644541,5.483833834102292,0.936,31.64936808215924,31.64936808215924,0.5562279100555226,17.630363486179185,0.06300908881289971,2.0,6
A3F12,-17.099999999999994,5.650000000000006,40.24403682534842,-24.599999999999994,-31.849999999999994,0,0.14811866860662656,6.974388997708168,0.936,18.00923374272209,18.00923374272209,0.31650674416031793,16.72432672371008,0.35163297418487727,2.0,6
A3F12,-0.3499999999999943,-30.849999999999994,68.7993095895591,-7.849999999999994,-68.35,0,0.11540738306384726,5.434111313706103,0.9728,30.8519853494066,30.8519853494066,0.5422141537681301,16.46124620321461,0.06547135636488846,2.0,6
A16F12,-0.75,-0.75,24.21001858735346,-23.25,6.75,0,0.8319698357497023,38.10677567274784,0.9536,1.0606601717798212,1.0606601717798212,0.01860807318911967,39.46333423086572,0.35364737156270726,2.0,7
A16F12,12.0,-12.0,11.423659658795863,-10.5,-4.5,1,0.2580737095360842,11.819906970330189,0.9632,16.97056274847714,16.97056274847714,0.29772917102591473,23.99904779216607,0.4290923634942438,2.0,7
A16F12,-12.5,-13.5,35.510561809129406,-35.0,-6.0,0,0.2046899436360765,9.374854529005145,1.0,18.398369492974098,18.398369492974098,0.3227784121574403,22.669038896603592,0.4286977205721356,2.0,7
A16F12,-6.25,14.75,36.354160697229695,-28.75,22.25,0,0.21991278832793745,10.072079880371035,0.9456,16.019519343600795,16.019519343600795,0.2810441990105403,22.57274239136202,0.4279287443150302,2.0,7
A16F12,-1.25,31.75,45.87619208260424,-23.75,39.25,0,0.13369000559086977,6.122995817010143,0.9712,31.774596771635043,31.774596771635043,0.5574490661690359,18.706181487213883,0.07703871182543365,2.0,7
A16F12,27.75,-12.0,6.914658342969665,5.25,-4.5,1,0.12911715358664272,5.913556775969349,0.9312,30.233466556119563,30.233466556119563,0.5304116939670098,18.388285042132246,0.09380795575381282,2.0,7
A16F12,11.5,12.5,22.825424421026653,-11.0,20.0,0,0.1348727971008174,6.177168324350266,0.9392,16.98528775146303,16.98528775146303,0.29798750441163213,16.82750886641507,0.2169177716709488,2.0,7
A16F12,7.0,-30.0,27.3221521846285,-15.5,-22.5,0,0.10796903930625731,4.944964385328655,0.9296,30.805843601498726,30.805843601498726,0.5404533965175216,16.639867617307566,0.045870170934778305,2.0,7
A16F12,-25.75,16.5,53.889354236249666,-48.25,24.0,0,0.10861087720983474,4.974360768233227,0.92,30.58287919735485,30.58287919735485,0.536541740304471,16.49738164337724,0.039460290818790676,2.0,7
A16F12,20.75,-22.25,14.853450777512949,-1.75,-14.75,1,0.09795945977622195,4.486522892509506,0.9136,30.424085853152597,30.424085853152597,0.5337558921605718,15.330306325243015,0.04278482082672011,2.0,7
A16F12,-1.0,-1.0,37.476659402887016,-8.5,36.5,0,0.845634351922866,38.186403610459635,0.9568,1.4142135623730951,1.4142135623730951,0.024810764252159563,39.382151085162306,0.41045312953001184,2.0,8
A16F12,-7.5,14.75,54.36048656883049,-15.0,52.25,0,0.2535244786796718,11.447780486411885,0.9664,16.547280743372912,16.547280743372912,0.29030317093636687,23.923536284552686,0.6245623828953283,2.0,8
A16F12,-12.25,-13.75,30.888913868894775,-19.75,23.75,0,0.21035933345861507,9.498638877473748,1.0,18.415346860702897,18.415346860702897,0.3230762607140859,22.827418702327385,0.34620702033161027,2.0,8
A16F12,11.25,-13.0,24.785328321408212,3.75,24.5,0,0.21268853862397827,9.603814774359087,0.9792,17.191931246954194,17.191931246954194,0.30161282889393326,21.40273476017695,0.35743686679267256,2.0,8
A16F12,-1.0,31.5,69.52157938367051,-8.5,69.0,0,0.13407372328036818,6.05396732575768,0.9808,31.51586901863885,31.51586901863885,0.5529099827831377,18.785965209987914,0.0810849975093051,2.0,8
A16F12,10.5,13.5,51.088159097779204,3.0,51.0,0,0.1566929752910011,7.075332840850207,0.9408,17.10263137648707,17.10263137648707,0.30004616449977317,18.57550219413283,0.18800806473004097,2.0,8
A16F12,-24.0,19.25,64.90618229413897,-31.5,56.75,0,0.12047607481354496,5.4399717426642065,0.8912,30.766255865802066,30.766255865802066,0.5397588748386327,17.93284389605671,0.09128896159138108,2.0,8
A16F12,28.75,-10.5,34.359314603175655,21.25,27.0,0,0.11819131545726047,5.336804638988173,0.9136,30.607392897795133,30.607392897795133,0.5369718052244761,17.080090681861662,0.07677878758680784,2.0,8
A16F12,6.25,-30.25,7.3569694847810805,-1.25,7.25,1,0.11289133267581584,5.0974868865519705,0.9696,30.888913868894775,30.888913868894775,0.541910769629733,16.58410068761627,0.020104829284110483,2.0,8
A16F12,1.0,-15.75,22.70049558930377,-6.5,21.75,0,0.1390383886428459,6.278144914743691,1.0,15.78171410208663,15.78171410208663,0.27687217722959,16.22472318530874,0.14280836222483884,2.0,8
A16F12,-1.25,-0.75,45.023604920086086,-23.75,-38.25,0,0.8251461829392619,37.602029690408045,0.96,1.4577379737113252,1.4577379737113252,0.02557435041598816,39.46255876455513,0.40707582988871527,2.0,9
A16F12,-6.5,16.0,36.10055401236939,-29.0,-21.5,0,0.2557621732839932,11.654474390089392,0.9856,17.269916039170543,17.269916039170543,0.3029809831433429,24.168392127507868,0.6255797251477014,2.0,9
A16F12,14.25,-6.0,44.275416429436326,-8.25,-43.5,0,0.21715281553323135,9.895100615415872,0.9296,15.461646096066227,15.461646096066227,0.27125694905379344,21.984105592482837,0.4106003711431997,2.0,9
A16F12,-11.5,-13.5,61.29437168288782,-34.0,-51.0,0,0.18661950742007685,8.503750332130364,1.0,17.7341478509682,17.7341478509682,0.31112540089417895,21.18561663440971,0.40145959936710485,2.0,9
A16F12,-1.5,31.75,24.67919163992208,-24.0,-5.75,0,0.13982469060753855,6.3714071067810805,0.9744,31.785413321207574,31.785413321207574,0.5576388301966241,19.374446153547197,0.057627948393122026,2.0,9
A16F12,6.75,-16.25,56.01004374217182,-15.75,-53.75,0,0.16708939893071173,7.613801238862283,0.9408,17.596164354767776,17.596164354767776,0.30870463780294344,18.631926735366527,0.16633656309196898,2.0,9
A16F12,27.75,-12.0,49.777630518135354,5.25,-49.5,0,0.1253896268667318,5.713634954926691,0.9104,30.233466556119563,30.233466556119563,0.5304116939670098,17.71108463988078,0.07232578682025434,2.0,9
A16F12,11.25,12.75,27.186853440587786,-11.25,-24.75,0,0.13975849061232654,6.36839052335294,0.9376,17.003676073131953,17.003676073131953,0.2983101065461746,17.29736863206208,0.1979409950708692,2.0,9
A16F12,-24.25,19.25,50.185904395557124,-46.75,-18.25,0,0.11190723299491435,5.099275410316224,0.864,30.961669851608455,30.961669851608455,0.5431871903790957,16.911180513347695,0.07622313728305274,2.0,9
A16F12,4.5,-31.0,70.82548976180821,-18.0,-68.5,0,0.11046838070506561,5.033710543641861,0.9872,31.32491021535417,31.32491021535417,0.5495598283395469,16.352323510450276,0.07142907960795182,2.0,9
A13F12,-1.6999999999999886,-1.6999999999999886,36.266789215479236,5.800000000000011,35.80000000000001,0,0.7500206103678613,28.829081233000355,0.9472,2.4041630560342457,2.4041630560342457,0.054889567489366346,36.93642812040366,0.5763752563833009,3.0,10
A13F12,-9.949999999999989,9.550000000000011,47.11374534039935,-2.4499999999999886,47.05000000000001,0,0.2463703852060206,9.469255501016521,0.8704,13.79148287893655,13.79148287893655,0.3148740383318847,22.84768110275681,0.2732806337390591,3.0,10
A13F12,-10.199999999999989,-13.949999999999989,23.704271766919998,-2.6999999999999886,23.55000000000001,0,0.2126236363768172,8.172159708870018,0.9856,17.28127599455548,17.28127599455548,0.3945496802409927,21.803683526015085,0.3591265749118675,3.0,10
A13F12,11.050000000000011,-9.699999999999989,33.42068969964565,18.55000000000001,27.80000000000001,0,0.23148109387738838,8.896966667245017,0.9424,14.703485981222277,14.703485981222277,0.33569602696854517,21.292825216410055,0.3111290500620904,3.0,10
A13F12,-21.19999999999999,15.550000000000011,54.79044168465884,-13.699999999999989,53.05000000000001,0,0.11896530951259572,4.572355758559463,0.8304,26.291491018958965,26.291491018958965,0.6002623520310266,16.857438810844293,0.11936683859334558,3.0,10
A13F12,22.80000000000001,-13.449999999999989,38.68452532990422,30.30000000000001,24.05000000000001,0,0.11454784576352367,4.402570666770193,0.9168,26.47154132271108,26.47154132271108,0.6043730895596138,16.698677861143246,0.10402915931225805,3.0,10
A13F12,-3.6999999999999886,-26.69999999999999,11.449017425089384,3.8000000000000114,10.800000000000011,1,0.11313905790234885,4.348423989615224,1.0,26.95514793133214,26.95514793133214,0.615414336331784,15.821969796699788,0.21274157525885215,3.0,10
A13F12,10.550000000000011,11.050000000000011,51.79676630833243,18.05000000000001,48.55000000000001,0,0.13932259096267954,5.3547899665639935,0.856,15.277597978739998,15.277597978739998,0.3488036068205479,15.696734991052564,0.3511254425988884,3.0,10
A13F12,-0.19999999999998863,24.05000000000001,61.98138833553183,7.300000000000011,61.55000000000001,0,0.10665211229427018,4.0990988957216805,0.984,24.050831586454564,24.050831586454564,0.549105743982981,14.977801612318798,0.5925018680042708,3.0,10
A13F12,6.550000000000011,-27.44999999999999,17.27440302875907,14.050000000000011,10.050000000000011,1,0.08896700944891317,3.4193760424616584,0.896,28.220648468807365,28.220648468807365,0.6443070426668348,13.962295896015757,0.003148908154923175,3.0,10
A13F12,-0.6999999999999886,-1.4499999999999886,36.97083309853865,-8.199999999999989,36.05000000000001,0,0.7010019923833283,26.583986636883967,0.9472,1.6101242188104468,1.6101242188104468,0.036760826913480524,35.69306114244208,0.6001224457706389,3.0,11
A13F12,9.800000000000011,-11.949999999999989,25.653313626118567,2.3000000000000114,25.55000000000001,0,0.27632278834161117,10.478337361755361,0.9312,15.454530080206254,15.454530080206254,0.3528431525161245,23.92610307288296,0.33095904098504497,3.0,11
A13F12,-8.949999999999989,10.300000000000011,50.55138474859022,-16.44999999999999,47.80000000000001,0,0.2566549543952454,9.732494348104394,0.8944,13.645237264335128,13.645237264335128,0.3115350973592495,22.49533852172283,0.42691613128157163,3.0,11
A13F12,-11.199999999999989,-12.949999999999989,30.860857084663092,-18.69999999999999,24.55000000000001,0,0.21483446501830283,8.146592308924694,0.9888,17.121404732088997,17.121404732088997,0.39089965141755706,21.782929032606862,0.19870192963289438,3.0,11
A13F12,-0.6999999999999886,23.55000000000001,61.59823455262335,-8.199999999999989,61.05000000000001,0,0.13600062810772626,5.157132238251652,0.9936,23.560401100151086,23.560401100151086,0.5379087009166915,18.076569442342322,0.4958455859974011,3.0,11
A13F12,-0.9499999999999886,-14.449999999999989,24.550050916444153,-8.449999999999989,23.05000000000001,0,0.16911736436190525,6.412945054307213,0.8608,14.48119470209553,14.48119470209553,0.330620883609487,18.01461676365905,0.12318319069528141,3.0,11
A13F12,9.800000000000011,11.300000000000011,48.85417075337582,2.3000000000000114,48.80000000000001,0,0.15923526832921178,6.038206972585754,0.88,14.95760676044134,14.95760676044134,0.341497871242953,17.121759492311245,0.3460773984066856,3.0,11
A13F12,22.80000000000001,-13.949999999999989,28.08366963201214,15.300000000000011,23.55000000000001,0,0.11037231294848869,4.185294064355813,0.8832,26.729057222431173,26.729057222431173,0.6102524480007118,16.092379330289084,0.08526961182438716,3.0,11
A13F12,-21.69999999999999,15.050000000000011,60.11773864675884,-29.19999999999999,52.55000000000001,0,0.11047046626774526,4.189016072979869,0.84,26.40819001749268,26.40819001749268,0.6029267127281434,16.014752256987947,0.1228417372797088,3.0,11
A13F12,-4.699999999999989,-25.69999999999999,16.972919607421698,-12.199999999999989,11.800000000000011,1,0.11302885107320304,4.286030965961188,1.0,26.126232028365656,26.126232028365656,0.596489315716111,15.706700463813979,0.11817819648224523,3.0,11
A13F12,-0.9499999999999886,-1.6999999999999886,39.74345858125585,6.550000000000011,-39.19999999999999,0,0.7585753631433048,28.783340601525907,0.9392,1.9474342094150292,1.9474342094150292,0.044461968251484685,36.92270123492472,0.5667619531146773,3.0,12
A13F12,9.800000000000011,-10.699999999999989,51.21064342497563,17.30000000000001,-48.19999999999999,0,0.2499555925399543,9.483641833193085,0.912,14.509651959988563,14.509651959988563,0.3312705926938028,22.66087389324566,0.20601733456010263,3.0,12
A13F12,-11.949999999999989,-13.199999999999989,50.894916249071464,-4.449999999999989,-50.69999999999999,0,0.19786648223700679,7.507259494008293,1.0,17.80568729367107,17.80568729367107,0.40652254095139434,20.43733318295856,0.34268838776326355,3.0,12
A13F12,-6.449999999999989,13.300000000000011,24.222768215049236,1.0500000000000114,-24.19999999999999,0,0.1999934758410953,7.587962041580731,0.9632,14.781491805633156,14.781491805633156,0.3374769818637707,19.251767587085986,0.045954134452727655,3.0,12
A13F12,-0.9499999999999886,24.30000000000001,14.735755834024932,6.550000000000011,-13.199999999999989,1,0.14545523070805497,5.51868275451125,0.976,24.318562868722335,24.318562868722335,0.5552183303361264,18.686301552647844,0.2813579422945694,3.0,12
A13F12,23.05000000000001,-12.449999999999989,58.55172926566729,30.55000000000001,-49.94999999999999,0,0.12322856071303141,4.675371690830254,0.9424,26.197423537439715,26.197423537439715,0.59811469263561,17.13537905149708,0.1692792150638359,3.0,12
A13F12,8.050000000000011,12.800000000000011,29.187197535906044,15.550000000000011,-24.69999999999999,0,0.14543626182236843,5.517963046174383,0.8656,15.120929204251981,15.120929204251981,0.34522669416100416,15.907890232444128,0.2731210629505396,3.0,12
A13F12,-21.44999999999999,15.800000000000011,25.797141314494503,-13.949999999999989,-21.69999999999999,0,0.1036169379128985,3.9312834418903475,0.7904,26.640992849366555,26.640992849366555,0.6082418458759488,15.556790242584164,0.10799026639022646,3.0,12
A13F12,-6.699999999999989,-26.44999999999999,63.95500371354847,0.8000000000000114,-63.94999999999999,0,0.1010190085394504,3.832715216661881,1.0,27.28538986344156,27.28538986344156,0.6229541064712685,14.672218398298911,0.07061158068442927,3.0,12
A13F12,-16.94999999999999,-23.44999999999999,61.67823765316255,-9.449999999999989,-60.94999999999999,0,0.09421695111664023,3.5746381981134636,1.0,28.93449498436078,28.93449498436078,0.6606049083187393,13.768580982221012,0.03784030734244666,3.0,12
A13F12,-0.9499999999999886,-1.6999999999999886,39.74345858125585,6.550000000000011,-39.19999999999999,0,0.7694486936540438,29.271885968967688,0.9344,1.9474342094150292,1.9474342094150292,0.044461968251484685,37.180869638918374,0.5911574645509817,3.0,13
A13F12,9.550000000000011,-10.699999999999989,51.12672979958722,17.05000000000001,-48.19999999999999,0,0.2642784322387521,10.053162644953872,0.8944,14.341983823725363,14.341983823725363,0.3274425530530905,23.31240898324223,0.23175002189884336,3.0,13
A13F12,-11.199999999999989,-13.699999999999989,51.3335173156876,-3.6999999999999886,-51.19999999999999,0,0.18583445648463862,7.069074564950846,1.0,17.695479648769044,17.695479648769044,0.40400638467509237,19.813234717306386,0.3580849736809981,3.0,13
A13F12,-0.9499999999999886,24.55000000000001,14.512236216379605,6.550000000000011,-12.949999999999989,1,0.15002207750545696,5.706756811385179,0.984,24.568373979569763,24.568373979569763,0.5609217803554741,19.04042290121034,0.2895966813178543,3.0,13
A13F12,-4.949999999999989,13.300000000000011,24.333978301954645,2.5500000000000114,-24.19999999999999,0,0.18529399989399106,7.04851527270422,0.936,14.191282535415894,14.191282535415894,0.3240018843702259,18.28527646910073,0.29434521694051746,3.0,13
A13F12,23.05000000000001,-12.199999999999989,58.338602143006476,30.55000000000001,-49.69999999999999,0,0.12377175847156584,4.708192273427571,0.952,26.079541790453302,26.079541790453302,0.5954233285491621,17.195409381998598,0.17583489963892096,3.0,13
A13F12,-21.69999999999999,15.550000000000011,26.14273321594357,-14.199999999999989,-21.94999999999999,0,0.10273407828316902,3.9079221773586075,0.808,26.69630124193237,26.69630124193237,0.609504594564666,15.0842759589523,0.10762859410699965,3.0,13
A13F12,8.050000000000011,12.800000000000011,29.187197535906044,15.550000000000011,-24.69999999999999,0,0.13440365187793926,5.112629606252849,0.872,15.120929204251981,15.120929204251981,0.34522669416100416,14.907578099194597,0.2285324715232439,3.0,13
A13F12,-4.949999999999989,-26.69999999999999,64.25062256507714,2.5500000000000114,-64.19999999999999,0,0.09669558679196984,3.678219748124972,1.0,27.154971920442108,27.154971920442108,0.6199765278639751,13.97963178719686,0.14355835474388323,3.0,13
A13F12,-16.19999999999999,-3.4499999999999886,41.86397616089517,-8.699999999999989,-40.94999999999999,0,0.12927093634420747,4.917380908320011,0.9824,16.56328771711702,16.56328771711702,0.3781572538154571,13.856370421943083,0.12852800637796502,3.0,13
A13F12,-0.19999999999998863,-1.9499999999999886,11.941210156428868,7.300000000000011,-9.449999999999989,0,0.7784350286703229,30.93988731771405,0.9376,1.9602295783912536,1.9602295783912536,0.044754099963270635,36.10326118080402,0.48433456528336977,3.0,14
A13F12,-7.199999999999989,9.550000000000011,2.071834935510079,0.30000000000001137,2.0500000000000114,1,0.27531656002073185,10.942017944743274,0.8368,11.96003762535888,11.96003762535888,0.2730602197570521,23.620832851884444,0.1715621300863804,3.0,14
A13F12,11.800000000000011,-11.199999999999989,26.873406929527935,19.30000000000001,-18.69999999999999,0,0.24347591170335234,9.676518026689028,0.9232,16.2689889052762,16.2689889052762,0.3714381028601872,22.471152639829373,0.1833575905826422,3.0,14
A13F12,-4.199999999999989,-14.199999999999989,21.949487465542326,3.3000000000000114,-21.69999999999999,0,0.22716201436543565,9.02813005189016,1.0,14.808105888330202,14.808105888330202,0.33808460932260737,21.704576802487054,0.5967984593081415,3.0,14
A13F12,-14.449999999999989,-12.199999999999989,20.890009573956625,-6.949999999999989,-19.69999999999999,0,0.1599423775496751,6.3565499697114145,0.9696,18.911438337683343,18.911438337683343,0.4317679985772453,18.131659899564497,0.11539395742389842,3.0,14
A13F12,24.05000000000001,-11.699999999999989,36.93294599676555,31.55000000000001,-19.19999999999999,0,0.10976715357204822,4.362417250680554,1.0,26.744952794873285,26.744952794873285,0.6106153606135454,16.30287468803361,0.17384741955927172,3.0,14
A13F12,0.5500000000000114,22.55000000000001,17.06765947633127,8.050000000000011,15.050000000000011,1,0.11625088522686136,4.620101015137665,0.9824,22.55670631985088,22.55670631985088,0.5149932949737643,16.21768875737533,0.44688504019543873,3.0,14
A13F12,-8.449999999999989,-24.44999999999999,31.96412051034721,-0.9499999999999886,-31.94999999999999,0,0.10719037409303651,4.260008111811258,1.0,25.868996888167104,25.868996888167104,0.5906163673097513,14.937646672988965,0.0283116481354477,3.0,14
A13F12,-19.69999999999999,15.050000000000011,14.34721227277271,-12.199999999999989,7.550000000000011,1,0.10091251189544015,4.010506882772963,0.9136,24.790976180860646,24.790976180860646,0.5660040223940788,14.74510436756576,0.09865834251943939,3.0,14
A13F12,12.800000000000011,9.800000000000011,20.42988007796425,20.30000000000001,2.3000000000000114,0,0.12527539495490098,4.978764038781341,0.8224,16.120794025109326,16.120794025109326,0.36805465810751886,13.810067070155048,0.2452640720217148,3.0,14
A13F12,0.30000000000001137,-1.9499999999999886,25.48808545183414,-7.199999999999989,-24.44999999999999,0,0.7341342180659617,28.937826637331337,0.9296,1.9729419656948763,1.9729419656948763,0.04504433711632138,36.515431207472446,0.5204104025738541,3.0,15
A13F12,11.300000000000011,-12.199999999999989,34.90744906176903,3.8000000000000114,-34.69999999999999,0,0.27508856545074983,10.842631246318533,0.9184,16.629191201017566,16.629191201017566,0.3796618995666111,24.34748808532786,0.29636439740814324,3.0,15
A13F12,-7.699999999999989,9.800000000000011,19.807321878537728,-15.199999999999989,-12.699999999999989,1,0.2615631262279107,10.309505510890723,0.8912,12.4631456703354,12.4631456703354,0.2845467048021781,22.889728603481846,0.24673834806207762,3.0,15
A13F12,-4.199999999999989,-13.699999999999989,38.04379055772438,-11.699999999999989,-36.19999999999999,0,0.2316096047589681,9.128849240707433,1.0,14.329340529138094,14.329340529138094,0.3271538933593172,22.434470386136788,0.8530068066933576,3.0,15
A13F12,-14.449999999999989,-12.449999999999989,41.27111580754752,-21.94999999999999,-34.94999999999999,0,0.15565625512717984,6.135096043305001,0.9808,19.073672955149444,19.073672955149444,0.4354719852773846,17.621834964828167,0.01731718074899257,3.0,15
A13F12,-19.94999999999999,14.550000000000011,28.578051018220247,-27.44999999999999,-7.949999999999989,0,0.12028074805604301,4.74076827931514,0.8336,24.69220524781049,24.69220524781049,0.5637489782605135,16.7393574426832,0.10727055049800738,3.0,15
A13F12,12.050000000000011,10.050000000000011,13.255376267763953,4.550000000000011,-12.449999999999989,1,0.1532273674424697,6.039360839775715,0.8304,15.69092094174209,15.69092094174209,0.3582402041493628,16.694788759523835,0.31219545936195103,3.0,15
A13F12,0.05000000000001137,22.80000000000001,7.456037821792472,-7.449999999999989,0.30000000000001137,1,0.12382585627083678,4.8804983041393255,0.9904,22.8000548244955,22.8000548244955,0.52054919690629,16.687262605278274,0.46966654524870566,3.0,15
A13F12,24.05000000000001,-13.199999999999989,39.349618803744455,16.55000000000001,-35.69999999999999,0,0.11175848167296853,4.404864723831532,0.9376,27.43433068255904,27.43433068255904,0.6263545817935854,16.460275505831277,0.09456196042411201,3.0,15
A13F12,-4.449999999999989,-26.69999999999999,50.63045032389105,-11.949999999999989,-49.19999999999999,0,0.11335428251156648,4.467762857323591,1.0,27.068293259827065,27.068293259827065,0.6179975630097504,15.9839811025725,0.11080816976711313,3.0,15
A13F12,-0.19999999999998863,-1.9499999999999886,33.092181856142396,22.30000000000001,-24.44999999999999,0,0.7706844749400424,30.487807390499363,0.9312,1.9602295783912536,1.9602295783912536,0.044754099963270635,37.351189011100125,0.5464109218548958,3.0,16
A13F12,12.300000000000011,-10.449999999999989,47.92434141435853,34.80000000000001,-32.94999999999999,0,0.25427055163045276,10.05804796529738,0.9376,16.13978004806757,16.13978004806757,0.36848812895131444,22.991582874079253,0.3004575537719721,3.0,16
A13F12,-8.199999999999989,8.800000000000011,19.803535037967336,14.300000000000011,-13.699999999999989,1,0.24534247033109616,9.704872155939752,0.8352,12.028299963003915,12.028299963003915,0.27461872061652776,22.805541531693912,0.1694028423448861,3.0,16
A13F12,-7.449999999999989,-15.199999999999989,40.59301048210146,15.050000000000011,-37.69999999999999,0,0.2086216015152164,8.252282533414048,1.0,16.927566275161926,16.927566275161926,0.3864741158712769,21.28885653111364,0.312451896591576,3.0,16
A13F12,24.05000000000001,-12.199999999999989,58.06024887993506,46.55000000000001,-34.69999999999999,0,0.12542265341723183,4.961187623163374,0.9664,26.96743406407069,26.96743406407069,0.6156948416454496,17.747926868474238,0.1402146209020895,3.0,16
A13F12,-20.44999999999999,14.050000000000011,8.695113570276115,2.0500000000000114,-8.449999999999989,1,0.12231173752606758,4.838130855833523,0.8288,24.811388514148092,24.811388514148092,0.5664700574006414,16.950967996683232,0.10179262290654545,3.0,16
A13F12,-2.6999999999999886,-27.19999999999999,53.49887849291795,19.80000000000001,-49.69999999999999,0,0.11723938530534933,4.637486877860393,1.0,27.33367885960467,27.33367885960467,0.6240565949681433,16.284936693736675,0.18768370021289774,3.0,16
A13F12,11.800000000000011,10.300000000000011,36.40508206281096,34.30000000000001,-12.199999999999989,0,0.13276477121899455,5.251616120353465,0.8288,15.663013758533205,15.663013758533205,0.3576030538477901,15.139061424377765,0.2793622721575985,3.0,16
A13F12,4.300000000000011,24.55000000000001,26.878290496235074,26.80000000000001,2.0500000000000114,0,0.102192958694189,4.042306159426812,0.9904,24.923733668934933,24.923733668934933,0.5690350152724871,14.552756117956102,0.22133146872485396,3.0,16
A13F12,7.550000000000011,-27.94999999999999,58.72141857959496,30.05000000000001,-50.44999999999999,0,0.0886280117536221,3.5057294575671145,0.984,28.951770239486212,28.951770239486212,0.6609993205362149,13.851925016106092,0.03787286260147943,3.0,16
A2F11,-1.25,-2.0,5.640257086339239,-1.25,5.5,0,0.9304944348412617,38.988383732889716,0.9984,2.358495283014151,2.358495283014151,0.04862876872194125,38.5321233245127,0.8755908599981446,2.0,17
A2F11,-9.75,12.25,22.02555334151676,-9.75,19.75,0,0.25297775833955777,10.599064126448432,0.9216,15.656468311851176,15.656468311851176,0.32281377962579744,24.004012125341212,0.12386393724467587,2.0,17
A2F11,7.75,-15.5,11.138334704972731,7.75,-8.0,1,0.2515447810296958,10.539024503024642,0.9488,17.329526825623372,17.329526825623372,0.35730983145615197,23.26466384292178,0.11009537380637335,2.0,17
A2F11,-2.5,-17.5,10.307764064044152,-2.5,-10.0,1,0.1835534191039308,7.690311683960709,0.9296,17.67766952966369,17.67766952966369,0.3644880315394575,19.577235587827314,0.017525438569997116,2.0,17
A2F11,-17.5,-7.0,17.507141400011598,-17.5,0.5,1,0.15128580689529217,6.338374880159474,0.9792,18.848076824970764,18.848076824970764,0.38862014072104667,17.600704539031106,0.2164052852086331,2.0,17
A2F11,23.25,-15.25,24.50765186630494,23.25,-7.75,0,0.11836739460159508,4.9591821707823005,0.9696,27.805125426798565,27.805125426798565,0.573301555191723,16.348170032916926,0.12654312453060038,2.0,17
A2F11,0.5,14.75,22.25561726845607,0.5,22.25,0,0.13938266038539254,5.8396638467826065,0.792,14.758472143145442,14.758472143145442,0.3042983947040297,16.240428352857492,0.04432558338006846,2.0,17
A2F11,-12.75,-17.25,16.050700919274522,-12.75,-9.75,1,0.1287885395599538,5.3957988327264035,0.9968,21.450524469112636,21.450524469112636,0.44227885503325026,15.782136022800037,0.273674153201405,2.0,17
A2F11,-1.75,26.5,34.04500697606038,-1.75,34.0,0,0.11027341757625547,4.62006807350308,0.9984,26.557720158176227,26.557720158176227,0.5475818589314686,15.216298334494835,0.2684396991163692,2.0,17
A2F11,-2.25,-29.0,21.617411963507564,-2.25,-21.5,0,0.10374377293874673,4.346495446794172,0.9952,29.0871535217869,29.0871535217869,0.5997351241605546,14.902525596732264,0.12319845476099323,2.0,17
A2F11,0.0,-2.0,15.976545308670458,-15.0,5.5,0,0.9204189623786261,38.17561102725695,0.984,2.0,2.0,0.041237113402061855,38.34001089339358,0.7479137396800302,2.0,18
A2F11,-9.0,13.0,31.56342820417326,-24.0,20.5,0,0.25134699721947673,10.424102751427318,0.9328,15.811388300841896,15.811388300841896,0.3260080062029257,23.739945431097603,0.19322533174043666,2.0,18
A2F11,7.75,-15.5,10.796411440844592,-7.25,-8.0,1,0.257198678606136,10.66679688762646,0.9552,17.329526825623372,17.329526825623372,0.35730983145615197,23.458164047003205,0.14222496735998416,2.0,18
A2F11,-2.5,-17.5,20.155644370746373,-17.5,-10.0,0,0.19283206357776814,7.9972584307671895,0.9216,17.67766952966369,17.67766952966369,0.3644880315394575,20.04688166105999,0.011492553810048375,2.0,18
A2F11,-17.5,-7.0,32.50384592629001,-32.5,0.5,0,0.1556894016615754,6.456824213172603,0.9728,18.848076824970764,18.848076824970764,0.38862014072104667,17.90182820794385,0.19981922424732937,2.0,18
A2F11,-1.5,26.5,37.79219496139381,-16.5,34.0,0,0.12194148791106027,5.057194010205265,0.992,26.542418879973994,26.542418879973994,0.5472663686592576,16.4013301775515,0.28576251140321385,2.0,18
A2F11,-12.75,-17.25,29.413007326691368,-27.75,-9.75,0,0.13487999085796692,5.593792321388801,0.9888,21.450524469112636,21.450524469112636,0.44227885503325026,16.241501371608067,0.28928462328473054,2.0,18
A2F11,-2.25,-29.0,27.56469662448691,-17.25,-21.5,0,0.1119228699050619,4.641693201072546,0.9808,29.0871535217869,29.0871535217869,0.5997351241605546,15.835548710321017,0.11557128204807303,2.0,18
A2F11,1.25,14.5,25.94344811315566,-13.75,22.0,0,0.13790168487596452,5.71911122970872,0.8192,14.553779577827884,14.553779577827884,0.3000779294397502,15.612351416295141,0.11607816860206248,2.0,18
A2F11,23.5,-15.25,11.502717070327341,8.5,-7.75,1,0.10968217368016989,4.5487652442172575,0.9904,28.014505171428603,28.014505171428603,0.5776186633284248,15.42196069248896,0.15669058585713216,2.0,18
A2F11,-1.5,-2.0,11.236102527122116,6.0,-9.5,0,0.9075157225398185,34.33484310578257,1.0,2.5,2.5,0.05154639175257732,37.52371813014514,0.6549953792790951,2.0,19
A2F11,8.75,-15.5,28.161365378830624,16.25,-23.0,0,0.26784151837222814,10.1327630104668,0.9856,17.79922751132756,17.79922751132756,0.36699438167685694,22.998972471505212,0.25295573673542276,2.0,19
A2F11,-10.75,12.5,5.963430220938282,-3.25,5.0,1,0.243821674010124,9.224039086299907,0.9568,16.486737093797547,16.486737093797547,0.3399327235834546,22.68549189123487,0.10810074665909059,2.0,19
A2F11,-15.25,-14.75,23.561090806666826,-7.75,-22.25,0,0.1644305963378775,6.220533311071067,0.9952,21.216149509277127,21.216149509277127,0.43744638163457994,18.4327205100659,0.26108135849509906,2.0,19
A2F11,-1.5,-17.75,25.953082668538627,6.0,-25.25,0,0.17288630818361703,6.540425414693541,0.9424,17.81326752732356,17.81326752732356,0.3672838665427538,17.79825220645605,0.011898020642634687,2.0,19
A2F11,-18.0,-4.5,15.945218719101975,-10.5,-12.0,1,0.14618622295382902,5.530323693784635,0.9952,18.553975315279473,18.553975315279473,0.382556192067618,16.5442443370141,0.04882562222486721,2.0,19
A2F11,25.25,-14.75,39.59324437325135,32.75,-22.25,0,0.1193632853438796,4.5155803399453465,0.9584,29.242520411209426,29.242520411209426,0.6029385651795758,16.354051292819786,0.11404706249536048,2.0,19
A2F11,-0.5,15.5,10.63014581273465,7.0,8.0,1,0.1481557610133981,5.604833879431688,0.8912,15.508062419270823,15.508062419270823,0.31975386431486236,15.912007979860556,0.05716963732397918,2.0,19
A2F11,-2.5,28.75,21.830311495716227,5.0,21.25,0,0.11418263973874555,4.319591106892862,0.9888,28.858490951537988,28.858490951537988,0.5950204319904739,15.59422156691497,0.17421557181250721,2.0,19
A2F11,-3.5,-30.75,38.45858161711116,4.0,-38.25,0,0.09993604842234034,3.780628846010909,0.9952,30.948546007849867,30.948546007849867,0.6381143506773168,14.128414702666038,0.1357297532526819,2.0,19
A14F12,0.6500000000000057,2.1500000000000057,37.41717520070162,28.150000000000006,24.650000000000006,0,0.8884382401426243,35.59307408779866,0.9216,2.2461077445216273,2.2461077445216273,0.04947373886611514,38.64123432976877,0.6613220826136771,3.0,20
A14F12,-5.099999999999994,15.900000000000006,44.455820766239384,22.400000000000006,38.400000000000006,0,0.26906764082363127,10.778630379619933,0.864,16.6979040600909,16.6979040600909,0.36779524361433696,24.04137739441488,0.27465559060306066,3.0,20
A14F12,8.400000000000006,-11.349999999999994,37.59165465897984,35.900000000000006,11.150000000000006,0,0.2874056796391155,11.51326563826779,0.8784,14.120286824282289,14.120286824282289,0.31101953357449974,23.989863663074512,0.11377513980021771,3.0,20
A14F12,24.900000000000006,-10.349999999999994,53.79017103523655,52.400000000000006,12.150000000000006,0,0.13539833500379753,5.42384951758948,0.9104,26.965394489975484,26.965394489975484,0.5939514204840415,19.057064524553937,0.10164857268926715,3.0,20
A14F12,-14.099999999999994,4.150000000000006,29.829222249331284,13.400000000000006,26.650000000000006,0,0.19610077526535483,7.855560196096878,0.9008,14.698044087564845,14.698044087564845,0.3237454644838072,18.872536975521644,0.2864951346286077,3.0,20
A14F12,-1.3499999999999943,28.900000000000006,57.66959770971184,26.150000000000006,51.400000000000006,0,0.12152575631017584,4.868126229378831,0.9888,28.931513959694545,28.931513959694545,0.63725801673336,16.849721849707947,0.2336155306278933,3.0,20
A14F12,2.9000000000000057,-25.849999999999994,30.584023607105724,30.400000000000006,-3.3499999999999943,0,0.11110896870504472,4.450840251433773,0.976,26.012160617680337,26.012160617680337,0.5729550796845889,16.36028576647107,0.07448221782162107,3.0,20
A14F12,14.650000000000006,-1.0999999999999943,47.271370828441185,42.150000000000006,21.400000000000006,0,0.14615935338176506,5.854927866061162,0.76,14.691238885812188,14.691238885812188,0.32359557017207463,15.608323933035521,0.12077719538238384,3.0,20
A14F12,-22.349999999999994,15.150000000000006,38.00059210065023,5.150000000000006,37.650000000000006,0,0.10408225858434324,4.169358009221358,0.984,27.000833320473646,27.000833320473646,0.5947320114641772,15.026462976979197,0.11383629391045622,3.0,20
A14F12,-24.349999999999994,1.4000000000000057,24.106689942835377,3.1500000000000057,23.900000000000006,0,0.10428552704327082,4.177500711587981,1.0,24.390213201200183,24.390213201200183,0.5372293656652023,14.557046465357391,0.41353788305357536,3.0,20
A14F12,0.9000000000000057,1.6500000000000057,32.400347220361695,-21.599999999999994,24.150000000000006,0,0.8779326559178526,34.74242660447366,0.9456,1.879494612921258,1.879494612921258,0.04139855975597485,38.02577760133482,0.6941703884119059,3.0,21
A14F12,12.150000000000006,-9.099999999999994,16.931701036812573,-10.349999999999994,13.400000000000006,1,0.2660739630078451,10.528489084017433,0.9184,15.180003293807287,15.180003293807287,0.3343613060309975,23.792399979861685,0.19239506256177355,3.0,21
A14F12,-5.099999999999994,16.150000000000006,47.49297316445876,-27.599999999999994,38.650000000000006,0,0.2397554896791771,9.487039653610237,0.8592,16.936130018395588,16.936130018395588,0.373042511418405,22.301713761631227,0.292484910770937,3.0,21
A14F12,-13.599999999999994,5.650000000000006,45.77807881508353,-36.099999999999994,28.150000000000006,0,0.23685708633503347,9.372347256063419,0.9024,14.726931112760727,14.726931112760727,0.3243817425718222,20.9212450471382,0.2462723106708634,3.0,21
A14F12,1.9000000000000057,-14.349999999999994,22.153611443735308,-20.599999999999994,8.150000000000006,0,0.2249815379359207,8.902422167859294,0.8416,14.475237476463032,14.475237476463032,0.3188378298780404,20.74813499584538,0.017930619538964104,3.0,21
A14F12,25.150000000000006,-9.849999999999994,12.92458896831927,2.6500000000000057,12.650000000000006,1,0.12434666022711086,4.920277851502721,0.9104,27.010090706993196,27.010090706993196,0.5949359186562378,17.82913302660301,0.09729509009576091,3.0,21
A14F12,-1.0999999999999943,28.650000000000006,56.33189593826929,-23.599999999999994,51.150000000000006,0,0.12860444638594062,5.088757234050243,0.9744,28.67110915189715,28.67110915189715,0.6315222280153557,17.589505016461892,0.25433821030593573,3.0,21
A14F12,-0.3499999999999943,-25.599999999999994,23.059325662299834,-22.849999999999994,-3.0999999999999943,0,0.12031324255493771,4.760676841547292,0.9632,25.602392466330166,25.602392466330166,0.563929349478638,17.452226694712635,0.0697607213070568,3.0,21
A14F12,-22.099999999999994,15.900000000000006,58.85337713334724,-44.599999999999994,38.400000000000006,0,0.11234275681535734,4.445287846295294,0.9664,27.22535582871232,27.22535582871232,0.5996774411610644,15.951837665634034,0.12374013766678693,3.0,21
A14F12,-23.849999999999994,3.6500000000000057,53.2179011235881,-46.349999999999994,26.150000000000006,0,0.11593144945971587,4.587290924411252,1.0,24.12768119815909,24.12768119815909,0.5314467224264118,15.731961704261757,0.23261253893260925,3.0,21
A14F12,0.15000000000000568,2.4000000000000057,40.626746116320966,7.650000000000006,39.900000000000006,0,0.8492212776522772,34.2547798008577,0.9184,2.4046829312822156,2.4046829312822156,0.052966584389476115,38.121723821580595,0.6266770682921294,3.0,22
A14F12,10.400000000000006,-10.099999999999994,32.72873355325562,17.900000000000006,27.400000000000006,0,0.28473356463344673,11.48433384281697,0.9184,14.497241116847027,14.497241116847027,0.31932249156050724,23.65761598462027,0.10569492581439176,3.0,22
A14F12,-6.349999999999994,15.650000000000006,53.16243974837875,1.1500000000000057,53.150000000000006,0,0.244125523296791,9.846410659263338,0.8976,16.889197731094278,16.889197731094278,0.3720087605967903,23.274333242435922,0.17667147403875927,3.0,22
A14F12,-14.599999999999994,-4.599999999999994,33.657391461609144,-7.099999999999994,32.900000000000006,0,0.18942337979552726,7.640031067239617,0.9488,15.307514494521955,15.307514494521955,0.3371699227868272,19.390210169767784,0.2158976627964288,3.0,22
A14F12,24.150000000000006,-9.599999999999994,42.1916164658336,31.650000000000006,27.900000000000006,0,0.1354741758061239,5.46405284547769,0.96,25.988122286921772,25.988122286921772,0.5724256010335192,18.256825619486186,0.08876922993974165,3.0,22
A14F12,-1.8499999999999943,27.900000000000006,65.6436021254166,5.650000000000006,65.4,0,0.12005532782398272,4.842157431703805,0.9808,27.96126785394397,27.96126785394397,0.6158869571353297,16.784519975828008,0.24016028562091274,3.0,22
A14F12,16.900000000000006,-20.349999999999994,29.82419319948153,24.400000000000006,17.150000000000006,0,0.10696575924419192,4.314211940546295,0.928,26.452457352767812,26.452457352767812,0.5826532456556787,15.491009070104072,0.02236131277525251,3.0,22
A14F12,-22.599999999999994,16.150000000000006,55.73448214525726,-15.099999999999994,53.650000000000006,0,0.10143254161436403,4.091039578420815,0.9392,27.777373885952574,27.777373885952574,0.6118364292060039,15.37169001463469,0.0802983078320161,3.0,22
A14F12,7.400000000000006,16.400000000000006,55.92155219591102,14.900000000000006,53.900000000000006,0,0.12254246104887476,4.942471932610822,0.7376,17.99222054111166,17.99222054111166,0.3963044172051027,14.812039270613822,0.15133107589394418,3.0,22
A14F12,-20.599999999999994,-16.599999999999994,24.666171166194403,-13.099999999999994,20.900000000000006,0,0.09758237751084903,3.935750344521068,1.0,26.456001209555453,26.456001209555453,0.5827313041752302,14.758269771897156,0.20698886412560055,3.0,22
A14F12,0.4000000000000057,1.4000000000000057,36.79157512257391,-7.099999999999994,-36.099999999999994,0,0.8696276704681013,34.27441320893916,0.9376,1.4560219778561108,1.4560219778561108,0.03207096867524473,37.725880570128766,0.5755800852682703,3.0,23
A14F12,9.150000000000006,-12.849999999999994,50.37702849513853,1.6500000000000057,-50.349999999999994,0,0.2856914866858501,11.259016380076503,0.92,15.77482171056142,15.77482171056142,0.347463033272278,24.55233111246145,0.31730864316501134,3.0,23
A14F12,-10.849999999999994,10.900000000000006,32.31536012486941,-18.349999999999994,-26.599999999999994,0,0.2784261406857382,10.972680719895646,0.8752,15.379613129074476,15.379613129074476,0.33875799843776383,23.254919507467736,0.18389087986265193,3.0,23
A14F12,-1.0999999999999943,-14.099999999999994,52.31175776056468,-8.599999999999994,-51.599999999999994,0,0.21613401867123172,8.51769896516244,0.8,14.142842712835344,14.142842712835344,0.31151635931355387,20.400920294776785,0.02770104215615908,3.0,23
A14F12,-11.349999999999994,-12.349999999999994,53.29488718441948,-18.849999999999994,-49.849999999999994,0,0.1784602958188762,7.032967396897729,0.9392,16.773341944883843,16.773341944883843,0.36945687103268376,18.081929342897077,0.16294791561083716,3.0,23
A14F12,-2.0999999999999943,-25.099999999999994,63.33182454343155,-9.599999999999994,-62.599999999999994,0,0.11784901146008969,4.644291385041065,0.9856,25.18769540867127,25.18769540867127,0.5547950530544333,17.32101281021591,0.09534022211007202,3.0,23
A14F12,24.900000000000006,-9.849999999999994,50.445837291098655,17.400000000000006,-47.349999999999994,0,0.11731886201856204,4.623398493036431,0.928,26.77746253848561,26.77746253848561,0.5898119501869078,17.28809638137586,0.09253518981324582,3.0,23
A14F12,-1.8499999999999943,27.900000000000006,13.40083952594015,-9.349999999999994,-9.599999999999994,1,0.12163789529306981,4.7936092560721235,0.992,27.96126785394397,27.96126785394397,0.6158869571353297,16.736024617277153,0.2840464976361048,3.0,23
A14F12,-22.849999999999994,14.150000000000006,38.292884456514884,-30.349999999999994,-23.349999999999994,0,0.1215065911676949,4.788434628714166,0.9776,26.876476703615747,26.876476703615747,0.5919928789342676,16.65800744882732,0.16128173193758658,3.0,23
A14F12,-0.5999999999999943,17.650000000000006,21.43904148976814,-8.099999999999994,-19.849999999999994,0,0.1439792981090288,5.674074948529499,0.8816,17.660195355657883,17.660195355657883,0.3889910871290283,16.036585005786087,0.4716544216386392,3.0,23
A14F12,0.4000000000000057,0.9000000000000057,24.103319273494257,0.4000000000000057,-24.099999999999994,0,0.8701221176038038,37.5505966511409,0.9072,0.984885780179618,0.984885780179618,0.021693519387216257,39.18310849310997,0.6708861674552505,3.0,24
A14F12,8.150000000000006,-12.099999999999994,37.984635051557355,8.150000000000006,-37.099999999999994,0,0.32188660583171824,13.89009044492751,0.8336,14.588779935279028,14.588779935279028,0.32133876509425174,26.84006316701207,0.21273372784207592,3.0,24
A14F12,-5.099999999999994,14.900000000000006,11.314592347937236,-5.099999999999994,-10.099999999999994,1,0.232281105481429,10.023292855740495,0.912,15.74865073585671,15.74865073585671,0.3468865800849496,23.017176930215225,0.28288749952028497,3.0,24
A14F12,-15.349999999999994,-2.8499999999999943,31.800078616255018,-15.349999999999994,-27.849999999999994,0,0.1955222494319858,8.437045855870027,0.8848,15.612334867021005,15.612334867021005,0.34388402790795164,20.21851440013004,0.26788209578141814,3.0,24
A14F12,0.4000000000000057,-25.349999999999994,50.35158885278596,0.4000000000000057,-50.349999999999994,0,0.1216913813500315,5.251089303089012,0.88,25.353155622131137,25.353155622131137,0.5584395511482629,17.745684222882904,0.06268556684494009,3.0,24
A14F12,-1.5999999999999943,26.900000000000006,2.4839484696748446,-1.5999999999999943,1.9000000000000057,1,0.12181365923116427,5.256365793403029,0.992,26.947541631844643,26.947541631844643,0.5935581857234503,17.543187901913313,0.23611283736865257,3.0,24
A14F12,22.150000000000006,-11.599999999999994,42.78063230014254,22.150000000000006,-36.599999999999994,0,0.1179358196972374,5.089030773956429,0.9616,25.003649733588897,25.003649733588897,0.5507411835592269,17.272427726133458,0.12049058900193585,3.0,24
A14F12,-23.099999999999994,7.400000000000006,29.040833321376983,-23.099999999999994,-17.599999999999994,0,0.11690483235918261,5.044542041977659,0.9008,24.256339377573028,24.256339377573028,0.5342806030302429,16.72838761857179,0.04878259969665229,3.0,24
A14F12,10.650000000000006,-22.599999999999994,48.77686439286559,10.650000000000006,-47.599999999999994,0,0.10370510613523413,4.474954181019175,0.8704,24.983644650050557,24.983644650050557,0.5503005429526555,15.650816703361567,0.013702515647328833,3.0,24
A14F12,-2.0999999999999943,-15.099999999999994,40.1549498816771,-2.0999999999999943,-40.099999999999994,0,0.14353837909802628,6.193825907874362,0.8064,15.24532715293443,15.24532715293443,0.3358001575536218,15.536065661691778,0.1882313288482726,3.0,24
A14F12,0.15000000000000568,0.4000000000000057,27.895922641131616,-19.849999999999994,-19.599999999999994,0,0.8616599274651993,36.14507260243225,0.9184,0.4272001872658839,0.4272001872658839,0.009409695754755152,38.462496738705426,0.6327828574401465,3.0,25
A14F12,7.150000000000006,-13.349999999999994,35.73996362617063,-12.849999999999994,-33.349999999999994,0,0.27276487502735614,11.44104419519682,0.8688,15.144140781173421,15.144140781173421,0.3335713828452296,24.577849246270297,0.12001595434922037,3.0,25
A14F12,-10.599999999999994,9.900000000000006,32.223749005973836,-30.599999999999994,-10.099999999999994,0,0.26479743681214307,11.10683984092894,0.8432,14.504137340772804,14.504137340772804,0.3194743907659208,23.512967681738658,0.08688741195580582,3.0,25
A14F12,-3.0999999999999943,-14.849999999999994,41.81067447434924,-23.099999999999994,-34.849999999999994,0,0.21632551233981767,9.073639313820482,0.776,15.17011865477656,15.17011865477656,0.33414358270432953,21.311238051198934,0.016074569545334143,3.0,25
A14F12,-1.5999999999999943,-25.099999999999994,50.00569967513702,-21.599999999999994,-45.099999999999994,0,0.1357914934048466,5.695625350202268,0.832,25.150944316267722,25.150944316267722,0.5539855576270424,19.409311233652428,0.09214643231328074,3.0,25
A14F12,-13.349999999999994,-12.099999999999994,46.288578504853646,-33.349999999999994,-32.099999999999994,0,0.1636611401042414,6.864614050538137,0.9168,18.017560878209895,18.017560878209895,0.39686257440990963,17.93446968251583,0.20890742487600295,3.0,25
A14F12,-22.599999999999994,10.400000000000006,43.66829513502902,-42.599999999999994,-9.599999999999994,0,0.1276056466501989,5.352272816217475,0.896,24.878102821557754,24.878102821557754,0.5479758330739594,17.50251080594547,0.12985861121714604,3.0,25
A14F12,-1.8499999999999943,26.650000000000006,22.83954903232548,-21.849999999999994,6.650000000000006,0,0.12127396558267474,5.086693168377069,1.0,26.714134835326416,26.714134835326416,0.58841706685741,17.308350457140456,0.2860680757022778,3.0,25
A14F12,23.650000000000006,-10.099999999999994,30.32049636796864,3.6500000000000057,-30.099999999999994,0,0.11026522338592741,4.624937323200713,0.9632,25.716385826939213,25.716385826939213,0.5664402164524056,16.715662452077616,0.12466342732318235,3.0,25
A14F12,-13.349999999999994,-22.349999999999994,53.904962665788005,-33.349999999999994,-42.349999999999994,0,0.10393923122102036,4.3595975884521625,0.9904,26.033536064084718,26.033536064084718,0.5734259044952581,15.766078712043965,0.018773332227304627,3.0,25
A14F12,-0.09999999999999432,0.4000000000000057,23.689026995636603,-22.599999999999994,-7.099999999999994,0,0.8605209367980846,36.000574622226075,0.9136,0.41231056256177023,0.41231056256177023,0.009081730452902429,38.6237474554241,0.62105955375267,3.0,26
A14F12,-8.599999999999994,12.150000000000006,31.44570717920015,-31.099999999999994,4.650000000000006,0,0.3228154416859573,13.504220550402145,0.8544,14.885647449808827,14.885647449808827,0.32787769713235304,26.01698930849178,0.21558483713885537,3.0,26
A14F12,10.400000000000006,-9.599999999999994,20.948030933717842,-12.099999999999994,-17.099999999999994,0,0.24677871623122305,10.323293819343291,0.8608,14.153444810363307,14.153444810363307,0.31174988569082174,22.792594200771976,0.05808929935811014,3.0,26
A14F12,-1.8499999999999943,-14.599999999999994,32.88362054275653,-24.349999999999994,-22.099999999999994,0,0.21263102106407722,8.894778371192876,0.8144,14.716742166661744,14.716742166661744,0.3241573164462939,21.209677558562838,0.08404561077913633,3.0,26
A14F12,-12.349999999999994,-11.349999999999994,39.621269540487965,-34.849999999999994,-18.849999999999994,0,0.17767276579637908,7.432368589435943,0.928,16.773341944883843,16.773341944883843,0.36945687103268376,19.01284069957198,0.11129181483651623,3.0,26
A14F12,-2.5999999999999943,-24.849999999999994,40.945482046252664,-25.099999999999994,-32.349999999999994,0,0.13344285924008692,5.582118090098256,0.864,24.985645879184307,24.985645879184307,0.5503446228895222,18.688763505321035,0.11928746267219129,3.0,26
A14F12,-2.0999999999999943,26.650000000000006,31.17503007215871,-24.599999999999994,19.150000000000006,0,0.1306655520415628,5.465936968867335,0.9984,26.73261117062829,26.73261117062829,0.5888240345953367,18.079020419660957,0.23962881650426238,3.0,26
A14F12,24.150000000000006,-9.599999999999994,17.179420828421424,1.6500000000000057,-17.099999999999994,1,0.1250140542744339,5.22952215274937,0.9664,25.988122286921772,25.988122286921772,0.5724256010335192,17.598140070495873,0.17349335767813095,3.0,26
A14F12,-12.849999999999994,-21.599999999999994,45.78681578795362,-35.349999999999994,-29.099999999999994,0,0.113932833685016,4.765970951822985,0.9808,25.133294650721773,25.133294650721773,0.5535967984740479,16.94056596936183,0.0440787394715537,3.0,26
A14F12,-23.099999999999994,-14.849999999999994,50.782698825485824,-45.599999999999994,-22.349999999999994,0,0.09078278799112856,3.7975595885688436,1.0,27.461473012203836,27.461473012203836,0.6048782601807012,14.504398965635888,0.027240690163647236,3.0,26
A13F2,-0.6999999999999886,-1.6999999999999886,24.741261083461374,21.80000000000001,-11.699999999999989,0,0.7998448244229734,26.615172922184204,0.9872,1.8384776310850088,1.8384776310850088,0.04197437513892714,36.31193277144729,0.4322476139938253,2.0,27
A13F2,12.300000000000011,-12.449999999999989,41.41307160788729,34.80000000000001,-22.44999999999999,0,0.2973717883150363,9.89457564027926,0.8928,17.50121424358893,17.50121424358893,0.3995711014518021,26.21904092993093,0.23948930689865808,2.0,27
A13F2,-5.949999999999989,15.800000000000011,17.536889690022015,16.55000000000001,5.800000000000011,1,0.22211811612109808,7.390562161291254,0.976,16.883201710576113,16.883201710576113,0.38546122626886103,21.563736310354166,0.22490503386122362,2.0,27
A13F2,-9.449999999999989,-16.19999999999999,29.270163989974495,13.050000000000011,-26.19999999999999,0,0.1893226081499942,6.2993286229401155,1.0,18.75479938575722,18.75479938575722,0.42819176679811005,18.92821179356259,0.17705916278929104,2.0,27
A13F2,-16.19999999999999,6.550000000000011,7.182791936287732,6.300000000000011,-3.4499999999999886,1,0.16728779261520874,5.56614980484137,0.8704,17.47405219174991,17.47405219174991,0.3989509632819614,17.970024405509875,0.09240503285717884,2.0,27
A13F2,-10.949999999999989,-5.949999999999989,19.692765168964968,11.550000000000011,-15.949999999999989,1,0.17647564066126684,5.871862607048688,0.848,12.462142672911412,12.462142672911412,0.2845238053176122,16.647258679077176,0.4677217931921294,2.0,27
A13F2,2.0500000000000114,-18.19999999999999,37.389069258273864,24.55000000000001,-28.19999999999999,0,0.12159798217169415,4.045895216353311,0.9936,18.315089407371172,18.315089407371172,0.4181527261956889,14.307947081415884,0.4495674353852769,2.0,27
A13F2,4.300000000000011,16.80000000000001,27.649231454056743,26.80000000000001,6.800000000000011,0,0.12203365963570742,4.060391601135748,0.92,17.341568556506086,17.341568556506086,0.39592622275128053,13.853442745211478,0.1465731828466233,2.0,27
A13F2,3.5500000000000114,28.30000000000001,31.835396966270125,26.05000000000001,18.30000000000001,0,0.104148713495612,3.465303398315863,0.7696,28.521789915781948,28.521789915781948,0.6511824181685377,13.813834310769948,0.10345912484303138,2.0,27
A13F2,-21.19999999999999,-3.6999999999999886,13.76154061142864,1.3000000000000114,-13.699999999999989,1,0.11742754332553962,3.907131433835956,0.9536,21.520455385516346,21.520455385516346,0.491334597842839,13.763211577761007,0.10704933748164279,2.0,27
A13F2,-0.6999999999999886,-1.1999999999999886,39.55919614956804,-8.199999999999989,-38.69999999999999,0,0.8040896253228138,26.772855131532637,0.9936,1.3892443989449648,1.3892443989449648,0.03171790865171153,36.30771627619413,0.5096466090764842,2.0,28
A13F2,12.800000000000011,-12.199999999999989,49.98179668639373,5.300000000000011,-49.69999999999999,0,0.2880780512392004,9.591212958211383,0.8976,17.682759965570984,17.682759965570984,0.40371598094910927,25.737507850389463,0.26398244831379314,2.0,28
A13F2,-8.949999999999989,14.300000000000011,28.440156469330457,-16.44999999999999,-23.19999999999999,0,0.19762222401262533,6.5795234110037,0.9488,16.869869590485877,16.869869590485877,0.385156839965431,20.81760840758243,0.14980938028524912,2.0,28
A13F2,-9.199999999999989,-16.19999999999999,56.2368206782709,-16.69999999999999,-53.69999999999999,0,0.20396801912108894,6.79080191767502,1.0,18.63008319895538,18.63008319895538,0.4253443652729539,19.898760182590497,0.30426200025169814,2.0,28
A13F2,-17.44999999999999,4.050000000000011,41.730144979379105,-24.94999999999999,-33.44999999999999,0,0.14802279072297853,4.928158414480806,0.8832,17.913821479516862,17.913821479516862,0.40899135797983704,16.915654903645247,0.014339705600185009,2.0,28
A13F2,1.3000000000000114,17.30000000000001,21.130073355291493,-6.199999999999989,-20.19999999999999,0,0.13367164492375597,4.450354605446909,0.9808,17.348775172904872,17.348775172904872,0.3960907573722574,15.282221355139281,0.06386891758664515,2.0,28
A13F2,-19.44999999999999,-10.449999999999989,55.00459071750283,-26.94999999999999,-47.94999999999999,0,0.129150628622573,4.29983324968716,0.9568,22.07951539323269,22.07951539323269,0.5040985249596505,15.20282990797346,0.10256943563445843,2.0,28
A13F2,2.5500000000000114,-18.19999999999999,55.91951805943967,-4.949999999999989,-55.69999999999999,0,0.12083828495384975,4.0230850076205655,1.0,18.37777189977065,18.37777189977065,0.41958383332809707,14.204496745464368,0.2945660806925481,2.0,28
A13F2,3.0500000000000114,28.05000000000001,10.445333886477716,-4.449999999999989,-9.449999999999989,1,0.09712138127605331,3.2334658026945027,0.8176,28.21533271113422,28.21533271113422,0.6441856783363977,13.130017375300245,0.08426957405988089,2.0,28
A13F2,14.050000000000011,12.050000000000011,26.279364528085523,6.550000000000011,-25.44999999999999,0,0.11034064909407958,3.673581205208548,0.936,18.509592107877488,18.509592107877488,0.42259342712049064,12.78019592479453,0.2535349719976568,2.0,28
A13F2,-0.6999999999999886,-1.1999999999999886,21.833002542023408,21.80000000000001,-1.1999999999999886,0,0.7946425433600365,25.999452227030513,0.9872,1.3892443989449648,1.3892443989449648,0.03171790865171153,36.036710131730985,0.4470635294014184,2.0,29
A13F2,13.050000000000011,-11.699999999999989,37.42582664417716,35.55000000000001,-11.699999999999989,0,0.2881491462834568,9.427223638105547,0.9088,17.5269078847354,17.5269078847354,0.4001577142633653,25.360482672003975,0.2799278706657535,2.0,29
A13F2,-8.699999999999989,14.050000000000011,19.69371727226733,13.800000000000011,14.050000000000011,1,0.2520100400461106,8.244844460516555,0.9312,16.52551058212726,16.52551058212726,0.37729476214902424,23.485970973418603,0.2047841938401403,2.0,29
A13F2,-9.699999999999989,-16.19999999999999,20.64654934849889,12.800000000000011,-16.19999999999999,0,0.20068287812020413,6.565568226912824,1.0,18.882002012498553,18.882002012498553,0.4310959363584145,19.522499954663253,0.23020502821609104,2.0,29
A13F2,1.5500000000000114,17.05000000000001,29.48058683269383,24.05000000000001,17.05000000000001,0,0.14212026419148258,4.6495937403733825,0.9312,17.120309576640267,17.120309576640267,0.3908746478684993,15.996149277017388,0.09995145356965299,2.0,29
A13F2,-10.949999999999989,-5.949999999999989,12.992497835289415,11.550000000000011,-5.949999999999989,1,0.16456027029054032,5.383753186636724,0.8784,12.462142672911412,12.462142672911412,0.2845238053176122,15.44529702149874,0.21033713856812805,2.0,29
A13F2,2.8000000000000114,-18.19999999999999,31.166167553935793,25.30000000000001,-18.19999999999999,0,0.13383950140360737,4.378676780917585,0.984,18.41412501315226,18.41412501315226,0.420413813085668,15.281375800358475,0.1772274673025285,2.0,29
A13F2,-18.94999999999999,4.300000000000011,5.576064920712471,3.5500000000000114,4.300000000000011,1,0.1196693583650351,3.9150815768666956,0.8864,19.431739500106513,19.431739500106513,0.443647020550377,14.115902123069375,0.0650857987265739,2.0,29
A13F2,2.5500000000000114,27.80000000000001,37.42115043661808,25.05000000000001,27.80000000000001,0,0.104117543200179,3.406284900471515,0.808,27.916706467633333,27.916706467633333,0.6373677275715374,13.841767991409347,0.06629800974781873,2.0,29
A13F2,-21.19999999999999,-5.949999999999989,6.090361237233789,1.3000000000000114,-5.949999999999989,1,0.10766670371450887,3.522399868489207,1.0,22.01913940189306,22.01913940189306,0.5027200776687913,12.549345486502654,0.5477829490654381,2.0,29
A13F2,-1.1999999999999886,-1.4499999999999886,31.6984621078058,-23.69999999999999,21.05000000000001,0,0.8266278952198096,27.40870070481755,0.9904,1.8821530224718552,1.8821530224718552,0.042971530193421356,36.646426519530856,0.4086224744031122,2.0,30
A13F2,12.550000000000011,-12.449999999999989,14.142312399321407,-9.949999999999989,10.050000000000011,1,0.2808994267098275,9.313243325422919,0.8928,17.677810950454244,17.677810950454244,0.4036029897363983,25.178266323645865,0.22855927621206354,2.0,30
A13F2,-9.199999999999989,13.050000000000011,47.630793610856415,-31.69999999999999,35.55000000000001,0,0.22196059174814875,7.359069682288933,0.9328,15.966918926330154,15.966918926330154,0.36454152799840533,22.035151774199715,0.15578473331998816,2.0,30
A13F2,-8.949999999999989,-16.94999999999999,31.935951528019316,-31.44999999999999,5.550000000000011,0,0.18829082919298462,6.242728730059439,1.0,19.1678115600086,19.1678115600086,0.4376212684933471,18.82239042226321,0.2364158222247715,2.0,30
A13F2,1.0500000000000114,16.30000000000001,44.33443920926485,-21.44999999999999,38.80000000000001,0,0.14662890746797005,4.861415421338833,0.9344,16.33378400738789,16.33378400738789,0.37291744309104774,16.33393967532722,0.018454840914804732,2.0,30
A13F2,-17.69999999999999,2.8000000000000114,47.498736825309365,-40.19999999999999,25.30000000000001,0,0.1362047955649797,4.515803064165033,0.888,17.92010044614705,17.92010044614705,0.40913471338235274,16.04833834362318,0.058283521502579615,2.0,30
A13F2,2.3000000000000114,-18.44999999999999,20.602002329870746,-20.19999999999999,4.050000000000011,0,0.13747098902822188,4.557783775147606,0.984,18.59280774923464,18.59280774923464,0.4244933276080969,15.662112562425175,0.18492844857181265,2.0,30
A13F2,-19.19999999999999,-10.199999999999989,43.476200385958286,-41.69999999999999,12.300000000000011,0,0.1275566082319779,4.229072296875613,0.9952,21.741205118392113,21.741205118392113,0.49637454608201176,14.983383107666148,0.06532133575711378,2.0,30
A13F2,2.8000000000000114,27.80000000000001,54.02018141398639,-19.69999999999999,50.30000000000001,0,0.10295543268532907,3.4134232283940276,0.8112,27.94065138825508,27.94065138825508,0.6379144152569654,13.597531124082495,0.08090718302615449,2.0,30
A13F2,-22.19999999999999,15.800000000000011,58.86408072840346,-44.69999999999999,38.30000000000001,0,0.0859731941304803,2.850381910662153,0.6912,27.248486196484382,27.248486196484382,0.6221115569973603,11.929137720228448,0.07713753048445947,2.0,30
A11F1,-0.6500000000000057,-0.15000000000000568,32.17833121838359,-23.150000000000006,22.349999999999994,0,0.8290641384426506,32.28961605833893,0.8816,0.6670832032063235,0.6670832032063235,0.02015357109384663,39.2640167045897,0.3228377275922329,1.0,31
A11F1,-4.400000000000006,14.599999999999994,45.82597516692907,-26.900000000000006,37.099999999999994,0,0.23798011082858708,9.267287092125844,0.7888,15.248606493709511,15.248606493709511,0.4606829756407707,23.17022451620939,0.24297334191371883,1.0,31
A11F1,11.349999999999994,-7.650000000000006,18.570002692514613,-11.150000000000006,14.849999999999994,1,0.24132632829836126,9.397601295289569,0.824,13.687402967692591,13.687402967692591,0.41351670597258583,23.14455684019853,0.16549172804988055,1.0,31
A11F1,-7.400000000000006,-10.400000000000006,32.25554215944913,-29.900000000000006,12.099999999999994,0,0.12789256838233012,4.9801860715825566,1.0,12.764011908487088,12.764011908487088,0.3856196951204558,14.586710758372172,0.8719295390291646,1.0,31
A11F1,10.599999999999994,13.349999999999994,37.77343643355738,-11.900000000000006,35.849999999999994,0,0.10540281072800715,4.104403632914495,0.9584,17.046480575180315,17.046480575180315,0.5149994131474415,12.27465092808263,0.24522549068093813,1.0,31
A11F1,-14.650000000000006,5.349999999999994,46.43000107688993,-37.150000000000006,27.849999999999994,0,0.10006567928151897,3.896569726867454,0.7632,15.596313667017604,15.596313667017604,0.47118772407908166,12.072240075111642,0.012080287727319464,1.0,31
A11F1,-17.650000000000006,-4.900000000000006,43.83813978717619,-40.150000000000006,17.599999999999994,0,0.08203817216900575,3.1945623199405726,0.7408,18.317546233052074,18.317546233052074,0.5534001883097303,9.205739459330248,0.09577416040421975,1.0,31
A11F1,15.099999999999994,2.5999999999999943,26.168110363570385,-7.400000000000006,25.099999999999994,0,0.06535008900153554,2.544718809091978,0.7024,15.322206107476815,15.322206107476815,0.46290652892679196,5.873764325640699,0.44197578577412516,1.0,31
A11F1,4.099999999999994,25.349999999999994,51.26580244178374,-18.400000000000006,47.849999999999994,0,0.056236702007567516,2.189840542647173,0.5984,25.679417828291975,25.679417828291975,0.7758132274408451,3.7587588572579693,0.14869958650408424,1.0,31
A11F1,10.849999999999994,-20.150000000000006,11.88465397056221,-11.650000000000006,2.3499999999999943,1,0.04866294258414955,1.894917080486601,0.5504,22.885475743361773,22.885475743361773,0.6914041010079085,0.6772607416609701,0.08774471483066282,1.0,31
A11F1,-0.6500000000000057,-0.15000000000000568,38.228850361997544,-8.150000000000006,37.349999999999994,0,0.8208420861230142,31.801631540144882,0.8784,0.6670832032063235,0.6670832032063235,0.02015357109384663,39.28099632218745,0.31460702449733285,1.0,32
A11F1,10.849999999999994,-8.400000000000006,29.292191792353123,3.3499999999999943,29.099999999999994,0,0.24527548954182143,9.501301733537163,0.8176,13.72160704873886,13.72160704873886,0.41455006189543386,23.600923667888125,0.16760249534114122,1.0,32
A11F1,-4.400000000000006,15.099999999999994,53.929305576838274,-11.900000000000006,52.599999999999994,0,0.1980528501334363,7.671937664234096,0.8112,15.728000508646986,15.728000508646986,0.47516617850897236,20.850998431350362,0.16695919277388305,1.0,32
A11F1,-7.400000000000006,-10.400000000000006,30.92604080706096,-14.900000000000006,27.099999999999994,0,0.12977996777080666,5.027179776334678,1.0,12.764011908487088,12.764011908487088,0.3856196951204558,14.92957110763368,0.9122682862419378,1.0,32
A11F1,12.099999999999994,12.099999999999994,49.81284974783112,4.599999999999994,49.599999999999994,0,0.11449241984628072,4.434982120191031,0.968,17.11198410471444,17.11198410471444,0.5169783717436387,13.248985413924295,0.5235802052193033,1.0,32
A11F1,-14.650000000000006,5.349999999999994,48.23634521810291,-22.150000000000006,42.849999999999994,0,0.10463804570535938,4.053253042508244,0.784,15.596313667017604,15.596313667017604,0.47118772407908166,12.678974815433936,9.836055235958242e-05,1.0,32
A11F1,-17.650000000000006,-4.900000000000006,41.17380842234539,-25.150000000000006,32.599999999999994,0,0.0839216661201366,3.250768223449929,0.7328,18.317546233052074,18.317546233052074,0.5534001883097303,9.575436800679785,0.11885335970150243,1.0,32
A11F1,15.099999999999994,1.8499999999999943,40.07720673899317,7.599999999999994,39.349999999999994,0,0.06794126858058144,2.6317453931544916,0.72,15.212905705354247,15.212905705354247,0.4596044019744485,6.589904364584346,0.45245782582016414,1.0,32
A11F1,4.099999999999994,25.349999999999994,62.94189781059989,-3.4000000000000057,62.849999999999994,0,0.05416592432464243,2.0981422189226797,0.6208,25.679417828291975,25.679417828291975,0.7758132274408451,3.32961951598226,0.1561176564907455,1.0,32
A11F1,-16.650000000000006,17.599999999999994,60.16005734704713,-24.150000000000006,55.099999999999994,0,0.053853225695985045,2.086029533694934,0.5872,24.227721725329438,24.227721725329438,0.7319553391338198,1.965712482679056,0.16793680902247943,1.0,32
A11F1,-0.6500000000000057,0.09999999999999432,23.61530224240206,6.849999999999994,22.599999999999994,0,0.8236326466311259,31.873022076056166,0.8816,0.6576473218983,0.6576473218983,0.019868499151006042,39.09676284276375,0.3016219238016116,1.0,33
A11F1,11.349999999999994,-7.400000000000006,24.15227732533724,18.849999999999994,15.099999999999994,0,0.24264611226074176,9.388618652682817,0.832,13.549261972520863,13.549261972520863,0.40934326200969373,23.22192852839506,0.15621644177814858,1.0,33
A11F1,-4.900000000000006,14.849999999999994,37.440385948865426,2.5999999999999943,37.349999999999994,0,0.19296712380975697,7.4663172906055735,0.8096,15.637534971983273,15.637534971983273,0.4724330807245702,20.557163263884014,0.1340113684737673,1.0,33
A11F1,-6.650000000000006,-10.150000000000006,12.379216453394774,0.8499999999999943,12.349999999999994,1,0.13859664127554727,5.362534325597361,1.0,12.13445507635181,12.13445507635181,0.36659985124929934,15.699250781411205,0.819959081113404,1.0,33
A11F1,11.099999999999994,13.099999999999994,40.16615490683667,18.599999999999994,35.599999999999994,0,0.11854201174878848,4.5865650338768145,0.9408,17.17032323516362,17.17032323516362,0.5187408832375716,13.755407047747614,0.26940771932662066,1.0,33
A11F1,-14.650000000000006,4.599999999999994,28.027352711235498,-7.150000000000006,27.099999999999994,0,0.114040423302187,4.412387119153039,0.7712,15.355210841925945,15.355210841925945,0.4639036508134727,13.722301930787204,0.01400673593303675,1.0,33
A11F1,-16.900000000000006,-5.650000000000006,19.29462360348084,-9.400000000000006,16.849999999999994,1,0.09576591636540624,3.7053038463606947,0.7904,17.819441629860354,17.819441629860354,0.538351710871914,11.131418915359516,0.04084325397176719,1.0,33
A11F1,15.349999999999994,2.8499999999999943,34.128360640382354,22.849999999999994,25.349999999999994,0,0.06095547396367034,2.358424060663415,0.6864,15.612334867021005,15.612334867021005,0.4716717482483687,5.31641757121465,0.4174875480886678,1.0,33
A11F1,4.349999999999994,25.099999999999994,49.05285414733784,11.849999999999994,47.599999999999994,0,0.05676640527770219,2.196342855506452,0.64,25.474153567881302,25.474153567881302,0.7696118902683172,4.093344378017619,0.16615981499099625,1.0,33
A11F1,-16.400000000000006,17.849999999999994,41.31988020311772,-8.900000000000006,40.349999999999994,0,0.05281020220249836,2.0432718650329407,0.5904,24.24010107239654,24.24010107239654,0.7323293375346387,1.7170978664754275,0.15975412696863078,1.0,33
A11F1,-0.6500000000000057,0.09999999999999432,23.06908103934788,21.849999999999994,-7.400000000000006,0,0.8296267994977923,32.486506987876574,0.8768,0.6576473218983,0.6576473218983,0.019868499151006042,39.45025730906885,0.31238921655685997,1.0,34
A11F1,10.599999999999994,-8.400000000000006,36.72083877037669,33.099999999999994,-15.900000000000006,0,0.24059717717127466,9.419933909254981,0.8256,13.52479205015737,13.52479205015737,0.4086039894307362,23.39478452222717,0.16635704423886333,1.0,34
A11F1,-4.650000000000006,14.849999999999994,19.30401512639274,17.849999999999994,7.349999999999994,1,0.19825500458272838,7.762059452246858,0.8016,15.561008964716905,15.561008964716905,0.47012111675881885,20.965663810007186,0.13614114179181397,1.0,34
A11F1,-7.150000000000006,-10.150000000000006,23.39113079780454,15.349999999999994,-17.650000000000006,0,0.1306770507404163,5.116169359194003,1.0,12.41551448793002,12.41551448793002,0.3750910721429009,15.05885372176274,0.8694957878295163,1.0,34
A11F1,-14.400000000000006,4.599999999999994,8.603487664894972,8.099999999999994,-2.9000000000000057,1,0.11132272284519157,4.35840256199818,0.7776,15.11687798455753,15.11687798455753,0.45670326237333925,13.395502196703994,0.005675783411657833,1.0,34
A11F1,10.849999999999994,13.099999999999994,33.816896664241675,33.349999999999994,5.599999999999994,0,0.11344609591693848,4.441537187096293,0.9568,17.00977660053182,17.00977660053182,0.5138905317381214,13.331205913750887,0.27389844601993674,1.0,34
A11F1,-17.400000000000006,-5.650000000000006,14.104343302685173,5.099999999999994,-13.150000000000006,1,0.08491292015395574,3.324409210246301,0.7408,18.294329722621715,18.294329722621715,0.5526987831607768,9.694416630204818,0.05472444227114303,1.0,34
A11F1,15.349999999999994,1.8499999999999943,38.269374178316525,37.849999999999994,-5.650000000000006,0,0.06725638687236096,2.633130278849734,0.6928,15.461080169250783,15.461080169250783,0.46710211991694206,6.594256554054942,0.4280529257202565,1.0,34
A11F1,4.099999999999994,25.099999999999994,31.8954542215658,26.599999999999994,17.599999999999994,0,0.05627568662808104,2.2032229379097608,0.6288,25.43265617272407,25.43265617272407,0.768358192529428,4.06546039645374,0.14979076644245795,1.0,34
A11F1,-16.400000000000006,17.599999999999994,11.799152511939145,6.099999999999994,10.099999999999994,1,0.05176128021531493,2.0264792860281022,0.5856,24.05659992600783,24.05659992600783,0.726785496254013,1.5496818844418583,0.15323962349207135,1.0,34
A11F1,0.09999999999999432,0.3499999999999943,38.56659824252068,-7.400000000000006,37.849999999999994,0,0.8082396905537468,31.79267502513942,0.8752,0.36400549446401886,0.36400549446401886,0.010997144847855553,39.30701910212731,0.3227696057626993,1.0,35
A11F1,12.099999999999994,-7.400000000000006,30.44946633358292,4.599999999999994,30.099999999999994,0,0.24659504377071637,9.69864306604698,0.8208,14.183441049336368,14.183441049336368,0.4285027507352377,23.863288840337816,0.1767646271626449,1.0,35
A11F1,-4.400000000000006,15.099999999999994,53.929305576838274,-11.900000000000006,52.599999999999994,0,0.1947577283294623,7.659770744285996,0.8016,15.728000508646986,15.728000508646986,0.47516617850897236,20.69513666116581,0.1836437426232134,1.0,35
A11F1,12.849999999999994,13.099999999999994,50.88204496676602,5.349999999999994,50.599999999999994,0,0.11702324865114819,4.602405514402785,0.9616,18.35027247754103,18.35027247754103,0.554388896602448,13.993556819748974,0.42419858785582654,1.0,35
A11F1,-5.900000000000006,-9.900000000000006,30.68093870793395,-13.400000000000006,27.599999999999994,0,0.11811271146259397,4.645254230495215,1.0,11.524755962709154,11.524755962709154,0.3481799384504276,13.75528944361766,0.6255191723375151,1.0,35
A11F1,-13.900000000000006,4.849999999999994,47.449789251376025,-21.400000000000006,42.349999999999994,0,0.11237286644871602,4.419505628266654,0.7712,14.721837521179213,14.721837521179213,0.4447685051715774,13.723048645808634,0.027254056138149345,1.0,35
A11F1,-16.150000000000006,-5.400000000000006,39.87144968520708,-23.650000000000006,32.099999999999994,0,0.08849342717375253,3.4803320825635526,0.7664,17.02887254048254,17.02887254048254,0.5144674483529468,10.29244432256381,0.008553170044559855,1.0,35
A11F1,16.099999999999994,2.8499999999999943,41.25630254882276,8.599999999999994,40.349999999999994,0,0.058061011366810675,2.283447346251735,0.7616,16.350305807537662,16.350305807537662,0.49396694282591125,4.795222624806792,0.6017160549289358,1.0,35
A11F1,5.349999999999994,25.849999999999994,63.3864733204175,-2.1500000000000057,63.349999999999994,0,0.05509857493986728,2.1669378416175893,0.5968,26.39782187984455,26.39782187984455,0.7975172773366933,3.920919506450651,0.15862229885355913,1.0,35
A11F1,-15.900000000000006,17.599999999999994,59.86292675771875,-23.400000000000006,55.099999999999994,0,0.05368162829014653,2.111210882501533,0.5952,23.71855813492886,23.71855813492886,0.7165727533211136,2.1404344869851797,0.15411355630543916,1.0,35
A11F1,0.3499999999999943,0.8499999999999943,10.28809992175426,7.849999999999994,-6.650000000000006,0,0.8034173882497451,31.60980866245904,0.8736,0.9192388155425044,0.9192388155425044,0.027771565424244846,39.1540224559684,0.27184136873722875,1.0,36
A11F1,12.349999999999994,-7.150000000000006,24.67073164703471,19.849999999999994,-14.650000000000006,0,0.24638047881536762,9.692306787722469,0.8192,14.270423960065095,14.270423960065095,0.431130633234595,23.894931778561514,0.19320204089209608,1.0,36
A11F1,-4.150000000000006,15.349999999999994,8.534928236370817,3.3499999999999943,7.849999999999994,1,0.1856988389739764,7.305055735227215,0.8112,15.901100590839613,15.901100590839613,0.4803957882428886,20.338953295530054,0.12790232456669068,1.0,36
A11F1,-13.650000000000006,5.099999999999994,6.6017043253996235,-6.150000000000006,-2.4000000000000057,1,0.1167676962346147,4.593351283827164,0.7632,14.571633401921698,14.571633401921698,0.44023061637225674,14.25955273789383,0.01340632093186174,1.0,36
A11F1,-10.150000000000006,-12.400000000000006,20.075669353722684,-2.6500000000000057,-19.900000000000006,0,0.11669083932465238,4.590327836618554,0.9824,16.0244344674001,16.0244344674001,0.48412188723263133,13.4983520085561,0.24411502403985016,1.0,36
A11F1,2.0999999999999943,-13.650000000000006,23.22676258112611,9.599999999999994,-21.150000000000006,0,0.1151287817776984,4.5288786237922425,0.7584,13.810593759864206,13.810593759864206,0.417238482171124,13.262690375020803,0.10870034817783693,1.0,36
A11F1,11.599999999999994,13.599999999999994,20.050436404228204,19.099999999999994,6.099999999999994,0,0.10179770216999341,4.0044540691317,0.9968,17.875122377203454,17.875122377203454,0.5400339086768414,12.180487632418469,0.4309346829300781,1.0,36
A11F1,16.349999999999994,3.0999999999999943,24.252474100594352,23.849999999999994,-4.400000000000006,0,0.055921601362380155,2.199783894088026,0.7328,16.64128901257351,16.64128901257351,0.50275797621068,4.452612618547781,0.6055729980303896,1.0,36
A11F1,-15.400000000000006,18.349999999999994,13.421344940057235,-7.900000000000006,10.849999999999994,1,0.05811738834191788,2.286160644372734,0.6016,23.955844798295047,23.955844798295047,0.7237415346916932,3.3096981136576575,0.15898953339800034,1.0,36
A11F1,5.099999999999994,25.599999999999994,22.053797858872283,12.599999999999994,18.099999999999994,0,0.04771527166234433,1.8769683040687328,0.7728,26.103064954139,26.103064954139,0.7886122342640182,2.1597247280447096,0.2392823022021712,1.0,36
A11F1,0.09999999999999432,0.5999999999999943,29.040833321376983,17.599999999999994,23.099999999999994,0,0.7951274006242633,31.74008283416329,0.872,0.6082762530298154,0.6082762530298154,0.01837692607340832,39.235289379190654,0.2947282791744791,1.0,37
A11F1,12.599999999999994,-6.400000000000006,34.135318952662494,30.099999999999994,16.099999999999994,0,0.24935329393832198,9.952381539122543,0.8192,14.132232661543608,14.132232661543608,0.4269556695330395,24.195168130293588,0.17819479264771662,1.0,37
A11F1,-4.150000000000006,15.349999999999994,40.13533356034305,13.349999999999994,37.849999999999994,0,0.1893965665413029,7.559228631814021,0.8016,15.901100590839613,15.901100590839613,0.4803957882428886,20.57473255341836,0.12514157227751613,1.0,37
A11F1,-13.400000000000006,5.099999999999994,27.90286723618201,4.099999999999994,27.599999999999994,0,0.12015591207167067,4.795600367956311,0.7632,14.337712509323099,14.337712509323099,0.4331635199191268,14.557477969899914,0.007805413773376994,1.0,37
A11F1,2.3499999999999943,-13.650000000000006,21.73349948811741,19.849999999999994,8.849999999999994,0,0.1173130741292239,4.682135159269639,0.7232,13.850812250550511,13.850812250550511,0.41845354231270426,14.098099803524946,0.08905720476430545,1.0,37
A11F1,12.349999999999994,13.099999999999994,46.458395366176816,29.849999999999994,35.599999999999994,0,0.10254794918729619,4.092822429759576,0.984,18.003680179341103,18.003680179341103,0.5439178301915741,12.411915829007752,0.4536323287122846,1.0,37
A11F1,-7.900000000000006,-9.650000000000006,16.0400280548383,9.599999999999994,12.849999999999994,1,0.10530448525014352,4.202842284455226,1.0,12.471266976534508,12.471266976534508,0.376775437357538,12.302063704266395,0.5740561099478363,1.0,37
A11F1,-15.650000000000006,17.849999999999994,40.39238789673123,1.8499999999999943,40.349999999999994,0,0.05684590717003983,2.268768318472086,0.6064,23.739102763162723,23.739102763162723,0.7171934369535565,3.0713618422753193,0.1390828215352751,1.0,37
A11F1,5.099999999999994,25.849999999999994,53.37117667805347,22.599999999999994,48.349999999999994,0,0.04873399714528235,1.945011161055069,0.7168,26.348292164768473,26.348292164768473,0.7960209113223103,2.4236757212517235,0.1873702401112437,1.0,37
A11F1,-18.150000000000006,-5.150000000000006,17.36217152317071,-0.6500000000000057,17.349999999999994,1,0.04585709351227458,1.830190413089662,0.6224,18.866504710730077,18.866504710730077,0.5699850365779479,1.8057572428261723,0.08433022511449952,1.0,37
A11F1,0.3499999999999943,0.5999999999999943,38.765093834531086,-7.150000000000006,38.099999999999994,0,0.8074032003112056,32.106987397194914,0.8672,0.6946221994724824,0.6946221994724824,0.02098556493874569,39.29684877653404,0.2839878389178028,1.0,38
A11F1,11.849999999999994,-7.650000000000006,30.16529462809869,4.349999999999994,29.849999999999994,0,0.24025035881869594,9.552380548051937,0.8256,14.104786421637158,14.104786421637158,0.4261264779950803,23.6289279873264,0.1632852195781071,1.0,38
A11F1,-3.4000000000000057,15.349999999999994,53.96232482019283,-10.900000000000006,52.849999999999994,0,0.19048145440630204,7.573469327932412,0.8,15.722038671877126,15.722038671877126,0.47498606259447507,20.700669840794205,0.15212812260519665,1.0,38
A11F1,-13.400000000000006,5.099999999999994,47.45071126969542,-20.900000000000006,42.599999999999994,0,0.11930639789333011,4.743492150949471,0.768,14.337712509323099,14.337712509323099,0.4331635199191268,14.514511998071152,0.007920962564760064,1.0,38
A11F1,-6.150000000000006,-9.650000000000006,31.015238190283174,-13.650000000000006,27.849999999999994,0,0.12000768155793118,4.771375259623744,1.0,11.443120203860492,11.443120203860492,0.3457136013250904,14.053867829406217,0.8236145481400594,1.0,38
A11F1,11.849999999999994,13.599999999999994,51.28481744142217,4.349999999999994,51.099999999999994,0,0.11390679493271871,4.528803724066181,0.9728,18.038361899019538,18.038361899019538,0.5449656162845782,13.796272561153582,0.3643007222849785,1.0,38
A11F1,-16.400000000000006,-5.150000000000006,40.221045486163085,-23.900000000000006,32.349999999999994,0,0.08689011383776138,3.454628113354592,0.728,17.189604416623446,17.189604416623446,0.5193233962726116,10.171664588289893,0.06724111682576098,1.0,38
A11F1,16.099999999999994,2.5999999999999943,41.01182756230207,8.599999999999994,40.099999999999994,0,0.0632871680584567,2.516193518265278,0.7312,16.30858669535775,16.30858669535775,0.4927065466875453,6.054595746004589,0.5085701652109886,1.0,38
A11F1,5.099999999999994,25.599999999999994,63.14562534332841,-2.4000000000000057,63.099999999999994,0,0.05645417418790992,2.244521111099617,0.6752,26.103064954139,26.103064954139,0.7886122342640182,4.5006132988578695,0.18985770494495363,1.0,38
A11F1,11.599999999999994,-19.650000000000006,18.314816406396208,4.099999999999994,17.849999999999994,1,0.05208971196710598,2.0709953236865952,0.5536,22.818468397331145,22.818468397331145,0.6893797098891584,2.0665155714866263,0.09066144397607472,1.0,38
A11F1,0.8499999999999943,-0.6500000000000057,21.86652693044782,0.8499999999999943,21.849999999999994,0,0.8111885390839679,32.6575006067724,0.8592,1.0700467279516337,1.0700467279516337,0.03232769570850857,39.210577622067525,0.23913920499568378,1.0,39
A11F1,12.349999999999994,-8.650000000000006,18.556535236945493,12.349999999999994,13.849999999999994,1,0.2194425614576729,8.833178722586693,0.8272,15.07796405354516,15.07796405354516,0.45552761491072985,22.624985428327168,0.13724865845283105,1.0,39
A11F1,-3.4000000000000057,13.849999999999994,36.50866335542839,-3.4000000000000057,36.349999999999994,0,0.18249692480215846,7.34594457787234,0.8224,14.261223650164101,14.261223650164101,0.43085267825269186,20.038550755219966,0.17462464919142104,1.0,39
A11F1,-4.400000000000006,-10.900000000000006,12.406449935416655,-4.400000000000006,11.599999999999994,1,0.15384467121468784,6.192576901670764,0.9392,11.754573577973817,11.754573577973817,0.35512306882096123,17.612524578228832,0.6299081078166466,1.0,39
A11F1,12.349999999999994,10.849999999999994,35.56325350695574,12.349999999999994,33.349999999999994,0,0.12286510200522396,4.945544275807818,0.9632,16.439130147304017,16.439130147304017,0.49665045762247784,14.639159511724456,0.37573352767492846,1.0,39
A11F1,-13.150000000000006,3.5999999999999943,29.225545332807734,-13.150000000000006,26.099999999999994,0,0.1123721662278992,4.523172487488705,0.7888,13.633873257442293,13.633873257442293,0.41189949418254657,13.651617626476785,0.029723524893269605,1.0,39
A11F1,-14.650000000000006,-9.150000000000006,19.820317858197935,-14.650000000000006,13.349999999999994,1,0.09946665440099349,4.003690430455114,0.8496,17.27266626783486,17.27266626783486,0.5218328177593613,11.74759236634105,0.0007322319754678494,1.0,39
A11F1,6.849999999999994,23.349999999999994,46.3588718585774,6.849999999999994,45.849999999999994,0,0.04707288773229134,1.8947332118965239,0.7104,24.334029670401893,24.334029670401893,0.735167059528758,2.135798655537897,0.22044415641635126,1.0,39
A11F1,-14.650000000000006,17.349999999999994,42.45756705229351,-14.650000000000006,39.849999999999994,0,0.052307275921312874,2.105425625010195,0.6112,22.707818036966916,22.707818036966916,0.6860367986999069,2.0388357801923602,0.16066425944893403,1.0,39
A11F1,49.099999999999994,-41.150000000000006,52.52268557490182,49.099999999999994,-18.650000000000006,0,0.06355930042789136,2.558339316548391,0.5075,64.06350365067462,64.06350365067462,1.9354532824977226,1.3742944348440194,0.6518900348143706,1.0,39
A11F1,0.3499999999999943,-1.1500000000000057,22.515439147393945,-7.150000000000006,21.349999999999994,0,0.8080806367033919,32.28369919290815,0.8784,1.2020815280171346,1.2020815280171346,0.03631666247785905,39.21283969437505,0.2914626927228232,1.0,40
A11F1,12.099999999999994,-9.400000000000006,13.88416364063748,4.599999999999994,13.099999999999994,1,0.22186592033410368,8.862480753749217,0.824,15.32220610747682,15.32220610747682,0.4629065289267921,22.744352076647747,0.161119480219324,1.0,40
A11F1,-3.9000000000000057,13.349999999999994,37.61891146750527,-11.400000000000006,35.849999999999994,0,0.2039323110470013,8.146082311391533,0.7664,13.90800129421909,13.90800129421909,0.42018130798244985,21.662155850026753,0.13544105531508607,1.0,40
A11F1,-5.400000000000006,-11.400000000000006,17.0182255244194,-12.900000000000006,11.099999999999994,1,0.1268835535690241,5.0682693899355185,1.0,12.61427762497719,12.61427762497719,0.3810960007545979,14.87086317454586,0.5541054239499044,1.0,40
A11F1,-13.150000000000006,3.0999999999999943,32.89046214330227,-20.650000000000006,25.599999999999994,0,0.11307349119289493,4.516621046226961,0.784,13.51045891152481,13.51045891152481,0.4081709640944051,13.594803837935281,0.02453099989485172,1.0,40
A11F1,12.599999999999994,11.349999999999994,34.23203908621278,5.099999999999994,33.849999999999994,0,0.10803058984995527,4.315181332322338,0.9696,16.958257575588352,16.958257575588352,0.5123340657277448,12.82289584541948,0.3408305629211554,1.0,40
A11F1,-15.650000000000006,-7.150000000000006,27.776698867936055,-23.150000000000006,15.349999999999994,0,0.08432972182526648,3.368452194131095,0.7776,17.205958270320206,17.205958270320206,0.5198174704024231,9.636636981629534,0.05330455345393901,1.0,40
A11F1,16.599999999999994,0.8499999999999943,25.060576609487654,9.099999999999994,23.349999999999994,0,0.07036436865272672,2.810612632718959,0.7264,16.62174780220178,16.62174780220178,0.5021676073172744,7.512446128591784,0.4012746043010626,1.0,40
A11F1,-14.150000000000006,17.349999999999994,45.35135058628354,-21.650000000000006,39.849999999999994,0,0.05397352458755695,2.1558929481460156,0.6,22.388501513053527,22.388501513053527,0.6763897738082636,2.529379852241816,0.14829668042481656,1.0,40
A11F1,49.349999999999994,-41.400000000000006,45.91984864957636,41.849999999999994,-18.900000000000006,0,0.06877932709638512,2.7472991292317044,0.576,64.41570072583237,64.41570072583237,1.946093677517594,2.388647131493369,0.6344949256749243,1.0,40
A11F1,0.5999999999999943,-0.9000000000000057,20.491949638821588,-19.400000000000006,6.599999999999994,0,0.8198472008991392,32.97969421420209,0.8736,1.0816653826391984,1.0816653826391984,0.03267871246644104,39.52935492785147,0.2941419867995493,1.0,41
A11F1,12.099999999999994,-9.150000000000006,8.070470866064761,-7.900000000000006,-1.6500000000000057,1,0.22200542660200545,8.929182427800429,0.824,15.170118654776566,15.170118654776566,0.45831174183615003,22.694102458198543,0.1642847398442458,1.0,41
A11F1,-4.400000000000006,13.099999999999994,31.933054974430494,-24.400000000000006,20.599999999999994,0,0.19887203238654522,7.998697625645151,0.7856,13.81918955655504,13.81918955655504,0.41749817391404953,21.19942306993503,0.13486335934958704,1.0,41
A11F1,-5.150000000000006,-11.150000000000006,25.413480674634087,-25.150000000000006,-3.6500000000000057,0,0.12799662085096658,5.147973413249486,1.0,12.281897247575401,12.281897247575401,0.3710542975098308,15.065107520321074,0.6418373853211536,1.0,41
A11F1,-13.650000000000006,2.8499999999999943,35.20575237088394,-33.650000000000006,10.349999999999994,0,0.11017979216702291,4.4313676714267345,0.7648,13.944353696030523,13.944353696030523,0.42127956785590703,13.368417119170072,0.0010681659552549037,1.0,41
A11F1,12.849999999999994,11.349999999999994,20.160481145052064,-7.150000000000006,18.849999999999994,0,0.10462100590134235,4.207790585853181,0.9696,17.144824291896366,17.144824291896366,0.5179705224137875,12.514978576627838,0.3670318812563665,1.0,41
A11F1,-15.400000000000006,-7.400000000000006,35.40014124265608,-35.400000000000006,0.09999999999999432,0,0.08580623595826832,3.451056053088958,0.7984,17.085666507338843,17.085666507338843,0.5161832781673367,9.934746443743807,0.011436691623424781,1.0,41
A11F1,16.599999999999994,1.0999999999999943,9.24770241735751,-3.4000000000000057,8.599999999999994,1,0.06729537529240405,2.706551844384141,0.7376,16.63640586184407,16.63640586184407,0.5026104489983103,6.916421006514034,0.3989624614390962,1.0,41
A11F1,-14.650000000000006,17.099999999999994,42.49449964407159,-34.650000000000006,24.599999999999994,0,0.05854386130044072,2.3545696085222296,0.6,22.51738217466675,22.51738217466675,0.6802834493857024,3.356627914059736,0.1629151720265995,1.0,41
A11F1,6.099999999999994,23.849999999999994,34.29333025531349,-13.900000000000006,31.349999999999994,0,0.04674584286951786,1.8800607005301129,0.7056,24.617727352458832,24.617727352458832,0.7437379864791188,1.8885479746628504,0.22380138505255598,1.0,41
A11F1,0.5999999999999943,-0.9000000000000057,24.76226968595569,8.099999999999994,-23.400000000000006,0,0.8140868546391613,33.0168335724301,0.8768,1.0816653826391984,1.0816653826391984,0.03267871246644104,39.54819099754859,0.30212057208361565,1.0,42
A11F1,12.099999999999994,-9.150000000000006,37.22744283455419,19.599999999999994,-31.650000000000006,0,0.22028581902432537,8.932757134473189,0.8208,15.170118654776566,15.170118654776566,0.45831174183615003,22.720997510279048,0.16005682756042616,1.0,42
A11F1,-4.150000000000006,13.099999999999994,9.979103166116685,3.3499999999999943,-9.400000000000006,1,0.20086953065242086,8.145371622094192,0.7888,13.74163381843658,13.74163381843658,0.4151551002548815,21.297461412234547,0.13441457748819513,1.0,42
A11F1,-5.150000000000006,-11.150000000000006,33.73195814061201,2.3499999999999943,-33.650000000000006,0,0.12379255340787065,5.019758608364703,1.0,12.281897247575401,12.281897247575401,0.3710542975098308,14.651846419109226,0.4969811117688926,1.0,42
A11F1,-13.400000000000006,2.8499999999999943,20.516639588392643,-5.900000000000006,-19.650000000000006,0,0.11065236049495643,4.4869118925028575,0.7664,13.699726274637758,13.699726274637758,0.41388901131836126,13.486369659484874,0.004779718989104452,1.0,42
A11F1,12.599999999999994,11.599999999999994,22.865257488163127,20.099999999999994,-10.900000000000006,0,0.10331615635355351,4.189423726099817,0.9616,17.126587517658027,17.126587517658027,0.5174195624670098,12.393433293150494,0.3609714437304479,1.0,42
A11F1,-15.400000000000006,-7.400000000000006,30.92604080706097,-7.900000000000006,-29.900000000000006,0,0.08598363905163359,3.4865825436776285,0.7904,17.085666507338843,17.085666507338843,0.5161832781673367,10.018487124743592,0.029823220798463227,1.0,42
A11F1,16.599999999999994,1.0999999999999943,32.22995501082805,24.099999999999994,-21.400000000000006,0,0.07083666942162431,2.872371359652001,0.7216,16.63640586184407,16.63640586184407,0.5026104489983103,7.7116069237014075,0.3682347013663039,1.0,42
A11F1,-14.650000000000006,17.099999999999994,8.960050223073537,-7.150000000000006,-5.400000000000006,1,0.05570498067550483,2.2587845491452554,0.6128,22.51738217466675,22.51738217466675,0.6802834493857024,2.8237787254955684,0.1601098811904479,1.0,42
A11F1,6.099999999999994,23.849999999999994,13.666839429802335,13.599999999999994,1.3499999999999943,1,0.048869222797378965,1.9815975493306375,0.6896,24.617727352458832,24.617727352458832,0.7437379864791188,2.45863001152547,0.21321032380865532,1.0,42
A11F1,-1.1500000000000057,-0.6500000000000057,11.884653970562214,-8.650000000000006,-8.150000000000006,0,0.8104937192861865,31.757559488743752,0.8624,1.3209844813622984,1.3209844813622984,0.03990889671789421,39.259659009630454,0.3127051260996449,1.0,43
A11F1,10.849999999999994,-8.150000000000006,16.004530608549572,3.3499999999999943,-15.650000000000006,1,0.22503993945551407,8.816465126023319,0.8208,13.570003684597879,13.570003684597879,0.4099698998367939,22.974517727423276,0.12295106790299487,1.0,43
A11F1,-5.400000000000006,14.099999999999994,14.49034161087999,-12.900000000000006,6.599999999999994,1,0.19273120839158017,7.550635107743671,0.8112,15.09867543859394,15.09867543859394,0.45615333651341206,20.7798814851397,0.1594246070623884,1.0,43
A11F1,-7.900000000000006,-10.900000000000006,23.99416595758228,-15.400000000000006,-18.400000000000006,0,0.15179198956541456,5.946698453274356,1.0,13.46179779969972,13.46179779969972,0.40670083987008215,17.129875995962863,0.8146786826249853,1.0,43
A11F1,10.349999999999994,12.099999999999994,5.411330705103867,2.8499999999999943,4.599999999999994,1,0.1153947700785683,4.520737599229361,0.9648,15.922703916106704,15.922703916106704,0.4810484566799608,13.57965159415484,0.38289367258965956,1.0,43
A11F1,-15.150000000000006,3.8499999999999943,22.942210006884697,-22.650000000000006,-3.6500000000000057,0,0.1015781641475264,3.9794408732551636,0.7744,15.631538631881384,15.631538631881384,0.47225192241333486,12.571920349770227,0.02147477337626711,1.0,43
A11F1,-18.150000000000006,-6.400000000000006,29.174175223988772,-25.650000000000006,-13.900000000000006,0,0.08089673076710646,3.1692059141467857,0.7136,19.245324107429322,19.245324107429322,0.5814297313422756,9.421687629700923,0.07951299579030768,1.0,43
A11F1,3.5999999999999943,24.349999999999994,17.295447377850618,-3.9000000000000057,16.849999999999994,1,0.05214996074890478,2.043009566886797,0.7344,24.614680578874054,24.614680578874054,0.7436459389387932,3.329983971463042,0.21762871589966634,1.0,43
A11F1,-16.400000000000006,17.599999999999994,25.94648338407346,-23.900000000000006,10.099999999999994,0,0.05027491660486439,1.9695525505871345,0.5728,24.05659992600783,24.05659992600783,0.726785496254013,1.4232807395805405,0.16473429790137412,1.0,43
A11F1,49.849999999999994,-46.650000000000006,68.74405428835283,42.349999999999994,-54.150000000000006,0,0.058089338319563054,2.2756919788565204,0.8615384615384616,68.27331103732995,68.27331103732995,2.0626377956897266,0.18275331121266142,0.0,1.0,43
A11F1,-1.1500000000000057,-0.4000000000000057,11.714627608251156,-8.650000000000006,-7.900000000000006,0,0.8106110589663627,31.935854144875872,0.8656,1.2175795661885993,1.2175795661885993,0.036784881153734114,39.27123341946702,0.2830412478861389,1.0,44
A11F1,10.849999999999994,-7.900000000000006,15.760155456086089,3.3499999999999943,-15.400000000000006,1,0.24213884322725082,9.538264969546967,0.8224,13.421344940057235,13.421344940057235,0.40547869909538475,23.673475714947113,0.17273324854072356,1.0,44
A11F1,-5.150000000000006,14.349999999999994,14.385583060828646,-12.650000000000006,6.849999999999994,1,0.20293589615363156,7.993916000757563,0.8,15.246147054256033,15.246147054256033,0.4606086723340191,21.410354666228343,0.1515391215992871,1.0,44
A11F1,-12.150000000000006,-12.400000000000006,27.966631903037598,-19.650000000000006,-19.900000000000006,0,0.13567871664144757,5.344476926845839,0.9984,17.36037153980295,17.36037153980295,0.5244825238611164,15.440842640292145,0.35941591674009804,1.0,44
A11F1,-14.650000000000006,4.099999999999994,22.409428819137723,-22.150000000000006,-3.4000000000000057,0,0.10244908781749258,4.035506067393949,0.7888,15.212905705354258,15.212905705354258,0.45960440197444885,12.434427652170816,0.03452737136134458,1.0,44
A11F1,0.5999999999999943,-14.900000000000006,23.43864330544753,-6.900000000000006,-22.400000000000006,0,0.10212499678782096,4.022739683696528,0.776,14.912075643584972,14.912075643584972,0.45051588047084506,12.204564525482775,0.11325898472500075,1.0,44
A11F1,10.599999999999994,12.099999999999994,5.547071299343457,3.0999999999999943,4.599999999999994,1,0.100604668061641,3.962851907639362,0.9728,16.086329600005087,16.086329600005087,0.4859918308158636,11.744024431736781,0.3530538216253956,1.0,44
A11F1,3.3499999999999943,24.599999999999994,17.59637746810405,-4.150000000000006,17.099999999999994,1,0.05181383739957602,2.040939944281944,0.6992,24.827051778251878,24.827051778251878,0.7500619872583648,3.0895208761281943,0.17203271989434582,1.0,44
A11F1,-16.400000000000006,17.599999999999994,25.94648338407346,-23.900000000000006,10.099999999999994,0,0.04998411444834029,1.9688665170031903,0.5728,24.05659992600783,24.05659992600783,0.726785496254013,1.224190237115569,0.16857627865878744,1.0,44
A11F1,49.849999999999994,-46.400000000000006,68.54730118684469,42.349999999999994,-53.900000000000006,0,0.0591689462160924,2.3306609125591797,0.8338461538461538,68.10273489368838,68.10273489368838,2.057484437875782,0.3534788553042507,0.0,1.0,44
A13F1,-0.9499999999999886,-2.6999999999999886,33.15784220964929,21.55000000000001,-25.19999999999999,0,0.8072509837324089,30.79951201473377,0.9984,2.8622543562723277,2.8622543562723277,0.06534827297425407,37.343798444197866,0.505430971123393,1.0,45
A13F1,13.550000000000011,-13.699999999999989,51.088575043741436,36.05000000000001,-36.19999999999999,0,0.2502725097599764,9.548060718812994,0.928,19.26895170994001,19.26895170994001,0.4399304043365299,24.275351553411074,0.21026575243701912,1.0,45
A13F1,-9.199999999999989,13.550000000000011,16.030985621601687,13.300000000000011,-8.949999999999989,1,0.22343219000273135,8.524053453472458,0.9552,16.378110391617223,16.378110391617223,0.373929460995827,22.137880000448938,0.1485230380617909,1.0,45
A13F1,-4.949999999999989,-12.949999999999989,39.556352207957694,17.55000000000001,-35.44999999999999,0,0.19901338452261563,7.592437944352634,1.0,13.863801787388608,13.863801787388608,0.31652515496321026,19.186340611451314,0.7720541142663491,1.0,45
A13F1,-18.94999999999999,3.3000000000000114,19.525432133502186,3.5500000000000114,-19.19999999999999,1,0.1466139598911921,5.593339275053191,0.8656,19.235189107466546,19.235189107466546,0.4391595686636198,17.117898990809437,0.027174879292830835,1.0,45
A13F1,-15.199999999999989,-13.699999999999989,36.928715114393015,7.300000000000011,-36.19999999999999,0,0.14448823501290872,5.512241019165675,1.0,20.462893246068585,20.462893246068585,0.46718934351754765,16.58424583665257,0.11417995642400018,1.0,45
A13F1,1.0500000000000114,17.30000000000001,24.11726559956581,23.55000000000001,-5.199999999999989,0,0.137799606580569,5.257064326776226,0.9856,17.331834871126613,17.331834871126613,0.3957039924914752,15.81408316894892,0.06314627332316443,1.0,45
A13F1,1.8000000000000114,-23.19999999999999,51.75886397516854,24.30000000000001,-45.69999999999999,0,0.09716952534164303,3.7070032855565707,0.7936,23.269722817429507,23.269722817429507,0.5312722104435961,12.29545421599612,0.7907739905850549,1.0,45
A13F1,17.05000000000001,-3.4499999999999886,47.303329692527996,39.55000000000001,-25.94999999999999,0,0.10195104983755518,3.8894203055447316,0.8576,17.395545406798842,17.395545406798842,0.39715857093148044,11.954880988543064,0.47226889678478323,1.0,45
A13F1,-21.69999999999999,16.05000000000001,6.499423051317699,0.8000000000000114,-6.449999999999989,1,0.07843277004312639,2.992191089783486,0.6768,26.99060021563062,26.99060021563062,0.616223749215311,10.471775901171704,0.10036413405955258,1.0,45
A13F1,-0.9499999999999886,-2.6999999999999886,34.42299376870058,-23.44999999999999,-25.19999999999999,0,0.8044262994373121,30.780060785118206,0.9984,2.8622543562723277,2.8622543562723277,0.06534827297425407,37.37163314131126,0.5074733355043863,1.0,46
A13F1,14.050000000000011,-12.949999999999989,36.443174944013855,-8.449999999999989,-35.44999999999999,0,0.26816205500523493,10.2600257768642,0.9312,19.10772095253644,19.10772095253644,0.4362493368159005,25.027548084156855,0.23310835035166316,1.0,46
A13F1,-9.449999999999989,13.300000000000011,33.248195439752806,-31.94999999999999,-9.199999999999989,0,0.20034785411410283,7.665346031056638,0.9568,16.315406829129333,16.315406829129333,0.372497872811172,20.871051062003726,0.13004271688316113,1.0,46
A13F1,-4.699999999999989,-12.949999999999989,44.68268680372744,-27.19999999999999,-35.44999999999999,0,0.19621268530251718,7.507129429349665,1.0,13.776519879853533,13.776519879853533,0.3145324173482542,18.90984820020622,0.6805036511732618,1.0,46
A13F1,-18.94999999999999,3.0500000000000114,45.78651548218098,-41.44999999999999,-19.44999999999999,0,0.15760220854893603,6.029854201226594,0.8816,19.193879232713737,19.193879232713737,0.4382164208382132,18.297592515237252,0.033938333565043145,1.0,46
A13F1,-14.949999999999989,-13.949999999999989,52.259975124372176,-37.44999999999999,-36.44999999999999,0,0.14383469690774414,5.503099318703045,1.0,20.447615997959257,20.447615997959257,0.46684054789861323,16.676808225492238,0.04218943812142081,1.0,46
A13F1,0.8000000000000114,17.55000000000001,22.257414494949753,-21.69999999999999,-4.949999999999989,0,0.13370060890641491,5.115363110679978,0.9952,17.56822415612917,17.56822415612917,0.40110100813080296,15.590032238976496,0.021656075268962235,1.0,46
A13F1,17.05000000000001,-2.6999999999999886,25.782600722192463,-5.449999999999989,-25.19999999999999,0,0.10481137662319014,4.010049918230513,0.8704,17.262459268597866,17.262459268597866,0.39412007462552207,12.2609644340095,0.4851929466534168,1.0,46
A13F1,-4.699999999999989,-23.19999999999999,53.18204584255854,-27.19999999999999,-45.69999999999999,0,0.09768793577434487,3.737505670362941,0.9248,23.671290628100518,23.671290628100518,0.5404404252990986,11.817987815561766,0.42994686623609824,1.0,46
A13F1,-21.69999999999999,16.05000000000001,44.668137413597165,-44.19999999999999,-6.449999999999989,0,0.07478753451640245,2.8613354382381777,0.6816,26.99060021563062,26.99060021563062,0.616223749215311,10.023639905523122,0.10580129792214132,1.0,46
A13F1,-0.9499999999999886,-2.6999999999999886,45.276290704959486,6.550000000000011,44.80000000000001,0,0.7901113579884352,30.63368318616362,0.9984,2.8622543562723277,2.8622543562723277,0.06534827297425407,37.43477624463945,0.5295233014229171,1.0,47
A13F1,13.800000000000011,-13.449999999999989,40.16332282070299,21.30000000000001,34.05000000000001,0,0.2709854834461117,10.505711385816454,0.9344,19.27024909024271,19.27024909024271,0.43996002489138614,25.45745484948167,0.24081609590003883,1.0,47
A13F1,-9.449999999999989,13.550000000000011,61.0811345670658,-1.9499999999999886,61.05000000000001,0,0.2133605257345676,8.271609407057118,0.9568,16.51983656093486,16.51983656093486,0.37716521828618405,21.879119163456146,0.20114414114286933,1.0,47
A13F1,-11.199999999999989,-16.19999999999999,31.517931404202287,-3.6999999999999886,31.30000000000001,0,0.1781140598363514,6.905132423796212,1.0,19.694669329541927,19.694669329541927,0.4496499846927381,19.32436463511844,0.32307239485715267,1.0,47
A13F1,-18.94999999999999,3.3000000000000114,52.074393899497295,-11.449999999999989,50.80000000000001,0,0.14136183775584973,5.480292810999616,0.8656,19.235189107466546,19.235189107466546,0.4391595686636198,16.888640991812153,0.028308646098278552,1.0,47
A13F1,3.5500000000000114,-19.44999999999999,30.148051346645953,11.050000000000011,28.05000000000001,0,0.12860220194665717,4.985620438391582,0.9968,19.771317609102322,19.771317609102322,0.45139994541329503,15.427296526551238,0.3517847348771327,1.0,47
A13F1,0.8000000000000114,17.55000000000001,65.57737795917127,8.300000000000011,65.05000000000001,0,0.12076951670928066,4.6819595885998275,0.9888,17.56822415612917,17.56822415612917,0.40110100813080296,14.53710341066504,0.11154797345688382,1.0,47
A13F1,-21.44999999999999,-6.949999999999989,42.8824556199852,-13.949999999999989,40.55000000000001,0,0.10631964093807969,4.121762443543145,0.9552,22.547838033833738,22.547838033833738,0.514790822690268,13.185913044573521,0.07132631501216338,1.0,47
A13F1,15.050000000000011,11.550000000000011,63.20921610018591,22.55000000000001,59.05000000000001,0,0.09444006835644927,3.6612132809452653,0.9904,18.971162326014728,18.971162326014728,0.4331315599546742,11.576335224163326,0.4993910809092062,1.0,47
A13F1,16.80000000000001,-3.1999999999999886,50.52702247312819,24.30000000000001,44.30000000000001,0,0.09329564241973938,3.6168460745509763,0.824,17.10204666114557,17.10204666114557,0.3904576863275245,11.043806646935735,0.6480172076170857,1.0,47
A13F1,-0.9499999999999886,-2.6999999999999886,35.4110505351084,6.550000000000011,34.80000000000001,0,0.8070722404051385,30.9765172789537,0.9984,2.8622543562723277,2.8622543562723277,0.06534827297425407,37.54119837253541,0.522768447056223,1.0,48
A13F1,13.550000000000011,-13.449999999999989,31.960991849440482,21.05000000000001,24.05000000000001,0,0.26917842202235326,10.330661672407619,0.9344,19.092014037287946,19.092014037287946,0.4358907314449303,25.188663756080288,0.2509787571954624,1.0,48
A13F1,-8.699999999999989,14.050000000000011,51.56396513069957,-1.1999999999999886,51.55000000000001,0,0.2168428833619696,8.322042482092522,0.9632,16.52551058212726,16.52551058212726,0.37729476214902424,21.88178373784946,0.16136235925593187,1.0,48
A13F1,-11.199999999999989,-16.19999999999999,21.618973148602606,-3.6999999999999886,21.30000000000001,0,0.1742453888997878,6.687187379990756,1.0,19.694669329541927,19.694669329541927,0.4496499846927381,18.942416154710543,0.23817092592359956,1.0,48
A13F1,-11.199999999999989,-5.949999999999989,31.766216331190606,-3.6999999999999886,31.55000000000001,0,0.16956714158328218,6.507641455373041,0.8112,12.682369652395392,12.682369652395392,0.28955181854784,17.592846807846712,0.48236718325657607,1.0,48
A13F1,-18.94999999999999,4.300000000000011,43.33984886914121,-11.449999999999989,41.80000000000001,0,0.14153564311478276,5.4318286088970575,0.832,19.431739500106513,19.431739500106513,0.443647020550377,16.899593838972883,0.03443673779143852,1.0,48
A13F1,3.3000000000000114,-19.69999999999999,20.820182516010775,10.800000000000011,17.80000000000001,0,0.1289197850693101,4.947650927977586,0.9968,19.974483722990183,19.974483722990183,0.4560384411641594,15.334315824688305,0.3310725122850392,1.0,48
A13F1,1.5500000000000114,17.55000000000001,55.7889325941983,9.050000000000011,55.05000000000001,0,0.11600784988603301,4.45211199930141,0.9824,17.618314334805145,17.618314334805145,0.40224461951609924,13.817524938094344,0.29723607974985333,1.0,48
A13F1,-21.44999999999999,-8.699999999999989,32.00066405560985,-13.949999999999989,28.80000000000001,0,0.1067381462337085,4.09635704297294,0.9472,23.147192054329167,23.147192054329167,0.528474704436739,13.114790618800265,0.0049271031371249385,1.0,48
A13F1,16.55000000000001,-3.1999999999999886,41.891437072509234,24.05000000000001,34.30000000000001,0,0.09644750878286182,3.701421506847912,0.864,16.85652692579347,16.85652692579347,0.3848522129176592,11.290644203373217,0.56452865132205,1.0,48
A13F1,-1.4499999999999886,-2.9499999999999886,41.42831157553972,-8.949999999999989,-40.44999999999999,0,0.815472057432293,31.115720686906876,1.0,3.287095982778705,3.287095982778705,0.0750478534880983,37.22991787520918,0.5329385220445252,1.0,49
A13F1,13.300000000000011,-13.449999999999989,51.27906492907217,5.800000000000011,-50.94999999999999,0,0.2750065489985622,10.492562611471241,0.9344,18.915403775759057,18.915403775759057,0.43185853369312915,25.131131686123158,0.21602042679161895,1.0,49
A13F1,-10.199999999999989,13.050000000000011,30.184308837540062,-17.69999999999999,-24.44999999999999,0,0.21100398322016772,8.050546603031146,0.9504,16.563287717117035,16.563287717117035,0.37815725381545745,21.335593682881346,0.15976864204276353,1.0,49
A13F1,-5.449999999999989,-13.199999999999989,52.32774120865527,-12.949999999999989,-50.69999999999999,0,0.21370487011593342,8.15359799498004,1.0,14.280843812604337,14.280843812604337,0.3260466623882269,19.757156740715047,0.8682198643602465,1.0,49
A13F1,-15.699999999999989,-13.449999999999989,55.98341272198398,-23.19999999999999,-50.94999999999999,0,0.16262425271208175,6.2046479119432645,1.0,20.6734733414586,20.6734733414586,0.4719971082524795,18.14256549541832,0.21333298011138346,1.0,49
A13F1,-19.44999999999999,2.8000000000000114,43.93623220077023,-26.94999999999999,-34.69999999999999,0,0.14073137200065627,5.369346654651807,0.864,19.650508899262626,19.650508899262626,0.44864175569092757,16.653770967453326,0.030176935369211753,1.0,49
A13F1,0.05000000000001137,16.80000000000001,21.999829544794192,-7.449999999999989,-20.69999999999999,0,0.1444854736714031,5.512580342031752,0.984,16.800074404597154,16.800074404597154,0.3835633425707113,16.30055536846557,0.05348911336706829,1.0,49
A13F1,-10.449999999999989,-23.69999999999999,63.7780722505784,-17.94999999999999,-61.19999999999999,0,0.09988415386511043,3.8108747916087777,1.0,25.901592615126955,25.901592615126955,0.5913605619892,12.122269222298055,0.5045874098870071,1.0,49
A13F1,16.30000000000001,-3.1999999999999886,41.640485107644935,8.800000000000011,-40.69999999999999,0,0.10443679942410984,3.9845741266822476,0.8336,16.6111408398099,16.6111408398099,0.37924979086323973,11.96496466229182,0.5464677881278672,1.0,49
A13F1,3.0500000000000114,27.55000000000001,10.899770639788695,-4.449999999999989,-9.949999999999989,1,0.08055146272556331,3.073267496260693,0.8224,27.718315244617607,27.718315244617607,0.6328382475940093,10.27344990226656,0.11387123567249313,1.0,49
A13F1,-1.9499999999999886,-3.1999999999999886,20.082143809862547,5.550000000000011,19.30000000000001,0,0.8035660419978843,30.88405814940802,1.0,3.747332384510331,3.747332384510331,0.08555553389292993,37.214409220574105,0.57699810792982,1.0,50
A13F1,13.050000000000011,-13.699999999999989,22.354921158438483,20.55000000000001,8.800000000000011,0,0.26811171529538846,10.303775727449079,0.9344,18.920689733727993,18.920689733727993,0.43197921766502273,24.768418915550182,0.21088739365222098,1.0,50
A13F1,-10.199999999999989,12.800000000000011,35.40310720826635,-2.6999999999999886,35.30000000000001,0,0.2184057689868226,8.393473520229103,0.9504,16.367040050051813,16.367040050051813,0.3736767134715026,21.83260489726237,0.14420265433382168,1.0,50
A13F1,-5.199999999999989,-13.449999999999989,9.33769243442941,2.3000000000000114,9.050000000000011,1,0.22061429136129296,8.478351039944645,0.9968,14.420211510237968,14.420211510237968,0.3292285732931043,20.20302527442649,0.47326545528692215,1.0,50
A13F1,-19.44999999999999,2.5500000000000114,27.754369025434542,-11.949999999999989,25.05000000000001,0,0.15056300879076076,5.786178495417743,0.8624,19.616447180873493,19.616447180873493,0.4478640908875227,17.47383596152503,0.03921293748432314,1.0,50
A13F1,-15.449999999999989,-14.949999999999989,10.963804084349555,-7.949999999999989,7.550000000000011,1,0.1507387995558,5.7929343245466525,1.0,21.498953462901383,21.498953462901383,0.4908436863676115,17.082408214774357,0.19175607630304276,1.0,50
A13F1,0.05000000000001137,16.55000000000001,39.773169348192525,7.550000000000011,39.05000000000001,0,0.1410001615157454,5.418668432521656,0.9872,16.550075528528573,16.550075528528573,0.37785560567416837,16.05848475345602,0.045584587496441065,1.0,50
A13F1,16.05000000000001,-3.4499999999999886,30.29034499638459,23.55000000000001,19.05000000000001,0,0.1076562921129111,4.13723682181049,0.8128,16.41660744490165,16.41660744490165,0.37480838915300574,12.13694318562414,0.6199725972169424,1.0,50
A13F1,-5.199999999999989,-23.69999999999999,2.594224354214574,2.3000000000000114,-1.1999999999999886,1,0.09575650703577626,3.6799214122043686,0.9632,24.263758983306758,24.263758983306758,0.5539671000754968,11.444386923000788,0.19116183226417122,1.0,50
A13F1,2.8000000000000114,27.55000000000001,51.09885028060808,10.300000000000011,50.05000000000001,0,0.08206789881558985,3.1538623893257105,0.8256,27.69192120456796,27.69192120456796,0.6322356439399078,10.604720475202425,0.1281639032486453,1.0,50
A13F1,-1.6999999999999886,-2.9499999999999886,21.291841160406975,20.80000000000001,4.550000000000011,0,0.8085853762745441,31.043259337166702,0.9984,3.4047760572466284,3.4047760572466284,0.07773461317914677,37.34574619898177,0.5290522825093302,1.0,51
A13F1,12.800000000000011,-14.449999999999989,35.97766668365252,35.30000000000001,-6.949999999999989,0,0.25728922201727855,9.877110859546766,0.9312,19.3039503729159,19.3039503729159,0.4407294605688562,24.267795423101006,0.2397888608441903,1.0,51
A13F1,-10.449999999999989,12.800000000000011,23.60704344046498,12.050000000000011,20.30000000000001,0,0.21765685322793418,8.355612701964537,0.952,16.523997700314535,16.523997700314535,0.3772602214683684,21.813343458791138,0.13863823746196866,1.0,51
A13F1,-4.949999999999989,-13.199999999999989,18.452438863196384,17.55000000000001,-5.699999999999989,1,0.21277360825410926,8.168144661557276,0.9984,14.097606179773912,14.097606179773912,0.32186315478935873,19.806140377230548,0.776297918949998,1.0,51
A13F1,-19.69999999999999,2.5500000000000114,10.432760900164457,2.8000000000000114,10.050000000000011,1,0.14857329935289906,5.703514842451174,0.8576,19.864352493851886,19.864352493851886,0.45352402953999743,17.38577060345671,0.043977872522215335,1.0,51
A13F1,-15.199999999999989,-15.449999999999989,10.793169136078614,7.300000000000011,-7.949999999999989,1,0.15277645034615692,5.864871158959118,1.0,21.67354378037886,21.67354378037886,0.4948297666753165,17.27428003464758,0.12387856963852091,1.0,51
A13F1,-0.19999999999998863,17.05000000000001,33.16613483660707,22.30000000000001,24.55000000000001,0,0.13818319794535988,5.304646205035975,0.9888,17.05117298017941,17.05117298017941,0.389296186762087,15.89276429466967,0.016403970602818785,1.0,51
A13F1,15.800000000000011,-4.199999999999989,38.441904219224114,38.30000000000001,3.3000000000000114,0,0.11979079307243438,4.598577611813426,0.8704,16.348700254148653,16.348700254148653,0.3732579966700606,13.679593179063353,0.26859109778580276,1.0,51
A13F1,-4.949999999999989,-23.44999999999999,23.715079590842617,17.55000000000001,-15.949999999999989,0,0.09949000041587687,3.8192518221471246,0.9024,23.966747797730076,23.966747797730076,0.5471860227792255,11.969332972063668,0.35693435150500147,1.0,51
A13F1,14.300000000000011,10.800000000000011,41.09902675246704,36.80000000000001,18.30000000000001,0,0.09012284414155733,3.459658152679795,0.9984,17.920100446147075,17.920100446147075,0.4091347133823533,10.431691939577787,0.38806949251055867,1.0,51
A13F1,-1.4499999999999886,-2.6999999999999886,31.07478881665972,-23.94999999999999,19.80000000000001,0,0.8150422343275179,31.456712933458483,0.9984,3.0647185841443756,3.0647185841443756,0.06997074393023689,37.49152297833955,0.49607247353023387,1.0,52
A13F1,13.300000000000011,-13.449999999999989,12.905134637034982,-9.199999999999989,9.050000000000011,1,0.26073462531531094,10.062328267449688,0.9344,18.915403775759057,18.915403775759057,0.43185853369312915,24.524852621200672,0.238648643355586,1.0,52
A13F1,-9.199999999999989,13.300000000000011,47.817674556590475,-31.69999999999999,35.80000000000001,0,0.22150871466475205,8.548466661744804,0.9632,16.171889190815033,16.171889190815033,0.3692212144021697,22.12563159840834,0.141761048533168,1.0,52
A13F1,-4.699999999999989,-12.949999999999989,28.82780775570698,-27.19999999999999,9.550000000000011,0,0.20319379702672258,7.841637209600616,0.9968,13.776519879853533,13.776519879853533,0.3145324173482542,19.17702160173321,0.8559463534882809,1.0,52
A13F1,-14.949999999999989,-15.449999999999989,38.10780759896847,-37.44999999999999,7.050000000000011,0,0.1567163264390435,6.04794367784447,1.0,21.498953462901383,21.498953462901383,0.4908436863676115,17.620841505298387,0.06125105129663337,1.0,52
A13F1,-19.44999999999999,3.3000000000000114,49.24878171082001,-41.94999999999999,25.80000000000001,0,0.14467509996991929,5.583243380392154,0.8544,19.727962388447512,19.727962388447512,0.4504101001928656,17.055594441768104,0.047498838478934755,1.0,52
A13F1,1.0500000000000114,16.30000000000001,44.33443920926485,-21.44999999999999,38.80000000000001,0,0.12425580906947346,4.795216697245313,0.9696,16.33378400738789,16.33378400738789,0.37291744309104774,14.574649053320488,0.2102699183758464,1.0,52
A13F1,-4.699999999999989,-23.19999999999999,27.209005862030303,-27.19999999999999,-0.6999999999999886,0,0.10207636563015632,3.9392668077021216,0.8848,23.671290628100518,23.671290628100518,0.5404404252990986,12.31373376501031,0.6179514229298979,1.0,52
A13F1,16.05000000000001,-3.1999999999999886,20.3492628859131,-6.449999999999989,19.30000000000001,0,0.10225849919339405,3.9462956913278506,0.8656,16.36589441491055,16.36589441491055,0.3736505574180491,11.777723612759859,0.529433339845455,1.0,52
A13F1,-22.44999999999999,15.550000000000011,58.89231698617401,-44.94999999999999,38.05000000000001,0,0.07554904970771802,2.915530593490211,0.672,27.30943060556188,27.30943060556188,0.6235029818621434,9.996320236017656,0.09508775985173354,1.0,52
A13F1,-1.4499999999999886,-1.1999999999999886,25.333623901842376,-8.949999999999989,-23.69999999999999,0,0.7980508918813479,29.484742054048557,1.0,1.8821530224718552,1.8821530224718552,0.042971530193421356,36.99132297277015,0.5321452071290695,1.0,53
A13F1,13.050000000000011,-12.199999999999989,35.1410372641446,5.550000000000011,-34.69999999999999,0,0.27940224164547883,10.322066870405942,0.9296,17.864559888225628,17.864559888225628,0.4078666641147404,25.360169992958426,0.2509710695780172,1.0,53
A13F1,-10.449999999999989,14.300000000000011,19.73429755527162,-17.94999999999999,-8.199999999999989,1,0.22740115462061222,8.400912155617714,0.9424,17.711366406915083,17.711366406915083,0.4043690960482896,22.547754873303045,0.19681930293743322,1.0,53
A13F1,-4.449999999999989,-11.449999999999989,35.99173516239526,-11.949999999999989,-33.94999999999999,0,0.2237957561162874,8.267713457322216,0.9712,12.284339624090489,12.284339624090489,0.28046437497923493,20.400240933613052,0.6912770128293476,1.0,53
A13F1,-14.699999999999989,-14.699999999999989,43.32066481484326,-22.19999999999999,-37.19999999999999,0,0.16508238971339298,6.098610890856764,1.0,20.78893936688448,20.78893936688448,0.47463331887864113,18.238315650332105,0.11188849115730462,1.0,53
A13F1,-19.44999999999999,4.050000000000011,32.66045008875412,-26.94999999999999,-18.44999999999999,0,0.15135928174443,5.5916302197503045,0.8992,19.867183997738575,19.867183997738575,0.4535886757474561,17.347603616310167,0.04740008658818512,1.0,53
A13F1,-0.19999999999998863,17.80000000000001,9.021086409075112,-7.699999999999989,-4.699999999999989,1,0.1374721714692906,5.078592601325225,0.992,17.801123560045315,17.801123560045315,0.4064183461197561,15.875174273107447,0.04512908504413256,1.0,53
A13F1,17.05000000000001,-1.9499999999999886,26.2489047390553,9.550000000000011,-24.44999999999999,0,0.10188931891620936,3.7640482906275166,0.8416,17.161147980248884,17.161147980248884,0.39180703151253166,11.841551849621407,0.6040481536819449,1.0,53
A13F1,1.3000000000000114,28.55000000000001,8.662707428973922,-6.199999999999989,6.050000000000011,1,0.08565683920730799,3.164372737692365,0.88,28.57958187237876,28.57958187237876,0.6525018692323918,11.435298537714992,0.16308787428249438,1.0,53
A13F1,-4.449999999999989,-21.69999999999999,45.78692498956442,-11.949999999999989,-44.19999999999999,0,0.09645939883372102,3.563450780872672,0.8944,22.151580079082382,22.151580079082382,0.5057438374219723,11.413808695598481,0.24814338387099702,1.0,53
A13F1,-1.6999999999999886,-1.4499999999999886,32.07401596308139,-24.19999999999999,21.05000000000001,0,0.8141857195628651,29.80634999555282,1.0,2.234390297150417,2.234390297150417,0.0510134771038908,37.13535254684115,0.5814087279787138,1.0,54
A13F1,13.050000000000011,-12.199999999999989,13.978286733358992,-9.449999999999989,10.300000000000011,1,0.2820833264785379,10.326003606583887,0.928,17.864559888225628,17.864559888225628,0.4078666641147404,25.32988662736054,0.26203385239700755,1.0,54
A13F1,-9.699999999999989,14.800000000000011,49.276059095670384,-32.19999999999999,37.30000000000001,0,0.21924995189468532,8.025844960760484,0.9504,17.695479648769062,17.695479648769062,0.40400638467509276,22.073504755330053,0.1466699113863534,1.0,54
A13F1,-4.949999999999989,-11.699999999999989,29.49817790983029,-27.44999999999999,10.800000000000011,0,0.19595395721514325,7.173051749728482,0.9696,12.704034792143778,12.704034792143778,0.2900464564416388,18.62250579006927,0.8469901086673388,1.0,54
A13F1,-15.199999999999989,-13.699999999999989,38.71343436069706,-37.69999999999999,8.800000000000011,0,0.1531792250743123,5.607216763446496,1.0,20.462893246068585,20.462893246068585,0.46718934351754765,17.227196088282753,0.20732961902007851,1.0,54
A13F1,-19.44999999999999,4.550000000000011,49.91497771210561,-41.94999999999999,27.05000000000001,0,0.13694787271622816,5.013047718723101,0.896,19.975109511589658,19.975109511589658,0.45605272857510637,16.198867929289232,0.0058013844825054815,1.0,54
A13F1,0.5500000000000114,17.30000000000001,45.45154012792086,-21.94999999999999,39.80000000000001,0,0.13730486770616834,5.026115941484594,0.984,17.308740566546152,17.308740566546152,0.3951767252636108,15.81920676569755,0.0009797717471545476,1.0,54
A13F1,16.80000000000001,-1.9499999999999886,21.32586457801888,-5.699999999999989,20.55000000000001,0,0.10228189247555501,3.7440644736218816,0.8256,16.912791017451863,16.912791017451863,0.38613678122036216,11.752694836002632,0.5980231407709632,1.0,54
A13F1,-4.949999999999989,-21.94999999999999,27.45550946531496,-27.44999999999999,0.5500000000000114,0,0.09654591771555342,3.534094438051878,0.8272,22.501222189027853,22.501222189027853,0.5137265339960697,11.389612228889556,0.24633764468123542,1.0,54
A13F1,1.8000000000000114,28.55000000000001,55.087135521825786,-20.69999999999999,51.05000000000001,0,0.08575428355595822,3.139058726229846,0.8864,28.606686281357383,28.606686281357383,0.6531206913551915,11.193708308759167,0.16676195038673947,1.0,54
A13F1,-1.6999999999999886,-1.1999999999999886,24.39938523815712,5.800000000000011,-23.69999999999999,0,0.8016811497045503,29.440962743570594,1.0,2.0808652046684655,2.0808652046684655,0.04750833800612935,36.92123773826634,0.5727129013090501,1.0,55
A13F1,13.050000000000011,-11.949999999999989,40.1136510430053,20.55000000000001,-34.44999999999999,0,0.2780038348794377,10.2087143125186,0.9392,17.69477323957558,17.69477323957558,0.4039902566113146,25.14735321101743,0.2743961373963233,1.0,55
A13F1,-10.199999999999989,14.800000000000011,8.159656855530125,-2.6999999999999886,-7.699999999999989,1,0.22015732293340556,8.084442520375356,0.9424,17.974426277353057,17.974426277353057,0.4103750291633118,22.194693455405186,0.1898766986589126,1.0,55
A13F1,-4.449999999999989,-11.449999999999989,34.086727622345904,3.0500000000000114,-33.94999999999999,0,0.21934818072003434,8.0547289803276,0.9584,12.284339624090489,12.284339624090489,0.28046437497923493,20.09340322945053,0.7417174835745725,1.0,55
A13F1,-14.699999999999989,-13.449999999999989,36.66391277537081,-7.199999999999989,-35.94999999999999,0,0.15984238574047188,5.869558447199214,1.0,19.924670637177403,19.924670637177403,0.45490115609994075,17.776066930714453,0.3770057079002945,1.0,55
A13F1,-19.44999999999999,4.550000000000011,21.5639745872601,-11.949999999999989,-17.94999999999999,0,0.14119075455915786,5.184640722989302,0.8896,19.975109511589658,19.975109511589658,0.45605272857510637,16.65970116824639,0.019264707342130614,1.0,55
A13F1,0.05000000000001137,17.80000000000001,8.893396426562804,7.550000000000011,-4.699999999999989,1,0.13685601473223388,5.0254626283143935,0.9904,17.800070224580587,17.800070224580587,0.4063942973648536,15.82191161922971,0.06534474396329086,1.0,55
A13F1,2.3000000000000114,28.80000000000001,11.650321883965281,9.800000000000011,6.300000000000011,1,0.08705367111551256,3.196659576669458,0.8448,28.89169430822638,28.89169430822638,0.6596277239321092,11.582384619610552,0.15933473674257473,1.0,55
A13F1,-4.449999999999989,-21.69999999999999,44.305106929111446,3.0500000000000114,-44.19999999999999,0,0.09505446203576291,3.4904567942076294,0.8704,22.151580079082382,22.151580079082382,0.5057438374219723,11.27874702228029,0.41664617821395283,1.0,55
A13F1,16.80000000000001,-1.6999999999999886,34.294751785076386,24.30000000000001,-24.19999999999999,0,0.09748399417504405,3.579671819812611,0.8544,16.88579284487407,16.88579284487407,0.38552038458616605,11.191804154835738,0.5876263890712969,1.0,55
A13F1,-0.6999999999999886,-2.1999999999999886,35.948991640934814,6.800000000000011,35.30000000000001,0,0.8042863235374398,29.752661427127997,1.0,2.308679276123025,2.308679276123025,0.05270957251422432,37.046095754623934,0.5764812350657755,1.0,56
A13F1,14.050000000000011,-12.949999999999989,32.6665731291178,21.55000000000001,24.55000000000001,0,0.2674547555663047,9.893145762494283,0.9248,19.10772095253644,19.10772095253644,0.4362493368159005,25.04401889189746,0.21531599639507587,1.0,56
A13F1,-8.949999999999989,14.550000000000011,52.07019300905271,-1.4499999999999886,52.05000000000001,0,0.21637821804678334,8.003771270035358,0.9472,17.082300781803372,17.082300781803372,0.3900068671644606,21.91202754566815,0.1605962966201167,1.0,56
A13F1,-10.199999999999989,-15.699999999999989,21.966565503054877,-2.6999999999999886,21.80000000000001,0,0.16437019880181067,6.079966708327145,1.0,18.7224464213414,18.7224464213414,0.42745311464249774,18.155389180397183,0.23662946151503023,1.0,56
A13F1,-18.19999999999999,4.300000000000011,43.147769351381314,-10.699999999999989,41.80000000000001,0,0.14201134662128426,5.252908950560274,0.8832,18.70106948813355,18.70106948813355,0.4269650568067021,16.65539699433587,0.002946373068617381,1.0,56
A13F1,3.8000000000000114,-18.69999999999999,21.934675744127166,11.300000000000011,18.80000000000001,0,0.13530777335899466,5.004943591403372,1.0,19.08219064992276,19.08219064992276,0.43566645319458364,15.863921708716457,0.31023607101977535,1.0,56
A13F1,1.3000000000000114,17.80000000000001,55.99580341418454,8.800000000000011,55.30000000000001,0,0.12865913679113566,4.759010779430517,0.9904,17.847408775505773,17.847408775505773,0.407475086198762,15.014769290212682,0.2395647536685601,1.0,56
A13F1,-20.44999999999999,-8.199999999999989,32.03423949464074,-12.949999999999989,29.30000000000001,0,0.11229580621224991,4.153733663194719,0.9664,22.03275970004664,22.03275970004664,0.5030310433800603,13.57837140395292,0.003364326604832024,1.0,56
A13F1,17.55000000000001,-2.6999999999999886,42.878228741402104,25.05000000000001,34.80000000000001,0,0.11247834813421605,4.160485846650296,0.8592,17.756477691253984,17.756477691253984,0.40539903404689465,13.168967966255769,0.4129204797440104,1.0,56
A13F1,3.8000000000000114,28.30000000000001,66.7632383876037,11.300000000000011,65.80000000000001,0,0.08535277010412594,3.1571205923268724,0.856,28.55398396021124,28.55398396021124,0.6519174420139553,11.406124407493468,0.13534583272572248,1.0,56
A13F1,-0.44999999999998863,-1.9499999999999886,23.611543786885253,-22.94999999999999,5.550000000000011,0,0.8040675131520791,29.748064132429825,1.0,2.0012496096189363,2.0012496096189363,0.04569063035659672,37.16850916368385,0.5216163304821057,1.0,57
A13F1,14.300000000000011,-12.699999999999989,9.709788875150668,-8.199999999999989,-5.199999999999989,1,0.27212884427774087,10.067230148620709,0.9248,19.12537581330103,19.12537581330103,0.43665241582879066,25.32360499452572,0.23054235025786948,1.0,57
A13F1,-7.699999999999989,15.300000000000011,37.840190274363046,-30.19999999999999,22.80000000000001,0,0.21442990763407996,7.932634430995048,0.9616,17.128339090524808,17.128339090524808,0.3910579701033061,21.67901413173056,0.1882049107694943,1.0,57
A13F1,-10.449999999999989,-15.449999999999989,33.895501176409816,-32.94999999999999,-7.949999999999989,0,0.1702594841584927,6.298553754676663,1.0,18.652211665108226,18.652211665108226,0.425849581395165,18.602755958047613,0.26346347944827947,1.0,57
A13F1,-17.94999999999999,5.800000000000011,42.58042390582789,-40.44999999999999,13.300000000000011,0,0.14711316516721354,5.442265531264278,0.848,18.86378806072629,18.86378806072629,0.4306800927106459,17.15318503531519,0.04164485552807454,1.0,57
A13F1,-10.699999999999989,-5.199999999999989,33.279573314572396,-33.19999999999999,2.3000000000000114,0,0.16125311092525904,5.965366181156087,0.7888,11.896638180595374,11.896638180595374,0.27161274384920947,16.7936208832426,0.4044380616531098,1.0,57
A13F1,4.050000000000011,-18.69999999999999,21.583384813323402,-18.44999999999999,-11.199999999999989,0,0.13443525790613983,4.973253984046274,0.9952,19.133543843208965,19.133543843208965,0.43683890052988505,15.800919021817778,0.3053985768759624,1.0,57
A13F1,2.5500000000000114,17.55000000000001,32.023506990959,-19.94999999999999,25.05000000000001,0,0.11417066617144683,4.223580901347933,0.984,17.734288821376527,17.734288821376527,0.404892438844213,13.51839263833218,0.31190826284808637,1.0,57
A13F1,-20.94999999999999,-4.449999999999989,43.55691678711889,-43.44999999999999,3.0500000000000114,0,0.10608914580804582,3.924612361154649,0.944,21.417399468656306,21.417399468656306,0.4889817230286828,12.942679880793692,0.08889136315113251,1.0,57
A13F1,17.80000000000001,-2.4499999999999886,6.898731767506257,-4.699999999999989,5.050000000000011,1,0.10144293956257039,3.752730452647331,0.8224,17.96781845411402,17.96781845411402,0.41022416561904157,11.975283029101536,0.5666619105038136,1.0,57
A13F1,-0.44999999999998863,-1.9499999999999886,38.23617397177705,37.05000000000001,-9.449999999999989,0,0.7992507798706402,29.54794919526407,1.0,2.0012496096189363,2.0012496096189363,0.04569063035659672,36.971784270500265,0.6129639299037647,1.0,58
A13F1,14.300000000000011,-12.949999999999989,55.69059615410846,51.80000000000001,-20.44999999999999,0,0.27541782082619504,10.181365548486092,0.9152,19.292291206593372,19.292291206593372,0.44046326955692633,25.625587572748593,0.23402766235342304,1.0,58
A13F1,-8.449999999999989,14.550000000000011,29.893226657555736,29.05000000000001,7.050000000000011,0,0.21620894189579415,7.992529014168793,0.9584,16.825724352906775,16.825724352906775,0.38414895782892183,21.841666867342596,0.1494325327067196,1.0,58
A13F1,-10.449999999999989,-15.449999999999989,35.47400456672463,27.05000000000001,-22.94999999999999,0,0.16596162537554532,6.135010989876044,1.0,18.652211665108226,18.652211665108226,0.425849581395165,18.264406250361166,0.3536445041530214,1.0,58
A13F1,-18.19999999999999,4.300000000000011,19.563486396856785,19.30000000000001,-3.1999999999999886,1,0.13942000925123382,5.153843638907552,0.888,18.70106948813355,18.70106948813355,0.4269650568067021,16.404274719858275,0.015679037946186032,1.0,58
A13F1,4.050000000000011,-18.69999999999999,49.120693195434455,41.55000000000001,-26.19999999999999,0,0.12864279866241174,4.755443082209169,1.0,19.133543843208965,19.133543843208965,0.43683890052988505,15.251688699459747,0.3690645946109082,1.0,58
A13F1,1.8000000000000114,17.55000000000001,40.56467058907297,39.30000000000001,10.050000000000011,0,0.12615913170915846,4.663629663313464,0.9856,17.642066205521406,17.642066205521406,0.40278689966943854,14.818280039158056,0.15706746333320346,1.0,58
A13F1,-20.69999999999999,-7.949999999999989,22.82416482590327,16.80000000000001,-15.449999999999989,0,0.10619201799839975,3.9255099670843325,0.9488,22.17414034410352,22.17414034410352,0.5062589119658338,12.83291185637285,0.02765901082255537,1.0,58
A13F1,17.55000000000001,-2.6999999999999886,55.986985094752164,55.05000000000001,-10.199999999999989,0,0.10513931530534709,3.8865950578320714,0.824,17.756477691253984,17.756477691253984,0.40539903404689465,12.457615607444898,0.5128461565459025,1.0,58
A13F1,3.8000000000000114,28.30000000000001,46.24208040302687,41.30000000000001,20.80000000000001,0,0.08540247475138989,3.1569918765691614,0.84,28.55398396021124,28.55398396021124,0.6519174420139553,11.424491742862202,0.13768438819520185,1.0,58
A14F1,0.6500000000000057,1.1500000000000057,33.094485945546886,23.150000000000006,23.650000000000006,0,0.871380561848263,30.405220041967734,0.9984,1.3209844813622984,1.3209844813622984,0.029096574479345782,37.51914006210306,0.3943703904589879,1.0,59
A14F1,-7.849999999999994,18.150000000000006,43.20931612511358,14.650000000000006,40.650000000000006,0,0.2407171666520528,8.398762276989922,0.92,19.77485777445694,19.77485777445694,0.43556955450345686,23.07224695109507,0.14838445848331477,1.0,59
A14F1,13.150000000000006,-12.349999999999994,37.066764088601,35.650000000000006,10.150000000000006,0,0.23055597004550107,8.04422263714077,0.96,18.040094234787137,18.040094234787137,0.39735890384993694,22.711394416999752,0.20231854676171113,1.0,59
A14F1,-2.3499999999999943,-9.099999999999994,24.198811954308837,20.150000000000006,13.400000000000006,0,0.1851692427264728,6.460620826418315,0.9936,9.398537120211842,9.398537120211842,0.20701623612801415,17.707099064091445,0.3949015624255485,1.0,59
A14F1,-14.099999999999994,-10.349999999999994,14.771001997156464,8.400000000000006,12.150000000000006,1,0.14506149155853068,5.0612233461112,1.0,17.490926219042823,17.490926219042823,0.3852626920494014,16.984920212682628,0.07033585362206163,1.0,59
A14F1,-17.099999999999994,7.900000000000006,30.875880554244933,5.400000000000006,30.400000000000006,0,0.1373823771417234,4.793293258978668,0.96,18.83666637173361,18.83666637173361,0.4149045456328989,15.838811129535182,0.06569431041412395,1.0,59
A14F1,2.4000000000000057,20.650000000000006,49.81899738051741,24.900000000000006,43.150000000000006,0,0.14024913078951887,4.89331639710999,0.8864,20.7889994949252,20.7889994949252,0.45790747786178854,15.639441886380448,0.13540853797606597,1.0,59
A14F1,18.400000000000006,-2.0999999999999943,45.70525133942489,40.900000000000006,20.400000000000006,0,0.13599075533124644,4.7447385771660695,0.848,18.519449235870926,18.519449235870926,0.4079173840500204,15.638542243890353,0.15561697788585346,1.0,59
A14F1,2.9000000000000057,-19.349999999999994,25.59457950426223,25.400000000000006,3.1500000000000057,0,0.11573876119293208,4.038133784680048,0.8176,19.56610589769972,19.56610589769972,0.43097149554404673,14.065980412927049,0.42523117369343,1.0,59
A14F1,3.1500000000000057,32.150000000000006,60.37006708626387,25.650000000000006,54.650000000000006,0,0.0966333926216522,3.3715385487248675,0.824,32.303947127247476,32.303947127247476,0.7115406856221911,12.402370476923863,0.07399317376433702,1.0,59
A14F1,0.6500000000000057,1.1500000000000057,30.54905890530835,-21.849999999999994,-21.349999999999994,0,0.8717760750125009,30.108288283827438,1.0,1.3209844813622984,1.3209844813622984,0.029096574479345782,37.44306387661173,0.41915372056986183,1.0,60
A14F1,14.900000000000006,-10.599999999999994,33.96130150627328,-7.599999999999994,-33.099999999999994,0,0.2431407841938305,8.396674254254746,0.9456,18.285786830213244,18.285786830213244,0.40277063502672344,23.36619826210487,0.18980328011200584,1.0,60
A14F1,-7.099999999999994,18.650000000000006,29.849329975729766,-29.599999999999994,-3.8499999999999943,0,0.22881245285895266,7.901843573447629,0.9264,19.95576357847527,19.95576357847527,0.43955426384306767,22.389148088501287,0.12765659896409604,1.0,60
A14F1,4.650000000000006,-16.099999999999994,42.52743232314877,-17.849999999999994,-38.599999999999994,0,0.15726708942876458,5.431040247403766,1.0,16.758057763356703,16.758057763356703,0.3691202150519098,17.667287762434288,0.07057022317894339,1.0,60
A14F1,-13.849999999999994,-10.349999999999994,48.99433640738488,-36.349999999999994,-32.849999999999994,0,0.14969494407182551,5.169540276403319,1.0,17.290026026585377,17.290026026585377,0.380837577678092,17.32861621375993,0.05809601625730392,1.0,60
A14F1,-9.599999999999994,-0.09999999999999432,39.257738090725496,-32.099999999999994,-22.599999999999994,0,0.16780921842530885,5.795107771421767,0.8256,9.600520819205586,9.600520819205586,0.21146521628206139,16.346910750834343,0.20962772655518805,1.0,60
A14F1,-19.849999999999994,-0.09999999999999432,48.00294261813539,-42.349999999999994,-22.599999999999994,0,0.13291347105270335,4.590002758189942,0.9952,19.85025188757059,19.85025188757059,0.43723021778789845,15.677775388808922,0.061716048851521925,1.0,60
A14F1,-17.349999999999994,10.150000000000006,41.71983940525178,-39.849999999999994,-12.349999999999994,0,0.1314459203831099,4.539321934521902,0.856,20.100870627910624,20.100870627910624,0.44275045435926486,15.358778151203822,0.020482309246174862,1.0,60
A14F1,3.1500000000000057,20.650000000000006,19.438235516630613,-19.349999999999994,-1.8499999999999943,1,0.13677226082423335,4.723263413989224,0.8992,20.888872635927488,20.888872635927488,0.4601073267825438,15.247742089325268,0.1495693540765037,1.0,60
A14F1,18.900000000000006,-0.3499999999999943,23.13185033671106,-3.5999999999999943,-22.849999999999994,0,0.117320166884598,4.05149991657884,0.8336,18.903240462947092,18.903240462947092,0.4163709353072047,13.592343250000397,0.1530184278071486,1.0,60
A14F1,0.6500000000000057,1.1500000000000057,39.25232477191638,-6.849999999999994,38.650000000000006,0,0.8764582861656877,30.380701934460706,1.0,1.3209844813622984,1.3209844813622984,0.029096574479345782,37.39389341893374,0.37636522178130366,1.0,61
A14F1,-7.599999999999994,18.400000000000006,57.903540478972445,-15.099999999999994,55.900000000000006,0,0.24139976895133639,8.367030174246837,0.9216,19.90778742100689,19.90778742100689,0.4384975202864954,23.05578151143902,0.15121122219403998,1.0,61
A14F1,14.650000000000006,-10.849999999999994,27.59248085982847,7.150000000000006,26.650000000000006,0,0.23449248158231534,8.127613799766344,0.9504,18.230331867522324,18.230331867522324,0.40154916007758423,22.910746905932854,0.17139764387578826,1.0,61
A14F1,-2.0999999999999943,-9.099999999999994,29.978659076082774,-9.599999999999994,28.400000000000006,0,0.1917056357822403,6.644569622819069,0.9648,9.339164844888428,9.339164844888428,0.205708476759657,17.971278130197277,0.4103064467606826,1.0,61
A14F1,-12.849999999999994,-11.599999999999994,32.938313557314984,-20.349999999999994,25.900000000000006,0,0.14876147903988265,5.156087693565627,1.0,17.311340213859808,17.311340213859808,0.38130705316871827,17.187981461966768,0.1085311719298508,1.0,61
A14F1,-16.849999999999994,8.150000000000006,51.73823537771655,-24.349999999999994,45.650000000000006,0,0.13894552057625476,4.815860098588862,0.976,18.717505175637054,18.717505175637054,0.41227984968363557,15.826634314751082,0.08009039160672281,1.0,61
A14F1,2.6500000000000057,20.650000000000006,58.351906566966605,-4.849999999999994,58.150000000000006,0,0.13911215659265638,4.821635806351222,0.8816,20.819341968467693,20.819341968467693,0.45857581428342936,15.672576198662359,0.14229833497969632,1.0,61
A14F1,18.900000000000006,-0.5999999999999943,38.620849291542,11.400000000000006,36.900000000000006,0,0.12097970143020734,4.193154968047437,0.8288,18.909521411183317,18.909521411183317,0.41650928218465455,14.013997198749635,0.15034336193074957,1.0,61
A14F1,4.400000000000006,-19.349999999999994,18.412835197220446,-3.0999999999999943,18.150000000000006,1,0.115584113461575,4.006141442119279,0.8032,19.843953739111566,19.843953739111566,0.4370914920509156,13.915970172882094,0.16746238463463894,1.0,61
A14F1,3.1500000000000057,32.150000000000006,69.78570770580463,-4.349999999999994,69.65,0,0.09662228580959158,3.3489177575680387,0.8176,32.303947127247476,32.303947127247476,0.7115406856221911,12.473083341605587,0.06667170420283298,1.0,61
A14F1,0.6500000000000057,1.1500000000000057,39.49993670881006,8.150000000000006,38.650000000000006,0,0.8711727022017636,30.095515961672973,0.9984,1.3209844813622984,1.3209844813622984,0.029096574479345782,37.34635546802441,0.3443128708693447,1.0,62
A14F1,14.650000000000006,-10.599999999999994,34.84583906293548,22.150000000000006,26.900000000000006,0,0.2426464375363415,8.381848828816755,0.9552,18.082657437445416,18.082657437445416,0.39829641932699156,23.266345151675946,0.1661291362917467,1.0,62
A14F1,-8.349999999999994,17.900000000000006,55.40652037441081,-0.8499999999999943,55.400000000000006,0,0.23344566425502056,8.06401363775334,0.9232,19.751772072398975,19.751772072398975,0.43506105886341356,22.631622219066493,0.13527176601886698,1.0,62
A14F1,4.400000000000006,-16.099999999999994,24.48611851641661,11.900000000000006,21.400000000000006,0,0.15961530162760035,5.513612608418207,1.0,16.69041641182148,16.69041641182148,0.3676303174410018,17.900001793356676,0.09779296051721653,1.0,62
A14F1,-14.099999999999994,-10.349999999999994,27.940696125902093,-6.599999999999994,27.150000000000006,0,0.15059190575429798,5.201910804884343,1.0,17.490926219042823,17.490926219042823,0.3852626920494014,17.410750158671384,0.1364327441016538,1.0,62
A14F1,-9.599999999999994,-0.09999999999999432,37.45891082239312,-2.0999999999999943,37.400000000000006,0,0.17601701411851753,6.080190701390073,0.7408,9.600520819205586,9.600520819205586,0.21146521628206139,16.918131170439995,0.3110611899984745,1.0,62
A14F1,1.9000000000000057,20.650000000000006,58.904859731604496,9.400000000000006,58.150000000000006,0,0.15047302939272547,5.197804375601228,0.904,20.737224983107076,20.737224983107076,0.4567670701124907,16.555538216794535,0.09829472073450744,1.0,62
A14F1,-19.849999999999994,-0.09999999999999432,39.38632376853671,-12.349999999999994,37.400000000000006,0,0.12114310224237036,4.184643650034587,1.0,19.85025188757059,19.85025188757059,0.43723021778789845,14.361977818487135,0.008747116731502158,1.0,62
A14F1,-18.599999999999994,10.150000000000006,48.925785634979846,-11.099999999999994,47.650000000000006,0,0.10903978434051405,3.766553710275201,0.7712,21.189207158362485,21.189207158362485,0.4667226246335349,13.04916683871063,0.05781891690249878,1.0,62
A14F1,3.1500000000000057,32.150000000000006,70.45952738984275,10.650000000000006,69.65,0,0.09881664201007669,3.413412370152655,0.8192,32.303947127247476,32.303947127247476,0.7115406856221911,12.680206568195818,0.07177083355639362,1.0,62
A14F1,0.9000000000000057,1.1500000000000057,39.5522755350435,8.400000000000006,38.650000000000006,0,0.876001292713636,31.370116955605532,0.9984,1.4603081866510312,1.4603081866510312,0.032165378560595405,37.49429856831483,0.4208399084241474,1.0,63
A14F1,15.400000000000006,-10.099999999999994,35.70952253951319,22.900000000000006,27.400000000000006,0,0.24088023482726126,8.625403572927484,0.9504,18.41656862719003,18.41656862719003,0.40565129134779804,23.354925827021304,0.17303261212717333,1.0,63
A14F1,-7.099999999999994,18.400000000000006,55.90143110869346,0.4000000000000057,55.900000000000006,0,0.2422114678384005,8.673073553146285,0.92,19.722322378462433,19.722322378462433,0.4344123871908025,23.28270737459594,0.14514523690999923,1.0,63
A14F1,5.150000000000006,-15.099999999999994,25.725133624531487,12.650000000000006,22.400000000000006,0,0.16455336859445274,5.892248494897214,1.0,15.954074714630112,15.954074714630112,0.35141133732665447,18.39133146656305,0.06272208592625861,1.0,63
A14F1,-12.599999999999994,-10.849999999999994,27.133604625998373,-5.099999999999994,26.650000000000006,0,0.1432305554685844,5.128718242689108,1.0,16.627762928307575,16.627762928307575,0.36625028476448407,16.875592637253135,0.11417202147211765,1.0,63
A14F1,-9.349999999999994,-0.5999999999999943,36.94634623342341,-1.8499999999999943,36.900000000000006,0,0.16653456506835643,5.9631916518202415,0.8224,9.369231558671176,9.369231558671176,0.2063707391777792,16.44001736578467,0.35993688214720526,1.0,63
A14F1,3.1500000000000057,21.150000000000006,59.60910165402596,10.650000000000006,58.650000000000006,0,0.14576392119999823,5.219433149722609,0.9136,21.383287866930104,21.383287866930104,0.47099753010859263,16.280314412897535,0.1511279015871709,1.0,63
A14F1,-17.349999999999994,9.650000000000006,48.16788349097353,-9.849999999999994,47.150000000000006,0,0.13008201417722542,4.657895400417148,0.8528,19.853085402526226,19.853085402526226,0.4372926300115909,15.251997135682874,0.019624020056799522,1.0,63
A14F1,19.900000000000006,0.15000000000000568,46.564820411980556,27.400000000000006,37.650000000000006,0,0.1297872789383872,4.647341540812288,0.832,19.900565318603395,19.900565318603395,0.4383384431410439,15.045365858449589,0.04760953877919399,1.0,63
A14F1,-19.599999999999994,-0.5999999999999943,38.83323319014269,-12.099999999999994,36.900000000000006,0,0.11861370632458934,4.247239555463045,1.0,19.6091815229499,19.6091815229499,0.4319202978623326,14.175899024707793,0.08301783874973266,1.0,63
A14F1,0.9000000000000057,1.1500000000000057,22.51405116810388,-21.599999999999994,-6.349999999999994,0,0.8648815286340809,31.33778966403804,1.0,1.4603081866510312,1.4603081866510312,0.032165378560595405,37.63730011673787,0.44510853973415726,1.0,64
A14F1,15.400000000000006,-10.349999999999994,19.210218634882835,-7.099999999999994,-17.849999999999994,1,0.23961251912322992,8.681369489552209,0.9584,18.554851117699652,18.554851117699652,0.40869716118281174,23.48456204195495,0.19071679526692373,1.0,64
A14F1,-7.599999999999994,18.150000000000006,31.928553052088027,-30.099999999999994,10.650000000000006,0,0.22820650052852426,8.26810807705787,0.9216,19.67695352436449,19.67695352436449,0.43341307322388745,22.75519664728304,0.1521774947933269,1.0,64
A14F1,5.150000000000006,-15.349999999999994,28.690503655390916,-17.349999999999994,-22.849999999999994,0,0.15754664075925232,5.707994574473546,1.0,16.19089250165042,16.19089250165042,0.3566275881420798,17.903116990006986,0.1266365150994624,1.0,64
A14F1,-16.349999999999994,7.900000000000006,38.85205914748921,-38.849999999999994,0.4000000000000057,0,0.1556729004997505,5.640106731670244,0.968,18.158537936739286,18.158537936739286,0.3999677959634204,17.789386928611208,0.0239765360959475,1.0,64
A14F1,-11.349999999999994,-11.349999999999994,38.74461252871164,-33.849999999999994,-18.849999999999994,0,0.13996511809931397,5.0709962701423885,1.0,16.051323932934622,16.051323932934622,0.3535533905932736,16.604925310306584,0.17691895215778777,1.0,64
A14F1,2.6500000000000057,21.150000000000006,24.090350765399826,-19.849999999999994,13.650000000000006,0,0.13830467593980234,5.010836727247898,0.8976,21.315370041357486,21.315370041357486,0.4695015427611781,15.792366928897863,0.14803555682255015,1.0,64
A14F1,19.650000000000006,-0.09999999999999432,8.116803558051647,-2.8499999999999943,-7.599999999999994,1,0.11656304671837543,4.223117174187287,0.8384,19.650254451278748,19.650254451278748,0.43282498791362883,13.8914999169034,0.16311788247468242,1.0,64
A14F1,3.6500000000000057,32.650000000000006,31.430001590836742,-18.849999999999994,25.150000000000006,0,0.09640923696612834,3.492929522796984,0.8384,32.85338643123415,32.85338643123415,0.7236428729346729,12.73594721989455,0.065484409522688,1.0,64
A14F1,-21.599999999999994,-2.3499999999999943,45.186640724886814,-44.099999999999994,-9.849999999999994,0,0.09646213724590832,3.4948461349494075,0.8752,21.727459584590182,21.727459584590182,0.47857840494692033,12.040970381394931,0.5012768183874667,1.0,64
A14F1,0.9000000000000057,1.1500000000000057,22.51405116810388,-21.599999999999994,-6.349999999999994,0,0.8599964398447644,31.1249344471977,0.9984,1.4603081866510312,1.4603081866510312,0.032165378560595405,37.63629168706638,0.4155518578830141,1.0,65
A14F1,15.650000000000006,-10.099999999999994,18.886039817812513,-6.849999999999994,-17.599999999999994,1,0.24288448449799852,8.789800725412672,0.9472,18.626124127150018,18.626124127150018,0.41026705125881097,23.714792413568286,0.192598201011981,1.0,65
A14F1,-7.349999999999994,18.150000000000006,31.692980295327224,-29.849999999999994,10.650000000000006,0,0.237749459632311,8.603962803083814,0.9248,19.581751709180672,19.581751709180672,0.43131611694230554,23.247694548395103,0.14015591959359497,1.0,65
A14F1,5.400000000000006,-15.349999999999994,28.540015767339714,-17.099999999999994,-22.849999999999994,0,0.16308632210219054,5.901910075355348,1.0,16.27213876538668,16.27213876538668,0.3584171534226141,18.432197346451193,0.05604992960469626,1.0,65
A14F1,-13.099999999999994,-10.099999999999994,39.71297017348362,-35.599999999999994,-17.599999999999994,0,0.1411660969942824,5.108628255568879,1.0,16.541463055002108,16.541463055002108,0.3643494064978438,16.75808920866677,0.10494981137833162,1.0,65
A14F1,-15.849999999999994,7.900000000000006,38.35208599281139,-38.349999999999994,0.4000000000000057,0,0.139574378160982,5.051024923369688,0.984,17.709672498383473,17.709672498383473,0.3900808920348783,16.20126812739469,0.09850309915328614,1.0,65
A14F1,2.9000000000000057,21.400000000000006,24.028524715429366,-19.599999999999994,13.900000000000006,0,0.13528357076419117,4.89574333581103,0.9104,21.59560140398966,21.59560140398966,0.47567403973545513,15.633619349477756,0.17332752799373652,1.0,65
A14F1,19.900000000000006,0.15000000000000568,7.79631323126514,-2.5999999999999943,-7.349999999999994,1,0.11570414633476092,4.187178485900272,0.8304,19.900565318603395,19.900565318603395,0.4383384431410439,13.933398440636049,0.13036858556633288,1.0,65
A14F1,3.6500000000000057,32.650000000000006,31.430001590836742,-18.849999999999994,25.150000000000006,0,0.09813805899941949,3.5514776788042886,0.8384,32.85338643123415,32.85338643123415,0.7236428729346729,13.034846852032299,0.06740703106444317,1.0,65
A14F1,30.150000000000006,-6.349999999999994,15.822294397463345,7.650000000000006,-13.849999999999994,1,0.08641344138070682,3.1271758841334742,0.7776,30.811442679627973,30.811442679627973,0.6786661383177968,11.62837626843328,0.07725329403853595,1.0,65
A14F1,0.6500000000000057,1.1500000000000057,24.00510362402129,23.150000000000006,-6.349999999999994,0,0.8692495419300277,31.580597749698928,0.9984,1.3209844813622984,1.3209844813622984,0.029096574479345782,37.867969994214036,0.46884359049566954,1.0,66
A14F1,-7.099999999999994,18.400000000000006,18.867167248953944,15.400000000000006,10.900000000000006,1,0.24449488336995936,8.882037150274886,0.9248,19.722322378462433,19.722322378462433,0.4344123871908025,23.648212653643313,0.16639348865925527,1.0,66
A14F1,15.150000000000006,-10.599999999999994,41.774783063470245,37.650000000000006,-18.099999999999994,0,0.2340691615384897,8.503279571911103,0.9632,18.49006489983202,18.49006489983202,0.4072701519786789,23.180256070215187,0.18243631333813784,1.0,66
A14F1,4.900000000000006,-14.849999999999994,35.35933398694042,27.400000000000006,-22.349999999999994,0,0.15640894573827305,5.681980479766122,1.0,15.637534971983273,15.637534971983273,0.34443909629919106,17.77675929578959,0.15679285876621052,1.0,66
A14F1,-5.349999999999994,-14.349999999999994,27.77669886793605,17.150000000000006,-21.849999999999994,0,0.14222237690846937,5.166605839317002,1.0,15.314862062715413,15.314862062715413,0.33733176349593424,16.724665841771927,0.06555097749502467,1.0,66
A14F1,-15.599999999999994,-7.849999999999994,16.82951276775415,6.900000000000006,-15.349999999999994,1,0.13600721114826875,4.940819682419749,1.0,17.46374816584343,17.46374816584343,0.38466405651637514,16.374357952171405,0.10689927815777915,1.0,66
A14F1,-15.849999999999994,8.150000000000006,6.681691402631529,6.650000000000006,0.6500000000000057,1,0.13899606496175285,5.049399497793415,0.984,17.822598014879873,17.822598014879873,0.39256823821321307,16.188583236870265,0.07543585893286964,1.0,66
A14F1,3.1500000000000057,21.150000000000006,29.055894410601102,25.650000000000006,13.650000000000006,0,0.13797323326783723,5.012241807915911,0.8896,21.383287866930104,21.383287866930104,0.47099753010859263,15.843191317677885,0.1612527870825529,1.0,66
A14F1,19.650000000000006,-0.3499999999999943,42.874759474544,42.150000000000006,-7.849999999999994,0,0.11568432333545846,4.20252692010679,0.84,19.65311680115905,19.65311680115905,0.4328880352678205,13.95230744699689,0.1656301798961079,1.0,66
A14F1,3.6500000000000057,32.650000000000006,36.28146909925232,26.150000000000006,25.150000000000006,0,0.1001027504814917,3.636479799342287,0.8352,32.85338643123415,32.85338643123415,0.7236428729346729,13.315051312866776,0.07194495304748547,1.0,66
A14F1,1.1500000000000057,-0.3499999999999943,30.76434624691381,-21.349999999999994,22.150000000000006,0,0.8749559415518483,31.400741981231853,1.0,1.2020815280171346,1.2020815280171346,0.026477566696412658,37.776638264641484,0.47052512775178673,1.0,67
A14F1,-5.849999999999994,17.400000000000006,48.94622048738799,-28.349999999999994,39.900000000000006,0,0.249931625411792,8.968963628149972,0.9216,18.357083101625925,18.357083101625925,0.40434103748074723,23.825460113037835,0.13756224350696503,1.0,67
A14F1,15.900000000000006,-11.849999999999994,12.529265740656953,-6.599999999999994,10.650000000000006,1,0.23970403794764372,8.60192921760917,0.936,19.830090771350495,19.830090771350495,0.43678614033811664,23.71520773628214,0.17145924740203158,1.0,67
A14F1,5.650000000000006,-16.349999999999994,17.937251740442285,-16.849999999999994,6.150000000000006,1,0.167284999322357,6.0030744228913315,1.0,17.298699373074264,17.298699373074264,0.3810286205522966,18.859965714107254,0.07540610160588541,1.0,67
A14F1,-4.599999999999994,-15.849999999999994,27.903987170295213,-27.099999999999994,6.650000000000006,0,0.14665294885275845,5.2626737807925155,1.0,16.50401466310545,16.50401466310545,0.3635245520507809,17.13009448695822,0.008680031071355747,1.0,67
A14F1,-14.849999999999994,-9.599999999999994,39.51496551940796,-37.349999999999994,12.900000000000006,0,0.1358642078507436,4.875511071751511,1.0,17.682830655751914,17.682830655751914,0.3894896620209673,16.311123966620936,0.12989363087391123,1.0,67
A14F1,-15.099999999999994,7.150000000000006,47.884052668920994,-37.599999999999994,29.650000000000006,0,0.1362053651081649,4.887753760852839,0.9744,16.707258901447595,16.707258901447595,0.36800129738871357,15.791308406874837,0.06534792319588684,1.0,67
A14F1,4.400000000000006,19.900000000000006,46.10173532525647,-18.099999999999994,42.400000000000006,0,0.12809096492336905,4.596562576753495,0.872,20.38062805705458,20.38062805705458,0.4489125122699247,14.811915246515596,0.18652543997105303,1.0,67
A14F1,20.400000000000006,-1.5999999999999943,21.005237442123814,-2.0999999999999943,20.900000000000006,0,0.113104379886912,4.058759509620948,0.848,20.462648899885867,20.462648899885867,0.4507191387640059,13.547584423783842,0.21587851907880995,1.0,67
A14F1,4.900000000000006,31.400000000000006,56.70070546298344,-17.599999999999994,53.900000000000006,0,0.09746651048316869,3.497586760414399,0.7728,31.78002517305486,31.78002517305486,0.700000554472574,12.761538859458703,0.06707523905617165,1.0,67
A14F1,1.1500000000000057,-0.09999999999999432,23.28266522544187,-6.349999999999994,22.400000000000006,0,0.8689206344557551,31.035955514576344,1.0,1.1543396380615247,1.1543396380615247,0.0254259832172142,37.663258708065705,0.4524090169280232,1.0,68
A14F1,15.900000000000006,-11.849999999999994,13.564014892353969,8.400000000000006,10.650000000000006,1,0.23302686104126633,8.32257865853287,0.9424,19.830090771350495,19.830090771350495,0.43678614033811664,23.36458171775929,0.17448683190370892,1.0,68
A14F1,-5.849999999999994,17.650000000000006,42.31128691023236,-13.349999999999994,40.150000000000006,0,0.23879836833479778,8.52871454091338,0.9344,18.59421953188679,18.59421953188679,0.4095643068697531,23.040128072660867,0.12228415660266208,1.0,68
A14F1,5.650000000000006,-15.849999999999994,6.902535765934143,-1.8499999999999943,6.650000000000006,1,0.16402145307311547,5.857994883799056,1.0,16.826912967029926,16.826912967029926,0.37063684949405123,18.571500219476597,0.09133917536350923,1.0,68
A14F1,-4.599999999999994,-15.349999999999994,14.054625573098699,-12.099999999999994,7.150000000000006,1,0.15414265929231688,5.505169134470411,1.0,16.024434467400084,16.024434467400084,0.35296111161674193,17.6945672194209,0.08507489610602656,1.0,68
A14F1,-14.849999999999994,-9.349999999999994,25.9315444970021,-22.349999999999994,13.150000000000006,0,0.14035151485265873,5.012613344680968,1.0,17.54836174689819,17.54836174689819,0.3865277917818985,16.773786338254,0.08063671347731083,1.0,68
A14F1,-15.099999999999994,7.400000000000006,37.48026147187343,-22.599999999999994,29.900000000000006,0,0.14094471989145133,5.033799847054363,0.9504,16.815766411317682,16.815766411317682,0.37039133064576396,16.302949396187312,0.033856191533195405,1.0,68
A14F1,4.400000000000006,19.900000000000006,42.513174428640355,-3.0999999999999943,42.400000000000006,0,0.12667029394569734,4.523985122436373,0.8768,20.38062805705458,20.38062805705458,0.4489125122699247,14.65131873212641,0.19061500282521346,1.0,68
A14F1,20.400000000000006,-1.5999999999999943,24.560537453402773,12.900000000000006,20.900000000000006,0,0.1114045242887262,3.9787662365319387,0.8448,20.462648899885867,20.462648899885867,0.4507191387640059,13.428986167902028,0.17568838605677442,1.0,68
A14F1,5.150000000000006,31.400000000000006,53.95120480582431,-2.3499999999999943,53.900000000000006,0,0.09826592597757029,3.509521139932728,0.7856,31.819530166235964,31.819530166235964,0.7008707085074001,12.881678934455795,0.07184432282677275,1.0,68
A14F1,1.1500000000000057,-0.3499999999999943,24.432457919742742,8.650000000000006,-22.849999999999994,0,0.873173211172213,30.974299619984688,1.0,1.2020815280171346,1.2020815280171346,0.026477566696412658,37.75891048023749,0.5036881782626829,1.0,69
A14F1,15.900000000000006,-11.849999999999994,41.56299435796223,23.400000000000006,-34.349999999999994,0,0.23840874944986457,8.456496623108274,0.9376,19.830090771350495,19.830090771350495,0.43678614033811664,23.6468831600575,0.1845903714757429,1.0,69
A14F1,-6.099999999999994,17.400000000000006,5.288667128870936,1.4000000000000057,-5.099999999999994,1,0.2381081602317685,8.445834247131813,0.9264,18.43827540742355,18.43827540742355,0.40612941426043064,23.032680267848402,0.12740888640839038,1.0,69
A14F1,5.650000000000006,-16.099999999999994,40.77845632193548,13.150000000000006,-38.599999999999994,0,0.16531678729965213,5.863831335433864,1.0,17.062605311030314,17.062605311030314,0.3758283108156457,18.67589858109662,0.1023993016987366,1.0,69
A14F1,-13.599999999999994,-10.849999999999994,33.90328155208577,-6.099999999999994,-33.349999999999994,0,0.14644725214073756,5.194512137171419,1.0,17.397772845970824,17.397772845970824,0.3832108556381239,17.209582941931263,0.18759717185021843,1.0,69
A14F1,-15.099999999999994,7.150000000000006,17.12841206884047,-7.599999999999994,-15.349999999999994,1,0.14136578521595902,5.014268498566854,0.9584,16.707258901447595,16.707258901447595,0.36800129738871357,16.172312176836005,0.052465638010176875,1.0,69
A14F1,4.150000000000006,19.650000000000006,11.993539927811144,11.650000000000006,-2.8499999999999943,1,0.13210677745486785,4.685844752843267,0.8656,20.083450898687712,20.083450898687712,0.44236675988298924,15.10889810896655,0.183141717415093,1.0,69
A14F1,20.400000000000006,-1.5999999999999943,36.86760095259793,27.900000000000006,-24.099999999999994,0,0.11121883173158224,3.944936769469412,0.8464,20.462648899885867,20.462648899885867,0.4507191387640059,13.35168886982948,0.18770340214654158,1.0,69
A14F1,4.650000000000006,31.150000000000006,14.914590172042953,12.150000000000006,8.650000000000006,1,0.09799646529499528,3.475933391987564,0.8,31.49515835807149,31.49515835807149,0.6937259550236011,12.799245094093514,0.07209314799229818,1.0,69
A14F1,18.150000000000006,12.650000000000006,27.476262482368305,25.650000000000006,-9.849999999999994,0,0.1007150521385172,3.572362788664842,0.9248,22.123403897230652,22.123403897230652,0.4872996453134505,11.525282162652989,0.23527250602577393,1.0,69
A14F1,-0.5999999999999943,2.6500000000000057,8.434008536870236,6.900000000000006,-4.849999999999994,0,0.8580649804213861,32.767995870713996,1.0,2.7170756338387094,2.7170756338387094,0.05984748092155748,37.83719441034405,0.4204843163346507,1.0,70
A14F1,13.400000000000006,-9.849999999999994,27.16307235936318,20.900000000000006,-17.349999999999994,0,0.24460167232880903,9.340174650613672,0.9584,16.63076967551412,16.63076967551412,0.3663165126765225,23.730769397686483,0.17704883216474146,1.0,70
A14F1,-9.099999999999994,19.150000000000006,11.759357975671977,-1.5999999999999943,11.650000000000006,1,0.23120293261075422,8.828525347378221,0.9424,21.202181491535253,21.202181491535253,0.46700840289725226,23.35863366347152,0.1534961435192794,1.0,70
A14F1,-2.8499999999999943,-7.599999999999994,15.799762656445187,4.650000000000006,-15.099999999999994,1,0.20250098131366695,7.732507774124031,0.7632,8.116803558051647,8.116803558051647,0.17878421934034464,19.01540618549358,0.6090632987906699,1.0,70
A14F1,-15.349999999999994,-8.849999999999994,18.136840959770247,-7.849999999999994,-16.349999999999994,1,0.15515643369950796,5.924618470665996,1.0,17.718493163923384,17.718493163923384,0.39027517982210097,18.307405357797034,0.1566431017413978,1.0,70
A14F1,1.1500000000000057,21.900000000000006,16.79828860330719,8.650000000000006,14.400000000000006,1,0.13834216914694916,5.2825576473871845,0.9344,21.930173277929207,21.930173277929207,0.48304346427156847,16.144676665011307,0.15229160409420003,1.0,70
A14F1,-18.099999999999994,8.900000000000006,10.692053123698923,-10.599999999999994,1.4000000000000057,1,0.12720507539921236,4.857283859330769,0.9904,20.169779374103225,20.169779374103225,0.44426826815205345,15.635075855824494,0.10962030272135558,1.0,70
A14F1,3.1500000000000057,-17.849999999999994,27.496272474646446,10.650000000000006,-25.349999999999994,0,0.11425600403131744,4.362820602782924,0.848,18.125810326713665,18.125810326713665,0.39924692349589574,14.2989237564421,0.40344787596484666,1.0,70
A14F1,17.650000000000006,0.4000000000000057,26.132977250975447,25.150000000000006,-7.099999999999994,0,0.11501675050129967,4.391869835659807,0.8416,17.654531996062662,17.654531996062662,0.38886634352560934,13.851453358965163,0.16445501196927412,1.0,70
A14F1,0.9000000000000057,33.150000000000006,26.99041496531686,8.400000000000006,25.650000000000006,0,0.09641520752832304,3.6815683880692105,0.8864,33.16221494411977,33.16221494411977,0.7304452630863385,13.186459358163097,0.09421400226627093,1.0,70
A14F1,-0.5999999999999943,2.6500000000000057,45.7343689144171,21.900000000000006,40.150000000000006,0,0.8708594055484551,33.00406935061131,0.9968,2.7170756338387094,2.7170756338387094,0.05984748092155748,38.14794035468878,0.4095954476374347,1.0,71
A14F1,-9.349999999999994,18.900000000000006,57.91271449345127,13.150000000000006,56.400000000000006,0,0.23182010929797875,8.784868611071957,0.9392,21.086310725207483,21.086310725207483,0.4644561833746142,23.33163006381227,0.1763694737028721,1.0,71
A14F1,13.650000000000006,-9.599999999999994,45.66434604809316,36.150000000000006,27.900000000000006,0,0.2301127211666662,8.720164909618761,0.9648,16.687794941213774,16.687794941213774,0.36757257579766023,22.97288375945728,0.14707801493367492,1.0,71
A14F1,-3.0999999999999943,-7.599999999999994,35.64225020954766,19.400000000000006,29.900000000000006,0,0.19493355100906587,7.38701059711315,0.7856,8.207923001588153,8.207923001588153,0.18079125554158929,18.559855038432712,0.5446797188815093,1.0,71
A14F1,-15.599999999999994,-8.599999999999994,29.712287020692308,6.900000000000006,28.900000000000006,0,0.15012156208750763,5.6888270253458675,1.0,17.813478043324377,17.813478043324377,0.3923673577824753,17.898931838468037,0.10438111922169804,1.0,71
A14F1,0.9000000000000057,21.650000000000006,63.6103961628915,23.400000000000006,59.150000000000006,0,0.1413561220386028,5.356656432777,0.9392,21.66869862266768,21.66869862266768,0.4772841106314467,16.33716446190774,0.12245238453034304,1.0,71
A14F1,-17.849999999999994,8.650000000000006,46.38367169597509,4.650000000000006,46.150000000000006,0,0.1281964622295483,4.857966145725539,0.9936,19.83544806652978,19.83544806652978,0.43690414243457665,15.680792396709162,0.15068411573969692,1.0,71
A14F1,17.900000000000006,0.6500000000000057,55.566019292369695,40.400000000000006,38.150000000000006,0,0.11717410683087381,4.440271101841635,0.8416,17.911797788050205,17.911797788050205,0.39453299092621597,14.272519405246982,0.11028360894799509,1.0,71
A14F1,3.4000000000000057,-17.849999999999994,32.51049830439393,25.900000000000006,19.650000000000006,0,0.11468978105730128,4.346127087801012,0.8144,18.170924577467154,18.170924577467154,0.40024062945962896,14.118535012678048,0.389145247085425,1.0,71
A14F1,0.9000000000000057,32.900000000000006,74.18706086643412,23.400000000000006,70.4,0,0.09690402501776112,3.672134099525965,0.8928,32.91230772826482,32.91230772826482,0.7249406988604586,13.199534512053718,0.08832060855419586,1.0,71
A14F1,-0.5999999999999943,2.6500000000000057,39.42882828591283,-38.099999999999994,10.150000000000006,0,0.8705152981277084,32.931520069046925,0.9952,2.7170756338387094,2.7170756338387094,0.05984748092155748,38.2564867964305,0.4024316939571695,1.0,72
A14F1,13.650000000000006,-9.599999999999994,23.942274328058303,-23.849999999999994,-2.0999999999999943,0,0.23910442561305872,9.044575499797165,0.9584,16.687794941213774,16.687794941213774,0.36757257579766023,23.378671475002456,0.15193192772674527,1.0,72
A14F1,-8.849999999999994,19.150000000000006,53.46536261917616,-46.349999999999994,26.650000000000006,0,0.23418737168738887,8.85857314174237,0.9456,21.096089685057752,21.096089685057752,0.4646715789660298,23.373716935850606,0.1958837646035916,1.0,72
A14F1,-3.0999999999999943,-7.599999999999994,40.60012315252257,-40.599999999999994,-0.09999999999999432,0,0.19362595370279087,7.32422432862922,0.7872,8.207923001588153,8.207923001588153,0.18079125554158929,18.49895396723976,0.5391046640531858,1.0,72
A14F1,-15.099999999999994,-9.349999999999994,52.63252321521361,-52.599999999999994,-1.8499999999999943,0,0.14773506938740905,5.588292623408384,1.0,17.76041947702812,17.76041947702812,0.3911986668948925,17.684449770851852,0.14897372866822797,1.0,72
A14F1,-17.849999999999994,8.900000000000006,57.72852414534776,-55.349999999999994,16.400000000000006,0,0.13068572358301717,4.943365771078797,0.9888,19.94573889330751,19.94573889330751,0.4393334557997249,15.850132828861028,0.06029009206267968,1.0,72
A14F1,1.4000000000000057,21.650000000000006,46.39970366284681,-36.099999999999994,29.150000000000006,0,0.13498542931799296,5.106010791681224,0.9344,21.695218367188662,21.695218367188662,0.47786824597331856,15.744025372052485,0.16448815486678844,1.0,72
A14F1,3.4000000000000057,-17.849999999999994,35.63611230198939,-34.099999999999994,-10.349999999999994,0,0.11507031371135128,4.352682966480761,0.8112,18.170924577467154,18.170924577467154,0.40024062945962896,14.118441086507163,0.5396318283057541,1.0,72
A14F1,0.9000000000000057,32.900000000000006,54.51348457033361,-36.599999999999994,40.400000000000006,0,0.0996551343531069,3.7695765606622404,0.8816,32.91230772826482,32.91230772826482,0.7249406988604586,13.53253197570075,0.10242915696641479,1.0,72
A14F1,17.900000000000006,0.6500000000000057,21.22692865206834,-19.599999999999994,8.150000000000006,0,0.1115000967082749,4.2176329949473175,0.84,17.911797788050205,17.911797788050205,0.39453299092621597,13.432368027172386,0.16423267753118942,1.0,72
A16F1,-0.75,-0.75,37.36475612124345,6.75,36.75,0,0.8108617109998976,28.850656361927328,1.0,1.0606601717798212,1.0606601717798212,0.01860807318911967,36.20608609847141,0.6432549554193837,1.0,73
A16F1,14.0,-14.0,31.851216617265973,21.5,23.5,0,0.29300700871915064,10.424851081700611,0.9552,19.79898987322333,19.79898987322333,0.3473506995302339,24.94118179126084,0.11791537050950157,1.0,73
A16F1,-11.25,17.0,54.62886141958296,-3.75,54.5,0,0.26371309946001886,9.382586770608032,0.9088,20.38535013189619,20.38535013189619,0.35763772161221385,23.797965686014486,0.05832373668403772,1.0,73
A16F1,-5.5,-11.0,26.575364531836623,2.0,26.5,0,0.24667147223187827,8.776255355377673,0.9168,12.298373876248844,12.298373876248844,0.21576094519734815,21.414843206893494,0.49147145427634503,1.0,73
A16F1,9.5,4.0,44.84696199298231,17.0,41.5,0,0.2488383402652255,8.853351202026797,0.6464,10.307764064044152,10.307764064044152,0.1808379660358623,21.338351881684797,0.6956021870077471,1.0,73
A16F1,-19.25,6.75,45.78345771127384,-11.75,44.25,0,0.18087267590663808,6.435186268261926,0.8864,20.399142138825347,20.399142138825347,0.35787968664605874,19.328460294887332,0.028417265035115505,1.0,73
A16F1,-1.0,22.5,60.35105632878351,6.5,60.0,0,0.18588886233514196,6.613657388048761,0.9952,22.522211259110417,22.522211259110417,0.39512651331772664,19.047592799623715,0.0002678497740633042,1.0,73
A16F1,3.75,-21.25,19.764235376052373,11.25,16.25,1,0.1660065940665033,5.906266079415028,0.9536,21.578345627040086,21.578345627040086,0.37856746714105416,17.995588349086365,0.0851056290213208,1.0,73
A16F1,20.5,-3.75,43.8527365166645,28.0,33.75,0,0.17042608969465978,6.063507149106415,0.8608,20.840165546367427,20.840165546367427,0.3656169394099549,17.87089375079053,0.027903812459724384,1.0,73
A16F1,-18.75,-14.25,25.828763036583847,-11.25,23.25,0,0.16282873000231723,5.793201037841158,1.0,23.550477702161373,23.550477702161373,0.4131662754765153,17.45219191689951,0.0972781264798945,1.0,73
A16F1,-0.75,-0.75,37.66463858846916,-8.25,36.75,0,0.8000904352311344,28.848533196679746,1.0,1.0606601717798212,1.0606601717798212,0.01860807318911967,36.32109704897462,0.676959010210508,1.0,74
A16F1,14.25,-13.75,24.690585250252777,6.75,23.75,0,0.28384893713094145,10.234218906813265,0.96,19.802146348312853,19.802146348312853,0.3474060762861904,24.75401042254913,0.1126011606799243,1.0,74
A16F1,-12.0,16.25,57.17790220006327,-19.5,53.75,0,0.26673629732038134,9.617207290638845,0.9088,20.20055692301576,20.20055692301576,0.35439573549150455,24.130522116248713,0.08163604632280139,1.0,74
A16F1,-5.25,-11.0,29.407694571319254,-12.75,26.5,0,0.24982839169892593,9.007579143403007,0.8976,12.188621743248905,12.188621743248905,0.21383546917980537,21.75231658538218,0.36538541293399207,1.0,74
A16F1,2.5,9.5,47.265209192385896,-5.0,47.0,0,0.2578828947470202,9.297990536726022,0.6896,9.82344135219425,9.82344135219425,0.17234107635428508,21.721956830009816,0.5338915394967487,1.0,74
A16F1,-1.75,22.5,60.708833788831754,-9.25,60.0,0,0.18394593399503947,6.632149210203766,0.9984,22.56795294217001,22.56795294217001,0.39592899898543876,19.385971524692728,0.00784894130236886,1.0,74
A16F1,-19.5,6.0,51.198144497628036,-27.0,43.5,0,0.17919626456899934,6.460898074669783,0.8832,20.402205763103165,20.402205763103165,0.35793343444040643,19.3685377241713,0.005424365409112378,1.0,74
A16F1,4.0,-21.25,16.62265020987929,-3.5,16.25,1,0.1604220114562527,5.783986469996041,0.9504,21.623193566168712,21.623193566168712,0.37935427309067915,17.783437899753697,0.07735644311385095,1.0,74
A16F1,-17.75,-15.25,33.65449449924928,-25.25,22.25,0,0.16384324810976048,5.907340088758701,1.0,23.40138884767312,23.40138884767312,0.41055068153812496,17.59349100434096,0.14340948546787002,1.0,74
A16F1,20.5,-3.5,36.40054944640259,13.0,34.0,0,0.15759184668733914,5.681944157931589,0.872,20.796634343085422,20.796634343085422,0.36485323408921794,17.076079078834617,0.08298274292404406,1.0,74
A16F1,-0.75,-0.75,27.03932321638247,-25.75,-8.25,0,0.8038306607739344,28.87707080106896,1.0,1.0606601717798212,1.0606601717798212,0.01860807318911967,36.383000237610325,0.6852432870940599,1.0,75
A16F1,14.0,-14.25,24.373397383212705,-11.0,-21.75,0,0.2848369603979298,10.23216786572971,0.9488,19.976548750972977,19.976548750972977,0.35046576756092945,24.88295192470971,0.13323998519682387,1.0,75
A16F1,-10.5,17.75,36.95013531774951,-35.5,10.25,0,0.271342669611223,9.747403821491458,0.9184,20.623105973640342,20.623105973640342,0.3618088767305323,24.237426223846352,0.06749063416554733,1.0,75
A16F1,-5.25,-11.0,35.45860262334092,-30.25,-18.5,0,0.24555722098252786,8.821099433355473,0.8976,12.188621743248905,12.188621743248905,0.21383546917980537,21.534217963959147,0.4748520892504101,1.0,75
A16F1,2.75,9.5,22.339706802015105,-22.25,2.0,0,0.24528769637554101,8.811417176833436,0.6848,9.89002022242624,9.89002022242624,0.1735091267092323,20.900570803866923,0.5865297444511012,1.0,75
A16F1,-18.75,7.5,43.75,-43.75,0.0,0,0.1869017705592395,6.714002106544602,0.8816,20.19436802675439,20.19436802675439,0.3542871583641121,19.72555648868201,0.006307654752304172,1.0,75
A16F1,-0.25,22.5,29.36941436256433,-25.25,15.0,0,0.17230705213049982,6.1897146019797775,0.9904,22.501388846024593,22.501388846024593,0.39476120782499285,18.095237677302983,0.03303346558706628,1.0,75
A16F1,-17.75,-15.25,48.42649068433516,-42.75,-22.75,0,0.16845402904836151,6.051302270585395,1.0,23.40138884767312,23.40138884767312,0.41055068153812496,17.93045617880758,0.10689242714609606,1.0,75
A16F1,3.75,-21.25,35.75087411518773,-21.25,-28.75,0,0.1611499617432423,5.788918137586154,0.9536,21.578345627040086,21.578345627040086,0.37856746714105416,17.81697169667045,0.09207937097991128,1.0,75
A16F1,20.25,-4.0,12.442367138129304,-4.75,-11.5,1,0.16680000513155752,5.991884715822475,0.8768,20.641281452468014,20.641281452468014,0.3621277447801406,17.70840063192214,0.027203759389146136,1.0,75
A16F1,-0.75,-0.75,37.66463858846916,-8.25,36.75,0,0.8093005965668753,29.16819257242067,1.0,1.0606601717798212,1.0606601717798212,0.01860807318911967,36.526144486877385,0.6905202504721413,1.0,76
A16F1,13.75,-14.25,24.075402385006985,6.25,23.25,0,0.2847103700158839,10.26089975502045,0.9568,19.802146348312853,19.802146348312853,0.3474060762861904,24.76889808669928,0.12074529173830131,1.0,76
A16F1,-11.5,16.75,57.48097511351038,-19.0,54.25,0,0.2743700505371115,9.888229038712966,0.9104,20.317787773278862,20.317787773278862,0.35645241707506775,24.44870410692523,0.06818055385880713,1.0,76
A16F1,2.75,9.5,47.23941680419012,-4.75,47.0,0,0.2546824069266473,9.17867733288715,0.6928,9.89002022242624,9.89002022242624,0.1735091267092323,21.53541783587925,0.5255866861446851,1.0,76
A16F1,-5.25,-11.0,29.407694571319254,-12.75,26.5,0,0.23852762107994413,8.596453044115325,0.8848,12.188621743248905,12.188621743248905,0.21383546917980537,21.18074096842762,0.6074357410487972,1.0,76
A16F1,-19.25,6.5,51.49332481011495,-26.75,44.0,0,0.17841906101708582,6.430131622716931,0.8768,20.317787773278862,20.317787773278862,0.35645241707506775,19.29506185012062,0.0017082854898601044,1.0,76
A16F1,-1.25,22.5,60.63466417817452,-8.75,60.0,0,0.17675906984279,6.3703055783757625,0.9984,22.534695471649933,22.534695471649933,0.3953455345903497,18.618187194354192,0.07299461848178886,1.0,76
A16F1,3.5,-21.25,16.73506797117956,-4.0,16.25,1,0.16202041623126687,5.839125504917995,0.9568,21.536306554281772,21.536306554281772,0.377829939548803,17.824667959068428,0.0921492859115214,1.0,76
A16F1,-18.0,-15.0,34.007352146263905,-25.5,22.5,0,0.16454481523936207,5.930104588078928,1.0,23.430749027719962,23.430749027719962,0.4110657724161397,17.678074935961526,0.10838633779068613,1.0,76
A16F1,20.25,-4.0,35.84428127330774,12.75,33.5,0,0.16542957411991369,5.961991216377421,0.896,20.641281452468014,20.641281452468014,0.3621277447801406,17.563661747101484,0.03516269511238234,1.0,76
A16F1,-2.5,0.5,25.96150997149434,-25.0,-7.0,0,0.8025753654618345,29.74849491848442,1.0,2.5495097567963922,2.5495097567963922,0.044728241347305124,36.51043607496218,0.7266300123110735,1.0,77
A16F1,-12.0,19.0,36.36619309193636,-34.5,11.5,0,0.2699602393293983,10.006004764409761,0.9504,22.47220505424423,22.47220505424423,0.394249211477969,24.580605730914623,0.08413307374131153,1.0,77
A16F1,12.5,-13.25,23.03394234602492,-10.0,-20.75,0,0.26401395738288125,9.78560280273998,0.952,18.21572123194687,18.21572123194687,0.3195740567008223,24.098176881437183,0.12857829085911593,1.0,77
A16F1,1.0,10.75,21.744252114064533,-21.5,3.25,0,0.24276736959226708,8.998088922416935,0.72,10.796411440844592,10.796411440844592,0.18941072703236125,20.984493921625766,0.8971566750732286,1.0,77
A16F1,-12.75,-2.75,36.710012258238216,-35.25,-10.25,0,0.20312277018486585,7.528651926055239,0.7248,13.043197460745581,13.043197460745581,0.22882802562711546,19.794433774499893,0.45706745149831624,1.0,77
A16F1,2.25,-19.75,33.95033136804411,-20.25,-27.25,0,0.17641236648762051,6.538629319084634,0.9248,19.87775138188422,19.87775138188422,0.3487324803839337,19.020262932454088,0.05566274816882567,1.0,77
A16F1,-20.0,-13.0,47.185802949616104,-42.5,-20.5,0,0.17581544706228347,6.516504514922392,1.0,23.853720883753127,23.853720883753127,0.4184863312939145,18.92005678242563,0.20091215131698126,1.0,77
A16F1,-20.25,8.75,42.7682709493849,-42.75,1.25,0,0.16584345560771233,6.146893199753306,0.9104,22.05957841845578,22.05957841845578,0.38701014769220665,18.62244814688228,0.07010035077866322,1.0,77
A16F1,18.75,-3.0,11.149551560488879,-3.75,-10.5,1,0.17297593499657762,6.411258096980314,0.936,18.988483351758244,18.988483351758244,0.3331312868729517,18.108391254381477,0.112507171746765,1.0,77
A16F1,-1.75,22.75,28.646553021262434,-24.25,15.25,0,0.1624581393187352,6.021416769961898,0.9984,22.81720841820927,22.81720841820927,0.4003019020738468,17.754295196185453,0.26391482556020923,1.0,77
A16F1,-2.5,0.5,37.33630940518894,5.0,-37.0,0,0.8123147498675756,30.20118488834491,1.0,2.5495097567963922,2.5495097567963922,0.044728241347305124,36.886061790157775,0.7290085001664166,1.0,78
A16F1,-12.25,18.75,19.3423111338847,-4.75,-18.75,1,0.2650477912593345,9.853828524800992,0.944,22.39698640442504,22.39698640442504,0.3929295860425446,24.43242314759153,0.072030052001031,1.0,78
A16F1,12.0,-13.5,54.60082416960389,19.5,-51.0,0,0.25991946816972306,9.663166090715254,0.9456,18.062391868188442,18.062391868188442,0.31688406786295514,23.892553509876954,0.12330392642420723,1.0,78
A16F1,1.0,10.75,28.06799779107872,8.5,-26.75,0,0.24443637792210424,9.08753175542259,0.7152,10.796411440844592,10.796411440844592,0.18941072703236125,21.200962165111832,0.8206791036032325,1.0,78
A16F1,-12.75,-3.0,40.838860170185946,-5.25,-40.5,0,0.20765926771566234,7.720228498087595,0.7376,13.098186897429736,13.098186897429736,0.2297927525864866,20.273909940049766,0.6003066620290508,1.0,78
A16F1,-20.25,8.5,31.6790545944793,-12.75,-29.0,0,0.17422587346785584,6.477245177672972,0.9136,21.961614239395065,21.961614239395065,0.38529147788412393,19.379440977963366,0.0495159313671612,1.0,78
A16F1,1.75,-19.75,57.99245640598439,9.25,-57.25,0,0.177579954698108,6.601942570279398,0.936,19.827380058898353,19.827380058898353,0.347848772963129,19.103734289000553,0.05669518632366569,1.0,78
A16F1,-19.5,-13.25,52.1494247331646,-12.0,-50.75,0,0.17260771360495844,6.417085562452324,1.0,23.575676024241595,23.575676024241595,0.41360835130248413,18.689851375536573,0.2203549956760942,1.0,78
A16F1,18.75,-3.25,48.47293059017579,26.25,-40.75,0,0.17177774098750467,6.386229016835592,0.9504,19.029582233985064,19.029582233985064,0.3338523198944748,18.1052494981517,0.11183239593013442,1.0,78
A16F1,-2.0,22.5,15.976545308670458,5.5,-15.0,1,0.1608714218657693,5.980756578975628,0.9968,22.588713996153036,22.588713996153036,0.39629322800268485,17.703767009535742,0.2444402628702908,1.0,78
A16F1,-2.5,0.25,52.986436943806666,5.0,52.75,0,0.8035089780039912,30.035733772114057,1.0,2.5124689052802225,2.5124689052802225,0.04407840184702145,36.78438015542739,0.7550930510371375,1.0,79
A16F1,12.25,-13.25,43.93887800115064,19.75,39.25,0,0.2709338396863138,10.127268833786227,0.9424,18.04508243261859,18.04508243261859,0.31658039355471207,24.511843967157745,0.15542258248568727,1.0,79
A16F1,-12.75,18.25,70.94452057770212,-5.25,70.75,0,0.2610712916577785,9.758607788571592,0.9504,22.262636860893185,22.262636860893185,0.390572576506898,24.21288678427419,0.06064718402560213,1.0,79
A16F1,1.0,10.5,63.57082664241515,8.5,63.0,0,0.2626538782869281,9.81776467727059,0.7264,10.547511554864494,10.547511554864494,0.18504406236604376,22.16939532153907,0.6918578094278514,1.0,79
A16F1,-12.75,-3.25,49.52903189039737,-5.25,49.25,0,0.1960269571668472,7.327271669260429,0.7472,13.157697366940766,13.157697366940766,0.2308367959112415,19.51814857242031,0.4979679935596857,1.0,79
A16F1,-20.5,8.0,61.88093405888441,-13.0,60.5,0,0.16987010431193506,6.349544099675621,0.9216,22.005681084665387,22.005681084665387,0.38606458043272607,19.070344766103393,0.05786052308741227,1.0,79
A16F1,2.0,-19.75,34.100036656871794,9.5,32.75,0,0.1735555211453232,6.487302537706732,0.9216,19.851007531105317,19.851007531105317,0.34826329001939155,18.905419822803577,0.06499032606213916,1.0,79
A16F1,-19.5,-13.5,40.80441152620633,-12.0,39.0,0,0.17392341475135895,6.501054161250157,1.0,23.717082451262844,23.717082451262844,0.41608916581162886,18.82296758832227,0.192461266456962,1.0,79
A16F1,18.75,-3.0,56.02956808685928,26.25,49.5,0,0.17272890506910707,6.456404169735918,0.9456,18.988483351758244,18.988483351758244,0.3331312868729517,18.18059377331757,0.12292565194444587,1.0,79
A16F1,-2.5,22.75,75.41593001481849,5.0,75.25,0,0.1633641935332996,6.106357665213425,0.9984,22.886950430321644,22.886950430321644,0.4015254461459937,17.94815168573336,0.2192532393048877,1.0,79
A15F1,-0.8000000000000114,1.6999999999999886,31.23347563112375,-23.30000000000001,-20.80000000000001,0,0.862079569184542,30.769138264022853,1.0,1.8788294228055882,1.8788294228055882,0.033431128519672386,36.101280224549356,0.5985699490484805,1.0,80
A15F1,12.949999999999989,-16.55000000000001,40.20080844958222,-9.550000000000011,-39.05000000000001,0,0.2309095739104251,8.24116314379765,0.9872,21.014399824881988,21.014399824881988,0.3739217050690745,22.35768203285948,0.12637363978625218,1.0,80
A15F1,-10.550000000000011,20.19999999999999,33.12993359486253,-33.05000000000001,-2.3000000000000114,0,0.21141688931599206,7.545457705430068,0.9984,22.78908730072356,22.78908730072356,0.405499774034227,20.611496187076366,0.11179815554970494,1.0,80
A15F1,2.6999999999999886,-19.80000000000001,46.70471068318485,-19.80000000000001,-42.30000000000001,0,0.19433601838343958,6.935833063998463,1.0,19.983242980057078,19.983242980057078,0.35557371850635366,19.882212666464135,0.005554912307990558,1.0,80
A15F1,-20.05000000000001,-10.050000000000011,53.572427609732244,-42.55000000000001,-32.55000000000001,0,0.167921443261898,5.993087155503221,0.9952,22.427772961219326,22.427772961219326,0.39907069326013034,18.657733881304598,0.12526954924276917,1.0,80
A15F1,-1.0500000000000114,-8.550000000000011,38.97056581575384,-23.55000000000001,-31.05000000000001,0,0.19745809057991798,7.04726122687568,0.6976,8.61423240921675,8.61423240921675,0.153278156747629,18.21900291811645,0.1596951661215266,1.0,80
A15F1,-11.050000000000011,1.6999999999999886,39.47458042842256,-33.55000000000001,-20.80000000000001,0,0.184483744212346,6.584201317665343,0.7008,11.18000447227103,11.18000447227103,0.19893246391941333,17.675411641725837,0.20734061402426332,1.0,80
A15F1,-7.550000000000011,-19.55000000000001,51.68370149283042,-30.05000000000001,-42.05000000000001,0,0.1495384475522154,5.336993567877134,1.0,20.95721832686773,20.95721832686773,0.37290424069159656,16.966048066036134,0.01952258687851235,1.0,80
A15F1,-22.55000000000001,0.19999999999998863,50.26721098290616,-45.05000000000001,-22.30000000000001,0,0.14987105127423048,5.348864258870558,1.0,22.550886900519025,22.550886900519025,0.4012613327494488,16.594657267606927,0.006829832202418887,1.0,80
A15F1,30.94999999999999,-15.300000000000011,38.73296399709169,8.449999999999989,-37.80000000000001,0,0.11700341574563046,4.17581498784183,0.9312,34.52524438725959,34.52524438725959,0.6143281919441208,16.416628280772233,0.08457331450072278,1.0,80
A15F1,-0.5500000000000114,1.1999999999999886,38.5680243206727,-38.05000000000001,-6.300000000000011,0,0.8678268885177867,30.802016413096474,1.0,1.3200378782444029,1.3200378782444029,0.023488218474099695,36.007739994838374,0.5896599913098268,1.0,81
A15F1,13.449999999999989,-16.05000000000001,33.66013963132062,-24.05000000000001,-23.55000000000001,0,0.24546488451846069,8.71193096013308,0.9856,20.940510977528703,20.940510977528703,0.37260695689552853,23.112332252170997,0.1349869030449829,1.0,81
A15F1,-12.300000000000011,18.94999999999999,51.099339526064334,-49.80000000000001,11.449999999999989,0,0.21471493677452788,7.6205492348987525,0.9936,22.591868005988346,22.591868005988346,0.40199053391438333,20.695373644209056,0.11344448759520684,1.0,81
A15F1,3.1999999999999886,-19.80000000000001,43.83811127318331,-34.30000000000001,-27.30000000000001,0,0.19336457383990943,6.862782039951872,1.0,20.05691900566985,20.05691900566985,0.3568846798161895,19.835490034903216,0.031956058690517784,1.0,81
A15F1,-10.800000000000011,0.9499999999999886,48.74210192431181,-48.30000000000001,-6.550000000000011,0,0.20733334846892376,7.358561579225907,0.68,10.841701895920226,10.841701895920226,0.19291284512313567,19.033847824497602,0.28051853183281666,1.0,81
A15F1,-19.05000000000001,-11.550000000000011,59.6724810947224,-56.55000000000001,-19.05000000000001,0,0.16177334444670616,5.7415505683769155,0.9936,22.277903851125686,22.277903851125686,0.3964039831161154,18.11213298888029,0.08526884453605742,1.0,81
A15F1,-7.050000000000011,-19.80000000000001,52.24933013924678,-44.55000000000001,-27.30000000000001,0,0.1518268719184437,5.388532902837645,1.0,21.017671136450886,21.017671136450886,0.37397991345998016,17.154942410527713,0.04744433468677817,1.0,81
A15F1,30.94999999999999,-15.300000000000011,23.722194249267933,-6.550000000000011,-22.80000000000001,0,0.11908766034666929,4.226565009973354,0.9168,34.52524438725959,34.52524438725959,0.6143281919441208,16.6777759097699,0.07742686670663185,1.0,81
A15F1,-0.5500000000000114,-9.050000000000011,41.49343321538965,-38.05000000000001,-16.55000000000001,0,0.17053052466336974,6.05235862608201,0.7104,9.066697303869818,9.066697303869818,0.16132913352081527,16.47276452931275,0.14038661916712517,1.0,81
A15F1,-22.55000000000001,-1.3000000000000114,60.6913708858187,-60.05000000000001,-8.800000000000011,0,0.14917262720493857,5.294329218779349,1.0,22.587441200808925,22.587441200808925,0.40191176513894883,16.455930354444078,0.07700045276090195,1.0,81
A15F1,-0.8000000000000114,1.6999999999999886,25.58378392654221,-8.300000000000011,24.19999999999999,0,0.8694887569887572,31.065680169389466,1.0,1.8788294228055882,1.8788294228055882,0.033431128519672386,36.124129071031454,0.6662064259082386,1.0,82
A15F1,13.449999999999989,-16.05000000000001,8.775249284208382,5.949999999999989,6.449999999999989,1,0.250078239699629,8.934531162233082,0.9888,20.940510977528703,20.940510977528703,0.37260695689552853,23.34333056113526,0.16601665468259977,1.0,82
A15F1,-12.550000000000011,18.94999999999999,46.04459794590457,-20.05000000000001,41.44999999999999,0,0.21481174552075216,7.674545954038732,0.9904,22.728946302017604,22.728946302017604,0.4044296495020926,20.908661142496236,0.1385250981770504,1.0,82
A15F1,3.1999999999999886,-19.55000000000001,5.214642844912778,-4.300000000000011,2.9499999999999886,1,0.19252937070442408,6.878455018216471,1.0,19.81016153391992,19.81016153391992,0.3524939774718847,19.661515080961195,0.054000006927688596,1.0,82
A15F1,-19.30000000000001,-11.300000000000011,29.046170143411338,-26.80000000000001,11.199999999999989,0,0.16737783985397994,5.979859978697794,0.992,22.36470433517959,22.36470433517959,0.3979484757149393,18.625441303144562,0.12019900210885823,1.0,82
A15F1,-11.050000000000011,1.1999999999999886,30.096386826328505,-18.55000000000001,23.69999999999999,0,0.1954623481778515,6.983242468775603,0.6736,11.114967386366917,11.114967386366917,0.19777522039798784,18.530787457122276,0.25015668989533935,1.0,82
A15F1,-0.8000000000000114,-8.550000000000011,16.23245206369019,-8.300000000000011,13.949999999999989,1,0.19960654731446692,7.13130371586882,0.6912,8.587345340674277,8.587345340674277,0.1527997391579053,18.350592973973935,0.17659700396283873,1.0,82
A15F1,-9.050000000000011,-19.30000000000001,16.85652692579347,-16.55000000000001,3.1999999999999886,1,0.14641490847681632,5.230914781354819,1.0,21.316484231692634,21.316484231692634,0.37929687245004684,16.783500394850563,0.02240750474878321,1.0,82
A15F1,30.94999999999999,-15.300000000000011,24.53044027326047,23.44999999999999,7.199999999999989,0,0.11748891829334952,4.197476444916181,0.9248,34.52524438725959,34.52524438725959,0.6143281919441208,16.514588580387468,0.08358565953379807,1.0,82
A15F1,9.449999999999989,1.6999999999999886,24.27843693486052,1.9499999999999886,24.19999999999999,0,0.16889878809849915,6.034199177017844,0.5888,9.601692559127258,9.601692559127258,0.17084862204852772,16.505498429849478,0.21582787621706961,1.0,82
A15F1,-1.0500000000000114,1.4499999999999886,32.15128302261045,21.44999999999999,23.94999999999999,0,0.8658500759836014,31.07094627556432,1.0,1.790251378996813,1.790251378996813,0.03185500674371553,36.157000463028425,0.6519933250750127,1.0,83
A15F1,11.699999999999989,-17.05000000000001,34.63152465601246,34.19999999999999,5.449999999999989,0,0.2473907420067077,8.877161735422384,0.9888,20.678309892251836,20.678309892251836,0.367941457157506,23.220845656859947,0.1236209327763571,1.0,83
A15F1,-11.300000000000011,19.69999999999999,43.66096654908133,11.199999999999989,42.19999999999999,0,0.2146166374276285,7.701103457078315,0.9952,22.710790386950425,22.710790386950425,0.4041065905151321,20.855366027241704,0.11683491597360447,1.0,83
A15F1,1.4499999999999886,-20.30000000000001,24.05083158645454,23.94999999999999,2.1999999999999886,0,0.19546198026513037,7.013765036758867,1.0,20.3517198290464,20.3517198290464,0.36213024606844124,20.173620050718057,0.004498817337810276,1.0,83
A15F1,-21.05000000000001,-8.050000000000011,14.522568643322009,1.4499999999999886,14.449999999999989,1,0.16681574272915448,5.985838220594391,1.0,22.536747768921778,22.536747768921778,0.4010097467779676,18.488289933768,0.06183707402980702,1.0,83
A15F1,9.199999999999989,1.4499999999999886,39.73024666422295,31.69999999999999,23.94999999999999,0,0.1945519430382957,6.981109659055517,0.608,9.313565375300684,9.313565375300684,0.165721803830973,18.21287167451373,0.2599383503954634,1.0,83
A15F1,-1.8000000000000114,-8.800000000000011,24.82297323045729,20.69999999999999,13.699999999999989,0,0.18371131905158894,6.592109809655154,0.6944,8.98220462915426,8.98220462915426,0.1598257051450936,17.373006961158858,0.1546273608942523,1.0,83
A15F1,-11.300000000000011,2.1999999999999886,27.120656334240866,11.199999999999989,24.69999999999999,0,0.16446910425155872,5.901632860446766,0.696,11.51216747619666,11.51216747619666,0.20484283765474484,16.472594134818856,0.1857033465608919,1.0,83
A15F1,-8.800000000000011,-19.55000000000001,14.014010846292349,13.699999999999989,2.9499999999999886,1,0.1412621893410161,5.068891590089963,1.0,21.439274707881342,21.439274707881342,0.3814817563679954,16.43731736574705,0.03333410872773047,1.0,83
A15F1,-22.30000000000001,2.1999999999999886,24.70080970332753,0.19999999999998863,24.69999999999999,0,0.14903704800822878,5.347879032532223,1.0,22.40825740659011,22.40825740659011,0.3987234413984005,16.345161413744115,0.1083611380507261,1.0,83
A15F1,-1.3000000000000114,2.1999999999999886,21.22569197929717,6.199999999999989,-20.30000000000001,0,0.8561569883763219,31.359208545316147,1.0,2.5553864678361236,2.5553864678361236,0.04546951010384561,36.164244814471175,0.4271909219927636,1.0,84
A15F1,11.699999999999989,-16.55000000000001,43.514853785805144,19.19999999999999,-39.05000000000001,0,0.2455819412773947,8.994703704998743,0.984,20.26801667652758,20.26801667652758,0.360640866130384,23.285854697526446,0.12483022819459569,1.0,84
A15F1,-11.300000000000011,20.44999999999999,4.317696144936572,-3.8000000000000114,-2.0500000000000114,1,0.21921573019897275,8.028995794852026,0.9952,23.36434249021358,23.36434249021358,0.41573563149846227,21.441658658191574,0.1043027746510809,1.0,84
A15F1,1.4499999999999886,-19.80000000000001,43.236471872714134,8.949999999999989,-42.30000000000001,0,0.18909962911764067,6.925946695731686,1.0,19.853022439920842,19.853022439920842,0.35325662704485483,19.731374516497475,0.022323095351230525,1.0,84
A15F1,-20.80000000000001,-8.800000000000011,34.00852834216737,-13.300000000000011,-31.30000000000001,0,0.1773858141846476,6.496911421362462,0.9952,22.584950741588983,22.584950741588983,0.4018674509179534,19.386512148309215,0.09266106029754118,1.0,84
A15F1,-11.550000000000011,1.9499999999999886,20.945285865798073,-4.050000000000011,-20.55000000000001,0,0.19103397842214434,6.996795091164586,0.6864,11.713453803212792,11.713453803212792,0.20842444489702475,18.40912267594331,0.24636610712892124,1.0,84
A15F1,-1.3000000000000114,-8.050000000000011,31.17278460452323,6.199999999999989,-30.55000000000001,0,0.1794331727544995,6.571898807644315,0.6768,8.154293347678891,8.154293347678891,0.14509418768111906,17.02944115968677,0.14157169580726112,1.0,84
A15F1,-22.80000000000001,1.4499999999999886,26.022922587595744,-15.300000000000011,-21.05000000000001,0,0.153468076402573,5.620892468932229,1.0,22.84606092962199,22.84606092962199,0.40651353967298914,16.954174478777503,0.06909248424629087,1.0,84
A15F1,30.19999999999999,-15.050000000000011,53.20989099782107,37.69999999999999,-37.55000000000001,0,0.11631305823687295,4.260047180511372,0.9392,33.742295416879976,33.742295416879976,0.6003967156028466,16.445143700926778,0.09563745528905243,1.0,84
A15F1,-0.8000000000000114,37.44999999999999,16.382689034465603,6.699999999999989,14.949999999999989,1,0.11852922075409675,4.341216455176703,0.9968,37.458543751726374,37.458543751726374,0.6665221308136365,16.03854477168101,0.099302190831183,1.0,84
A15F1,-1.3000000000000114,1.9499999999999886,32.361126371002584,21.19999999999999,24.44999999999999,0,0.8567820327414584,31.317890171114087,1.0,2.34360832905159,2.34360832905159,0.04170121581942331,36.07427924382786,0.43571945802912465,1.0,85
A15F1,12.449999999999989,-16.05000000000001,35.54018851947748,34.94999999999999,6.449999999999989,0,0.24630645813740282,9.002782100287808,0.9808,20.312680768426407,20.312680768426407,0.3614356008616798,23.32406489301293,0.12483411547641635,1.0,85
A15F1,-13.800000000000011,18.69999999999999,42.108550200642135,8.699999999999989,41.19999999999999,0,0.21754154972272416,7.95137358046082,0.984,23.240697063556418,23.240697063556418,0.4135355349387263,21.287639599929857,0.11066193589921625,1.0,85
A15F1,2.1999999999999886,-19.55000000000001,24.87554019513947,24.69999999999999,2.9499999999999886,0,0.19963605932401415,7.296898530179475,1.0,19.673395741457558,19.673395741457558,0.350060422445864,20.421392028176033,0.00277280145715458,1.0,85
A15F1,-11.550000000000011,1.6999999999999886,26.562049996188154,10.949999999999989,24.19999999999999,0,0.19903643385167666,7.274981267844909,0.6672,11.674437887967036,11.674437887967036,0.20773021152966256,18.93463852921659,0.2552888787232529,1.0,85
A15F1,-20.30000000000001,-9.800000000000011,12.889142717807095,2.1999999999999886,12.699999999999989,1,0.16514741338673009,6.036287221099129,0.992,22.54173906334648,22.54173906334648,0.4010985598460228,18.566964621054215,0.07003700588112587,1.0,85
A15F1,-22.80000000000001,0.44999999999998863,22.951960700558885,-0.30000000000001137,22.94999999999999,0,0.15454742772879676,5.648843375650209,1.0,22.804440357088364,22.804440357088364,0.40577296009054026,17.127970795353583,0.006213689770110702,1.0,85
A15F1,-8.050000000000011,-19.05000000000001,14.856143510346135,14.449999999999989,3.4499999999999886,1,0.15063028003511028,5.505666483494831,1.0,20.68102995500951,20.68102995500951,0.367989856850703,17.1252062595472,0.06418299363566267,1.0,85
A15F1,-3.5500000000000114,22.19999999999999,48.55092687065818,18.94999999999999,44.69999999999999,0,0.15957300179281114,5.832534838603692,1.0,22.48204839421888,22.48204839421888,0.40003644829570956,17.107997650636403,0.0698219415554385,1.0,85
A15F1,30.69999999999999,-14.050000000000011,53.86689614225047,53.19999999999999,8.449999999999989,0,0.11668147700992222,4.264796909968925,0.936,33.76229405712828,33.76229405712828,0.6007525632940974,16.50929648541739,0.08840877786358137,1.0,85
A15F1,-1.5500000000000114,2.1999999999999886,22.225942049775995,-9.050000000000011,-20.30000000000001,0,0.8567580022492519,31.44910693784625,1.0,2.691189328159575,2.691189328159575,0.04788593110604226,36.284216985145015,0.4431340807380729,1.0,86
A15F1,12.449999999999989,-16.05000000000001,38.86650228667356,4.949999999999989,-38.55000000000001,0,0.24554194889898442,9.01269189019082,0.9824,20.312680768426407,20.312680768426407,0.3614356008616798,23.324845987191196,0.14750357645493375,1.0,86
A15F1,-13.050000000000011,19.19999999999999,20.813277012522573,-20.55000000000001,-3.3000000000000114,0,0.22428244694999494,8.232341349649722,0.984,23.215135149294305,23.215135149294305,0.4130806966066602,21.782348817298455,0.1296305830203033,1.0,86
A15F1,2.1999999999999886,-19.30000000000001,42.134665063341856,-5.300000000000011,-41.80000000000001,0,0.19863389243411889,7.290889945117044,1.0,19.424983912477263,19.424983912477263,0.3456402831401648,20.27094504714611,0.030079390038201242,1.0,86
A15F1,-20.80000000000001,-8.800000000000011,42.19691931883181,-28.30000000000001,-31.30000000000001,0,0.16886539866939765,6.198217627042869,0.9936,22.584950741588983,22.584950741588983,0.4018674509179534,18.82431251331288,0.07735345574171461,1.0,86
A15F1,-1.5500000000000114,-8.050000000000011,31.862281776420232,-9.050000000000011,-30.55000000000001,0,0.18366183249856038,6.7413298965499315,0.6816,8.197865575867917,8.197865575867917,0.1458694942325252,17.310006568880397,0.1520054352750738,1.0,86
A15F1,-20.05000000000001,8.949999999999989,30.701872907039416,-27.55000000000001,-13.550000000000011,0,0.16084732347265981,5.9039097493858925,1.0,21.956889579355273,21.956889579355273,0.39069198539778066,17.27164033973614,0.16710731750430127,1.0,86
A15F1,8.699999999999989,1.9499999999999886,20.58500667962001,1.1999999999999886,-20.55000000000001,0,0.18042941695730352,6.622681971548721,0.6064,8.915856661028135,8.915856661028135,0.1586451363172266,17.190778940820195,0.23884952715877963,1.0,86
A15F1,-8.050000000000011,-19.30000000000001,44.59868271597269,-15.550000000000011,-41.80000000000001,0,0.14795662762153988,5.430750434599614,1.0,20.911539876345802,20.911539876345802,0.3720914568744805,17.004699761601405,0.0799909814358049,1.0,86
A15F1,-2.8000000000000114,21.94999999999999,10.31467401326868,-10.300000000000011,-0.5500000000000114,1,0.15132944854799074,5.554551386607842,1.0,22.12786704587678,22.12786704587678,0.39373428907254054,16.4794396765678,0.19561733573550596,1.0,86
A12F2,-0.25,0.75,23.730254950168572,22.25,8.25,0,0.9067186869435284,30.96589436246482,0.9824,0.7905694150420949,0.7905694150420949,0.020271010642104997,38.18129327528187,0.7483183981618309,2.0,87
A12F2,12.0,-11.75,34.76078969183526,34.5,-4.25,0,0.22746477840237944,7.767467060639718,0.928,16.794716431068434,16.794716431068434,0.43063375464278036,22.152090506969046,0.2455740006174378,2.0,87
A12F2,-7.5,16.5,28.30194339616981,15.0,24.0,0,0.22787119155420496,7.781345747562403,0.9504,18.12456896039186,18.12456896039186,0.4647325374459451,22.052092297379005,0.18922320659945868,2.0,87
A12F2,1.75,-15.25,25.458299236201935,24.25,-7.75,0,0.14832676110325899,5.06499988474898,1.0,15.350081433008752,15.350081433008752,0.393591831615609,16.67893017988547,0.06570851753089173,2.0,87
A12F2,-17.5,-5.5,5.385164807134504,5.0,2.0,1,0.13271355239661717,4.531835612737799,0.984,18.34393632784414,18.34393632784414,0.47035734173959337,15.60388001646044,0.0660702804938232,2.0,87
A12F2,-15.5,6.25,15.429274124209472,7.0,13.75,1,0.12912215258790025,4.4091958407544425,0.9984,16.712644913358268,16.712644913358268,0.4285293567527761,15.112360537605813,0.26364514177460824,2.0,87
A12F2,-8.5,-15.75,16.25,14.0,-8.25,1,0.10871815810239593,3.712439132233183,0.9616,17.89727632909544,17.89727632909544,0.45890452125885745,12.820805163461594,0.014138827304931847,2.0,87
A12F2,2.75,17.75,35.70889244992065,25.25,25.25,0,0.11479461416819302,3.9199378214623612,0.8496,17.961764946686056,17.961764946686056,0.4605580755560527,12.793773375354187,0.22293271498250392,2.0,87
A12F2,0.25,28.0,42.164113888471555,22.75,35.5,0,0.08087469352990687,2.7616461179145158,0.7104,28.001116049186326,28.001116049186326,0.7179773345945212,9.6078754394706,0.09809643959418518,2.0,87
A12F2,16.5,-1.5,39.45883931389772,39.0,6.0,0,0.08306345435609679,2.836387183627899,0.8864,16.56804152578089,16.56804152578089,0.4248215775841254,8.59371867133696,0.43953578564575096,2.0,87
A12F2,-0.25,0.75,39.0272340808313,-7.75,38.25,0,0.8825936020557046,30.667038172376504,0.9824,0.7905694150420949,0.7905694150420949,0.020271010642104997,38.489806419641944,0.752180593824711,2.0,88
A12F2,11.25,-12.5,25.279685520195855,3.75,25.0,0,0.2111899593692351,7.3373336258147415,0.9616,16.81703005884214,16.81703005884214,0.4312058989446702,21.13726683621055,0.16472307375483744,2.0,88
A12F2,-8.25,16.25,56.01004374217182,-15.75,53.75,0,0.19848571740025975,6.895938663440722,0.9568,18.224296968607597,18.224296968607597,0.46728966586173326,20.579949440969784,0.14159877228976792,2.0,88
A12F2,1.0,-15.25,23.180002157031822,-6.5,22.25,0,0.1485228968540653,5.160052409026843,1.0,15.282751715577925,15.282751715577925,0.3918654286045622,16.82046823679906,0.1774868860417829,2.0,88
A12F2,-17.0,-6.75,39.316822099452544,-24.5,30.75,0,0.12707993979610677,4.415056145965247,0.9744,18.291049723840345,18.291049723840345,0.4690012749702653,15.19851608054038,0.07603721655284115,2.0,88
A12F2,-16.25,6.0,49.561199541576876,-23.75,43.5,0,0.12595872186661952,4.3761016217227855,0.9952,17.322312201320006,17.322312201320006,0.4441618513158976,14.683496362063426,0.2794153343641122,2.0,88
A12F2,2.0,17.75,55.52308078628202,-5.5,55.25,0,0.12241574920274449,4.2530080560386265,0.872,17.86232067789625,17.86232067789625,0.45800822251016027,14.181046410435696,0.0739150803282236,2.0,88
A12F2,-9.25,-17.0,26.472863464310013,-16.75,20.5,0,0.09409330165328009,3.2690056824193796,0.832,19.353617232961906,19.353617232961906,0.49624659571697194,11.4632256048197,0.3318386231298647,2.0,88
A12F2,15.75,10.0,48.21112423497299,8.25,47.5,0,0.08883185693917742,3.086209099762297,0.8576,18.656433206805634,18.656433206805634,0.4783700822257855,9.86165329493464,0.16146498155015462,2.0,88
A12F2,0.25,28.0,65.90001896813081,-7.25,65.5,0,0.08071968642065759,2.804371316230907,0.7136,28.001116049186326,28.001116049186326,0.7179773345945212,9.838042368832994,0.10055851684388054,2.0,88
A12F2,0.0,0.75,38.39677720851061,-37.5,8.25,0,0.8902644386607239,30.51017574069045,0.976,0.75,0.75,0.019230769230769232,38.59316232076671,0.743071100059009,2.0,89
A12F2,-9.5,15.25,52.216496435513555,-47.0,22.75,0,0.2109657923856565,7.229225334199033,0.9488,17.96698360883095,17.96698360883095,0.4606918874059218,21.278730921697896,0.12763568505339765,2.0,89
A12F2,10.5,-12.5,27.459060435491963,-27.0,-5.0,0,0.20916884612070388,7.1676468544508865,0.9776,16.32482771731451,16.32482771731451,0.4185853260849874,20.877637195236648,0.1731304691686088,2.0,89
A12F2,0.25,-15.25,38.047667471213,-37.25,-7.75,0,0.13678857608187514,4.687319214984339,1.0,15.252049042669643,15.252049042669643,0.3910781805812729,15.590833443715804,0.36394077615852566,2.0,89
A12F2,0.75,18.0,44.730442653745335,-36.75,25.5,0,0.13557163071585177,4.645617400142062,0.8832,18.01561822419647,18.01561822419647,0.4619389288255505,15.302279508603691,0.02121459973027193,2.0,89
A12F2,-14.5,-10.25,52.07266557417625,-52.0,-2.75,0,0.12774782718514405,4.377514693327348,0.9808,17.75704085707976,17.75704085707976,0.4553087399251221,15.007349243764239,0.07495903856170869,2.0,89
A12F2,-13.5,5.0,52.50952294584288,-51.0,12.5,0,0.1231345896444089,4.219430575976446,1.0,14.396180048887969,14.396180048887969,0.36913282176635814,14.267351496168386,0.6660411408747425,2.0,89
A12F2,15.5,10.5,28.42534080710379,-22.0,18.0,0,0.09239106280434677,3.1659325732794312,0.8512,18.721645226849056,18.721645226849056,0.4800421853038219,10.24440582345298,0.1416609577635418,2.0,89
A12F2,16.25,-2.25,21.888924139847532,-21.25,5.25,0,0.08818682601069745,3.0218654669227774,0.8816,16.405029716522918,16.405029716522918,0.42064178760315174,9.415095121763471,0.33197502356012737,2.0,89
A12F2,0.5,28.25,51.44961127161215,-37.0,35.75,0,0.07305465525837455,2.5033310472031265,0.7104,28.254424432290246,28.254424432290246,0.7244724213407755,8.435628101548174,0.13368958360153702,2.0,89
A12F2,-1.5,0.5,16.1245154965971,-14.0,8.0,0,0.8888391955333534,31.13922602794006,0.9888,1.5811388300841898,1.5811388300841898,0.04054202128420999,38.33173125211559,0.796943943624189,2.0,90
A12F2,-8.5,15.75,31.329897861308133,-21.0,23.25,0,0.2114308606990241,7.406382535868637,0.9584,17.89727632909544,17.89727632909544,0.45890452125885745,21.61050999994459,0.2053388240371957,2.0,90
A12F2,10.75,-13.0,5.771698190307598,-1.75,-5.5,1,0.20648374990909307,7.233080494252932,0.9504,16.868980407837338,16.868980407837338,0.43253795917531634,20.66805580717871,0.2078858126482912,2.0,90
A12F2,-18.25,-6.0,30.786563627660687,-30.75,1.5,0,0.13565573830506078,4.751937174000771,0.9968,19.210999453438127,19.210999453438127,0.4925897295753366,15.981473414071079,0.10546363933049217,2.0,90
A12F2,-16.25,5.5,31.552535555799633,-28.75,13.0,0,0.13065025096053962,4.5765943792049395,1.0,17.155538464297763,17.155538464297763,0.4398856016486606,15.31767410372338,0.2662117848875745,2.0,90
A12F2,-7.5,-16.5,21.93171219946131,-20.0,-9.0,0,0.12507160610510223,4.381174140568865,0.992,18.12456896039186,18.12456896039186,0.4647325374459451,14.582464976629444,0.09890570318104584,2.0,90
A12F2,1.75,17.25,26.98379143115363,-10.75,24.75,0,0.11656235732365972,4.083095352648137,0.8528,17.338540884399702,17.338540884399702,0.44457797139486416,13.30982910205876,0.14416570027299555,2.0,90
A12F2,-0.25,27.5,37.25,-12.75,35.0,0,0.07669436549890152,2.6865312809706365,0.6976,27.501136340158745,27.501136340158745,0.7051573420553524,9.163881014319877,0.10071584255205188,2.0,90
A12F2,16.0,-2.75,5.900211860602973,3.5,4.75,1,0.08372683271677914,2.9328752588196005,0.888,16.23460809505422,16.23460809505422,0.4162720024372877,8.538036794001671,0.3208533974706837,2.0,90
A12F2,15.75,8.25,16.08182203607539,3.25,15.75,1,0.07850937013232874,2.750109976164805,0.8608,17.779904386694547,17.779904386694547,0.45589498427421915,7.911762816411398,0.1095419611950193,2.0,90
A12F2,-1.0,0.0,24.66779276708802,-23.5,-7.5,0,0.919654102132591,31.78575437911353,0.9712,1.0,1.0,0.02564102564102564,38.841282423991984,0.7555509205174264,2.0,91
A12F2,-10.25,14.5,33.489737233964675,-32.75,7.0,0,0.21522199760746946,7.437836029793084,0.9632,17.75704085707976,17.75704085707976,0.4553087399251221,21.280327162846824,0.13467705067893082,2.0,91
A12F2,9.5,-13.75,24.911091907020054,-13.0,-21.25,0,0.20915262938297075,7.228078432532879,0.9696,16.712644913358268,16.712644913358268,0.4285293567527761,20.779719835009086,0.11352287277686025,2.0,91
A12F2,-17.75,-7.5,42.95419071522591,-40.25,-15.0,0,0.14397547241621309,4.975578616764462,0.9808,19.269470672543136,19.269470672543136,0.49408899160367015,16.486228405220217,0.15904440502714082,2.0,91
A12F2,0.0,17.5,24.62214450449026,-22.5,10.0,0,0.13320504824684581,4.603360954873674,0.8784,17.5,17.5,0.44871794871794873,14.87011845068787,0.058828417218441245,2.0,91
A12F2,-0.75,-16.5,33.4150041149182,-23.25,-24.0,0,0.11462167819332836,3.961136791528014,1.0,16.51703665915893,16.51703665915893,0.4235137604912546,13.192111306101777,0.5329407077398498,2.0,91
A12F2,-17.25,4.25,39.88264033385954,-39.75,-3.25,0,0.11359574843497001,3.9256817126639034,1.0,17.765838004439868,17.765838004439868,0.45553430780615045,12.958152841999555,0.8889550110218162,2.0,91
A12F2,16.0,-3.5,12.776932339180638,-6.5,-11.0,1,0.09518584627184742,3.2894563428458587,0.8368,16.3783393541592,16.3783393541592,0.4199574193374153,10.238833625665674,0.24029689665995563,2.0,91
A12F2,15.25,9.5,7.520804478245662,-7.25,2.0,1,0.08875349330711818,3.067162376545433,0.84,17.96698360883095,17.96698360883095,0.4606918874059218,9.546602857913276,0.1309109891216722,2.0,91
A12F2,-11.0,-17.75,41.950119189342004,-33.5,-25.25,0,0.08155844494153826,2.8185111561753047,0.888,20.882109567761585,20.882109567761585,0.5354387068656816,9.012221555033141,0.5696918563101336,2.0,91
A12F2,-1.0,-0.25,23.04479333819247,6.0,22.25,0,0.8953375676549502,30.982947396203212,0.9856,1.0307764064044151,1.0307764064044151,0.026430164266779875,38.22739916724983,0.7598647564497677,2.0,92
A12F2,-9.0,15.75,38.30225189202327,-2.0,38.25,0,0.2074077191585741,7.176518980841358,0.9584,18.140079933671736,18.140079933671736,0.4651302547095317,20.9316859974941,0.14777274532013782,2.0,92
A12F2,9.75,-14.25,18.67150234983784,16.75,8.25,1,0.20276813569453492,7.015979532456603,0.9424,17.266296649832007,17.266296649832007,0.4427255551238976,20.84625372691484,0.1612922116707936,2.0,92
A12F2,-0.5,-16.25,9.017344398435716,6.5,6.25,1,0.1429386891549837,4.945774521079712,1.0,16.257690487889107,16.257690487889107,0.41686385866382325,16.324143231346653,0.2026459512586512,2.0,92
A12F2,-14.25,5.5,28.923390188565378,-7.25,28.0,0,0.13853203469797698,4.79329799845067,1.0,15.274570370390128,15.274570370390128,0.3916556505228238,15.703173786630407,0.006776912068575958,2.0,92
A12F2,-17.5,-8.25,17.70063558180892,-10.5,14.25,1,0.13058629636060995,4.518364665441713,0.9792,19.347157413945855,19.347157413945855,0.496080959331945,15.478647796751082,0.07334537533817753,2.0,92
A12F2,1.25,17.5,40.84192086569876,8.25,40.0,0,0.11758066868712636,4.068353775596939,0.8752,17.54458605952275,17.54458605952275,0.44986118101340383,13.207954051271445,0.11637050155324938,2.0,92
A12F2,15.5,-4.0,29.129023327259016,22.5,18.5,0,0.10703346967247855,3.703408926478911,0.8816,16.00781059358212,16.00781059358212,0.4104566818867211,11.618466130066142,0.10604538488057587,2.0,92
A12F2,-10.75,-18.5,5.482928049865327,-3.75,4.0,1,0.07567153287377718,2.618258089331203,0.9392,21.39655346077961,21.39655346077961,0.5486295759174259,8.808364216282307,0.17861836951319213,2.0,92
A12F2,14.75,10.0,39.10642530326698,21.75,32.5,0,0.08236056025015707,2.849703472703501,0.856,17.820283387196735,17.820283387196735,0.45693034326145476,8.585875777898856,0.11132377898443324,2.0,92
A14F13,0.15000000000000568,1.1500000000000057,39.399809644210215,7.650000000000006,38.650000000000006,0,0.9004335483972348,36.77086000887638,0.8864,1.1597413504743266,1.1597413504743266,0.02554496366683539,39.170168436605685,0.43336095875394937,3.0,93
A14F13,-6.599999999999994,14.900000000000006,52.40772843770278,0.9000000000000057,52.400000000000006,0,0.2901921835061642,11.849540990629354,0.8624,16.29631860267834,16.29631860267834,0.35894974895767273,24.827235276888068,0.2871235481695502,3.0,93
A14F13,11.900000000000006,-9.849999999999994,33.77695220116819,19.400000000000006,27.650000000000006,0,0.2278983988943132,9.305792957622808,0.9392,15.447734461726096,15.447734461726096,0.3402584683199581,21.191080055386358,0.30151590922730537,3.0,93
A14F13,23.400000000000006,-11.099999999999994,40.641973377285716,30.900000000000006,26.400000000000006,0,0.13678620620717383,5.585332039679908,0.9024,25.899227787715994,25.899227787715994,0.5704675724166519,18.743510137117603,0.1247691071249254,3.0,93
A14F13,-0.8499999999999943,28.400000000000006,66.23467747335984,6.650000000000006,65.9,0,0.13273249958525282,5.419805779926234,0.9712,28.41271722310276,28.41271722310276,0.6258307758392678,18.48418864274533,0.08564375303993338,3.0,93
A14F13,-11.099999999999994,-12.099999999999994,25.653849613654483,-3.5999999999999943,25.400000000000006,0,0.17815500197437414,7.27456741735478,0.9024,16.42010962204576,16.42010962204576,0.36167642339307843,18.08642130069749,0.1500101574030809,3.0,93
A14F13,1.6500000000000057,-13.099999999999994,26.059211423218475,9.150000000000006,24.400000000000006,0,0.17952216581801297,7.330393916711518,0.8848,13.203503322982119,13.203503322982119,0.29082606438286607,17.74225305718713,0.08987903713190082,3.0,93
A14F13,-2.5999999999999943,-25.349999999999994,13.100858750478924,4.900000000000006,12.150000000000006,1,0.12227191922865087,4.992666507023806,0.8704,25.48298451908645,25.48298451908645,0.5612992184820804,16.70407517033511,0.049031089352850235,3.0,93
A14F13,-22.099999999999994,14.650000000000006,54.15517057493218,-14.599999999999994,52.150000000000006,0,0.1123285447283893,4.58664755398586,0.9328,26.514760040400137,26.514760040400137,0.5840255515506638,16.41969384459876,0.10888698972439567,3.0,93
A14F13,3.6500000000000057,17.650000000000006,56.26584221354907,11.150000000000006,55.150000000000006,0,0.14157288496115333,5.7807882145038985,0.7696,18.023456938112627,18.023456938112627,0.39699244357076274,16.38487475542423,0.06162243805976541,3.0,93
A14F13,0.4000000000000057,1.4000000000000057,54.36561413246429,-7.099999999999994,53.900000000000006,0,0.9040843146813515,36.463934142081946,0.8688,1.4560219778561108,1.4560219778561108,0.03207096867524473,38.775551721480866,0.48009645431886594,3.0,94
A14F13,-6.099999999999994,15.150000000000006,69.00349628823166,-13.599999999999994,67.65,0,0.2699344293946994,10.88618251445108,0.8912,16.33194722009596,16.33194722009596,0.3597345202664308,23.716326761894724,0.3064901876598574,3.0,94
A14F13,11.650000000000006,-9.849999999999994,42.85142938106033,4.150000000000006,42.650000000000006,0,0.2662657265948642,10.738222111812869,0.9184,15.255982433130946,15.255982433130946,0.3360348553553072,23.004301544882324,0.17737526931840306,3.0,94
A14F13,1.1500000000000057,28.650000000000006,81.39806508756827,-6.349999999999994,81.15,0,0.12493211926273687,5.038287177685948,0.9424,28.673070990042213,28.673070990042213,0.6315654403092998,17.838550204524566,0.0860285623065518,3.0,94
A14F13,23.400000000000006,-10.849999999999994,44.5817507507276,15.900000000000006,41.650000000000006,0,0.12521848156520354,5.049835848793892,0.9312,25.79307077491938,25.79307077491938,0.5681293122228939,17.83574055045738,0.09861456351943039,3.0,94
A14F13,-1.8499999999999943,-25.599999999999994,28.47863234075682,-9.349999999999994,26.900000000000006,0,0.11538046760304711,4.653080270911865,0.9776,25.6667586578438,25.6667586578438,0.5653471070009648,16.443743004382483,0.026927275527793428,3.0,94
A14F13,-24.099999999999994,9.400000000000006,69.49942445804857,-31.599999999999994,61.900000000000006,0,0.10954498092843276,4.417742428564066,1.0,25.868320393871727,25.868320393871727,0.5697867928165579,16.28023115118917,0.04551655752649867,3.0,94
A14F13,-13.099999999999994,-10.599999999999994,46.690148853907075,-20.599999999999994,41.900000000000006,0,0.16426035518846618,6.624359285821862,0.9504,16.851409436602022,16.851409436602022,0.3711764193084146,16.144210246518554,0.18569831057343059,3.0,94
A14F13,1.4000000000000057,-13.599999999999994,39.375373014106174,-6.099999999999994,38.900000000000006,0,0.16887181278005897,6.810336296163863,0.8624,13.671868928570074,13.671868928570074,0.30114248741343774,15.69497344062633,0.0698661272884475,3.0,94
A14F13,-25.349999999999994,-4.099999999999994,58.495149371550454,-32.849999999999994,48.400000000000006,0,0.10621929494305235,4.283621859394816,1.0,25.679417828291975,25.679417828291975,0.5656259433544488,15.654225612408732,0.18973922722388495,3.0,94
A14F13,0.6500000000000057,1.4000000000000057,44.6165047936299,-21.849999999999994,38.900000000000006,0,0.9184575228016505,36.61673462026831,0.8752,1.5435349040433208,1.5435349040433208,0.03399856616835509,38.77737134035711,0.48165356808482734,3.0,95
A14F13,-5.849999999999994,15.400000000000006,60.01776820242486,-28.349999999999994,52.900000000000006,0,0.28121459768071105,11.210407220121235,0.8912,16.473691146795247,16.473691146795247,0.36285663318932265,24.13551071035579,0.31838037165208105,3.0,95
A14F13,11.650000000000006,-10.099999999999994,29.470027146237925,-10.849999999999994,27.400000000000006,0,0.27358996977728034,10.906446076255383,0.8944,15.418576458285635,15.418576458285635,0.33961622154814175,23.238998978203647,0.16477032654172463,3.0,95
A14F13,-0.8499999999999943,28.400000000000006,69.91446559904466,-23.349999999999994,65.9,0,0.13108822446880675,5.225628005902428,0.9424,28.41271722310276,28.41271722310276,0.6258307758392678,18.314116081564876,0.07814292804923194,3.0,95
A14F13,23.400000000000006,-11.099999999999994,26.41533645441603,0.9000000000000057,26.400000000000006,0,0.1268825253603409,5.057971513377761,0.9104,25.899227787715994,25.899227787715994,0.5704675724166519,18.086370888672217,0.10960192871376265,3.0,95
A14F13,-1.8499999999999943,-25.349999999999994,27.212956472974412,-24.349999999999994,12.150000000000006,0,0.1197595190630586,4.774019568131847,0.9696,25.41741528952147,25.41741528952147,0.5598549623242615,17.060517731199415,0.05533685855131736,3.0,95
A14F13,1.4000000000000057,-13.849999999999994,31.69436069713349,-21.099999999999994,23.650000000000006,0,0.18719145855899344,7.462152079369189,0.8768,13.9205782925854,13.9205782925854,0.30662066723756387,16.966429264913337,0.11909075107266723,3.0,95
A14F13,-23.349999999999994,11.400000000000006,67.033070196732,-45.849999999999994,48.900000000000006,0,0.11239210021833142,4.480324915680111,0.9872,25.984274090303156,25.984274090303156,0.5723408389934616,16.413176279240986,0.09065674294756995,3.0,95
A14F13,-12.349999999999994,-10.849999999999994,43.871915846017025,-34.849999999999994,26.650000000000006,0,0.16624688996397113,6.627204631905459,0.936,16.439130147304017,16.439130147304017,0.3620953776939211,16.08421628666231,0.20316733746243504,3.0,95
A14F13,4.400000000000006,17.400000000000006,57.806747011054,-18.099999999999994,54.900000000000006,0,0.13308416499593978,5.3051944838977345,0.7808,17.94770180273787,17.94770180273787,0.39532382825413814,15.54400363871145,0.1628904598433627,3.0,95
A14F13,0.4000000000000057,1.1500000000000057,54.22852109360905,7.900000000000006,53.650000000000006,0,0.894790015283022,36.09637083104312,0.8656,1.2175795661885993,1.2175795661885993,0.026818933175960336,38.79971926330327,0.47606865233948187,3.0,96
A14F13,-7.099999999999994,14.650000000000006,67.15119135205272,0.4000000000000057,67.15,0,0.29533213228582983,11.912910628797198,0.8864,16.279818795060347,16.279818795060347,0.3585863170718138,24.7188331751971,0.18834294377560076,3.0,96
A14F13,9.650000000000006,-12.099999999999994,43.88943494737658,17.150000000000006,40.400000000000006,0,0.2603217066137477,10.500633679010363,0.8976,15.47683753226091,15.47683753226091,0.3408995051158791,22.44318319480413,0.10075191864811953,3.0,96
A14F13,-1.8499999999999943,-25.349999999999994,27.73166060660631,5.650000000000006,27.150000000000006,0,0.12124699929589736,4.890665411653586,0.9264,25.41741528952147,25.41741528952147,0.5598549623242615,17.909748356521863,0.04277750045728359,3.0,96
A14F13,23.650000000000006,-10.349999999999994,52.41130603219119,31.150000000000006,42.150000000000006,0,0.1228241311769401,4.95428226459632,0.9328,25.815596061295974,25.815596061295974,0.5686254639051976,17.798353647128774,0.11914467374271928,3.0,96
A14F13,-1.3499999999999943,28.650000000000006,81.38270700830736,6.150000000000006,81.15,0,0.12282935376666727,4.954492928522261,0.968,28.681788647153795,28.681788647153795,0.6317574591884096,17.62705665406861,0.09201301662370001,3.0,96
A14F13,-0.5999999999999943,-14.099999999999994,39.014997116493554,6.900000000000006,38.400000000000006,0,0.18861473286588565,7.608105469803612,0.8528,14.112760183606884,14.112760183606884,0.31085374853759656,17.599548887470608,0.06656857724238101,3.0,96
A14F13,-21.849999999999994,15.150000000000006,69.1552239530753,-14.349999999999994,67.65,0,0.12173016057838551,4.9101547112330515,0.912,26.588437336556655,26.588437336556655,0.5856483994836268,17.30099281026212,0.09274816194028318,3.0,96
A14F13,-12.349999999999994,-11.099999999999994,41.68312008475374,-4.849999999999994,41.400000000000006,0,0.17202584970350152,6.93894824925558,0.952,16.605194970249514,16.605194970249514,0.3657531931773021,17.052675792776324,0.2095793387607725,3.0,96
A14F13,8.400000000000006,-24.349999999999994,32.33005567579494,15.900000000000006,28.150000000000006,0,0.10224304522380237,4.124104035633849,0.984,25.758154048766766,25.758154048766766,0.5673602213384751,15.893884769536676,0.03047019223821563,3.0,96
A14F13,-0.3499999999999943,1.1500000000000057,7.933788502348668,-7.849999999999994,1.1500000000000057,0,0.853211747009922,39.22566159959938,0.8832,1.2020815280171346,1.2020815280171346,0.026477566696412658,39.165350467988965,0.5165549733435771,3.0,97
A14F13,-6.099999999999994,15.150000000000006,20.358843287377603,-13.599999999999994,15.150000000000006,0,0.29586522846095903,13.600975306328612,0.8496,16.33194722009596,16.33194722009596,0.3597345202664308,26.016264692903086,0.2997934256522514,3.0,97
A14F13,5.650000000000006,-12.099999999999994,12.240608644998003,-1.8499999999999943,-12.099999999999994,1,0.24317223499771487,11.178578527134055,0.7824,13.354119214684282,13.354119214684282,0.29414359503709875,23.044558275422506,0.10528296542294616,3.0,97
A14F13,-4.599999999999994,-12.849999999999994,17.650283283845607,-12.099999999999994,-12.849999999999994,1,0.18555457250685212,8.529830434723483,0.7632,13.648534719888424,13.648534719888424,0.3006285180592164,19.430148971653978,0.011153058014341802,3.0,97
A14F13,-2.5999999999999943,27.650000000000006,29.436924092031084,-10.099999999999994,27.650000000000006,0,0.12988530842351617,5.970697091878785,1.0,27.7719732824299,27.7719732824299,0.6117174731812753,18.976105450392197,0.259722265040144,3.0,97
A14F13,23.150000000000006,-9.349999999999994,18.230331867522327,15.650000000000006,-9.349999999999994,1,0.11900432072697079,5.470499844395159,0.9808,24.966878058740146,24.966878058740146,0.5499312347740121,17.70169677693267,0.19887028817012697,3.0,97
A14F13,-14.849999999999994,-7.849999999999994,23.688499319289935,-22.349999999999994,-7.849999999999994,0,0.15274346719209728,7.021488426392081,0.9632,16.797172381088423,16.797172381088423,0.3699817705085556,17.608146884688068,0.06622775973952084,3.0,97
A14F13,-23.099999999999994,2.9000000000000057,30.737111119947492,-30.599999999999994,2.9000000000000057,0,0.11639200325367667,5.350412281812835,0.9456,23.281322986462772,23.281322986462772,0.512804471067462,17.12854896079196,0.10821796207670868,3.0,97
A14F13,-2.5999999999999943,-23.099999999999994,25.211505310076184,-10.099999999999994,-23.099999999999994,0,0.12321612557321635,5.664115633996514,0.8976,23.245859846432865,23.245859846432865,0.5120233446350851,17.014947708309602,0.07921027642605721,3.0,97
A14F13,-22.349999999999994,13.150000000000006,32.61816978311322,-29.849999999999994,13.150000000000006,0,0.09819576336379413,4.513938496546268,0.9504,25.9315444970021,25.9315444970021,0.5711793942070947,16.182124183119985,0.041067345954033774,3.0,97
A14F13,-0.09999999999999432,1.9000000000000057,15.219066988485196,-15.099999999999994,1.9000000000000057,0,0.8723874655376156,40.2374490885705,0.9312,1.9026297590440502,1.9026297590440502,0.04190814447233591,39.36102685683986,0.5181549463716747,3.0,98
A14F13,-6.099999999999994,15.150000000000006,25.97561356349451,-21.099999999999994,15.150000000000006,0,0.27105236592748866,12.500685303458953,0.8784,16.33194722009596,16.33194722009596,0.3597345202664308,25.459136523466412,0.30956692237747535,3.0,98
A14F13,8.900000000000006,-11.349999999999994,12.885359909602828,-6.099999999999994,-11.349999999999994,1,0.20750853270440772,9.570008203051591,0.8352,14.4233317926199,14.4233317926199,0.3176945328770903,21.046329433569856,0.07254271955335088,3.0,98
A14F13,-12.099999999999994,-9.599999999999994,28.75013043448672,-27.099999999999994,-9.599999999999994,0,0.19761796034612678,9.113854660553816,0.8672,15.445711378890898,15.445711378890898,0.3402139070240286,20.61963154682072,0.2001689959898621,3.0,98
A14F13,-1.3499999999999943,-13.599999999999994,21.266934428826353,-16.349999999999994,-13.599999999999994,0,0.18182995487057707,8.385714189311276,0.6864,13.666839429802335,13.666839429802335,0.3010317055022541,19.102951925067185,0.06004136626135431,3.0,98
A14F13,-1.8499999999999943,28.650000000000006,33.23770449354167,-16.849999999999994,28.650000000000006,0,0.12538032026843177,5.782294506428382,0.984,28.709667361361056,28.709667361361056,0.6323715277832832,18.805681152542068,0.18119617417331282,3.0,98
A14F13,23.400000000000006,-8.599999999999994,12.021647141718976,8.400000000000006,-8.599999999999994,1,0.12247731901280001,5.64841124450469,0.9472,24.930302846134865,24.930302846134865,0.5491256133509882,18.119786835171475,0.12713943308704137,3.0,98
A14F13,-1.8499999999999943,-23.849999999999994,29.20179788985602,-16.849999999999994,-23.849999999999994,0,0.12703405771461354,5.858563133355743,0.8976,23.921642920167496,23.921642920167496,0.5269084343649229,18.0025166075786,0.32397870860358435,3.0,98
A14F13,-23.099999999999994,5.650000000000006,38.51665224289359,-38.099999999999994,5.650000000000006,0,0.11607953984076176,5.353353048945536,0.8816,23.780927231712386,23.780927231712386,0.5238089698615063,17.305617308297464,0.022142824759807698,3.0,98
A14F13,-24.599999999999994,-4.599999999999994,39.86627647523655,-39.599999999999994,-4.599999999999994,0,0.10161199266332244,4.686128615169763,1.0,25.026386075500387,25.026386075500387,0.5512419840418588,15.624652505480569,0.23139223426956448,3.0,98
A14F13,-0.09999999999999432,1.1500000000000057,29.429279637802885,-22.599999999999994,-18.849999999999994,0,0.8511182469529409,38.79172042407572,0.8976,1.1543396380615247,1.1543396380615247,0.0254259832172142,39.161936816801415,0.45057974779814314,3.0,99
A14F13,-6.349999999999994,14.400000000000006,29.388475632465177,-28.849999999999994,-5.599999999999994,0,0.3297394977687652,15.027457042590303,0.8416,15.737931884463094,15.737931884463094,0.34665048203663207,27.003969789841893,0.27864978526774753,3.0,99
A14F13,8.150000000000006,-10.849999999999994,34.0241825765146,-14.349999999999994,-30.849999999999994,0,0.2818386327130859,12.84434215725087,0.848,13.570003684597879,13.570003684597879,0.2988987595726405,24.75314274963475,0.15635812013094183,3.0,99
A14F13,-14.099999999999994,-8.599999999999994,46.44911193984228,-36.599999999999994,-28.599999999999994,0,0.18476546295294738,8.420263698834615,0.8832,16.515750058656124,16.515750058656124,0.3637830409395622,19.842452873819205,0.20850925499448897,3.0,99
A14F13,-3.0999999999999943,27.400000000000006,26.64807685368683,-25.599999999999994,7.400000000000006,0,0.13475458923206238,6.141085477708036,1.0,27.574807342935333,27.574807342935333,0.6073746110778708,19.088142770789055,0.2612324114569443,3.0,99
A14F13,23.400000000000006,-8.849999999999994,28.864034714502402,0.9000000000000057,-28.849999999999994,0,0.12808269201672082,5.83702538173972,0.9504,25.017643773944823,25.017643773944823,0.5510494223335864,18.37481939670151,0.1535136921097878,3.0,99
A14F13,-3.8499999999999943,-22.849999999999994,50.30352870326295,-26.349999999999994,-42.849999999999994,0,0.125394554654991,5.714518378365925,0.8768,23.172073709532338,23.172073709532338,0.5103980993289061,17.770350694033354,0.09142206960570962,3.0,99
A14F13,-14.099999999999994,-18.849999999999994,53.37492388753354,-36.599999999999994,-38.849999999999994,0,0.11280955938665203,5.140981296476949,0.9424,23.54001911638985,23.54001911638985,0.5185026237090276,16.40252348718791,0.02331859918114507,3.0,99
A14F13,-2.0999999999999943,-12.599999999999994,40.840176297366774,-24.599999999999994,-32.599999999999994,0,0.14392493899815104,6.559009209547779,0.7744,12.773801313626254,12.773801313626254,0.28136126241467524,15.981772250236668,0.08061733313207636,3.0,99
A14F13,-24.849999999999994,-5.849999999999994,53.94668664524263,-47.349999999999994,-25.849999999999994,0,0.10164939628019802,4.632380060554832,1.0,25.529296895919394,25.529296895919394,0.5623193148880924,15.69924954930324,0.2611106288787982,3.0,99
A2F13,-0.75,-1.0,30.58287919735485,21.75,21.5,0,0.8508637511346285,38.96795055148804,0.9216,1.25,1.25,0.02577319587628866,39.830832294408644,0.7753661277867177,3.0,100
A2F13,-8.0,13.25,38.57865342388197,14.5,35.75,0,0.27175252936182237,12.444780782155904,0.888,15.477806692164107,15.477806692164107,0.3191300348899816,24.757443489767006,0.3548265012769329,3.0,100
A2F13,9.0,-15.5,32.26840560052511,31.5,7.0,0,0.23612532989831422,10.813197835322912,0.9568,17.92344832893492,17.92344832893492,0.3695556356481427,22.940427746651125,0.260193835486715,3.0,100
A2F13,24.25,-14.0,47.51644452187053,46.75,8.5,0,0.13449401106643963,6.158976828702382,0.8752,28.001116049186326,28.001116049186326,0.5773425989522953,19.846989168353023,0.09642351586436697,3.0,100
A2F13,-5.0,25.75,51.325554064228086,17.5,48.25,0,0.12879458744750427,5.897974670666823,0.9648,26.230945465232473,26.230945465232473,0.5408442363965459,18.774300333114606,0.1605072444155881,3.0,100
A2F13,-24.0,11.5,34.03307215048327,-1.5,34.0,0,0.1276101709843495,5.843734981383975,0.8704,26.612966764342527,26.612966764342527,0.548720964213248,18.190469769633154,0.07090986722490238,3.0,100
A2F13,-13.75,-12.25,13.476831971943554,8.75,10.25,1,0.17333305863157047,7.937601605281106,0.9168,18.415346860702897,18.415346860702897,0.3796978734165546,18.116554878177496,0.324722590367573,3.0,100
A2F13,2.5,-29.5,25.96150997149434,25.0,-7.0,0,0.12003406158478912,5.4967916995528165,0.8752,29.605742686174924,29.605742686174924,0.6104276842510293,17.595740354910085,0.04030582982400168,3.0,100
A2F13,13.5,-25.75,36.14640369386697,36.0,-3.25,0,0.11083979701956476,5.075746946036578,0.8816,29.074258374032517,29.074258374032517,0.5994692448254128,17.112581532897874,0.028699884701513332,3.0,100
A2F13,-27.0,1.25,24.172556753475625,-4.5,23.75,0,0.11872472716241397,5.436831604768899,0.96,27.028919697242802,27.028919697242802,0.5572973133452124,16.57072060110287,0.044910149510821624,3.0,100
A2F13,-0.25,-1.0,37.313703916925746,-7.75,36.5,0,0.8778738163926533,40.04463626081792,0.9184,1.0307764064044151,1.0307764064044151,0.021253121781534334,40.19354058866277,0.7428659931044715,3.0,101
A2F13,-7.25,13.5,53.090135618587375,-14.75,51.0,0,0.26055637267439347,11.884419621130052,0.92,15.323592920721955,15.323592920721955,0.31595036949942173,24.073078245748214,0.4302224996807719,3.0,101
A2F13,10.25,-14.5,23.163818769797004,2.75,23.0,0,0.2417873892817084,11.028306566731908,0.9376,17.75704085707976,17.75704085707976,0.36612455375422187,23.459367715747682,0.14411370459003564,3.0,101
A2F13,23.5,-15.25,27.405519517060792,16.0,22.25,0,0.138723939534305,6.327331540001544,0.8784,28.014505171428603,28.014505171428603,0.5776186633284248,19.971353203708976,0.1121217122101533,3.0,101
A2F13,-13.75,-11.75,33.38600005990535,-21.25,25.75,0,0.19492336602421503,8.890708174586251,0.9264,18.086597247685923,18.086597247685923,0.37291953088012214,19.833362786709497,0.36595203648703395,3.0,101
A2F13,0.25,26.5,64.40933550348117,-7.25,64.0,0,0.13048326411374694,5.951459872320496,0.9328,26.501179219046083,26.501179219046083,0.5464160663720842,19.052776702713615,0.11509112841179828,3.0,101
A2F13,3.0,-29.25,9.39747306460625,-4.5,8.25,1,0.11986105351708054,5.466963432246524,0.9328,29.40344367586899,29.40344367586899,0.606256570636474,17.815715524000236,0.06328067420121221,3.0,101
A2F13,-25.75,7.25,55.75056053529865,-33.25,44.75,0,0.12510927329673285,5.706343168047407,0.8864,26.75116819879087,26.75116819879087,0.551570478325585,17.687098375288276,0.052365046656067865,3.0,101
A2F13,13.25,-25.5,13.306483382171264,5.75,12.0,1,0.10582446358160492,4.826733671327935,0.9168,28.736953561572946,28.736953561572946,0.5925145064241845,16.29314760463949,0.010908940286755202,3.0,101
A2F13,-20.25,17.5,61.60407859874215,-27.75,55.0,0,0.10554790696315981,4.814119536524731,0.8752,26.764015020172142,26.764015020172142,0.5518353612406627,16.09844512043707,0.05320950195490094,3.0,101
A2F13,-0.75,-1.25,39.65003152583866,31.75,-23.75,0,0.8723532727387304,38.9760780213109,0.8928,1.4577379737113252,1.4577379737113252,0.03005645306621289,39.318729690355326,0.7688862191311491,3.0,102
A2F13,7.75,-15.75,55.52589485996601,40.25,-38.25,0,0.2825914712365652,12.624992360187626,0.9552,17.553489681541958,17.553489681541958,0.36192762229983416,25.238131541142344,0.2479651559803796,3.0,102
A2F13,-8.25,12.75,26.13666007737025,24.25,-9.75,0,0.24582994509044695,10.982589702600515,0.9104,15.18634254848744,15.18634254848744,0.3131204649172668,22.560932080240732,0.2288104256589138,3.0,102
A2F13,-14.75,-12.0,38.79835692397295,17.75,-34.5,0,0.17995127413025527,8.03935377425642,0.8896,19.014796869806418,19.014796869806418,0.392057667418689,19.227331058941076,0.1861985772648424,3.0,102
A2F13,2.25,-29.0,62.12738929007077,34.75,-51.5,0,0.1263089334861742,5.642833297111402,0.944,29.0871535217869,29.0871535217869,0.5997351241605546,19.085455085428748,0.05446727716880128,3.0,102
A2F13,23.25,-15.0,67.1886337113652,55.75,-37.5,0,0.12896658061557306,5.761565310070945,0.9136,27.668800118545075,27.668800118545075,0.5704907240937129,19.05942746700658,0.12330703611796756,3.0,102
A2F13,-5.0,24.75,27.59189192498405,27.5,2.25,0,0.13542122853359054,6.049931003798699,0.9808,25.25,25.25,0.520618556701031,18.54463186510422,0.23833095386907796,3.0,102
A2F13,-24.75,9.5,15.13481086766531,7.75,-13.0,1,0.12745846423275423,5.694189276968671,0.84,26.51061108311161,26.51061108311161,0.5466105377961157,18.360631738202276,0.047504675492140824,3.0,102
A2F13,-17.0,-0.75,27.943022384845918,15.5,-23.25,0,0.16376071410566204,7.316022182558693,0.9424,17.016536075241635,17.016536075241635,0.35085641392250794,17.022107734535364,0.10029027782478972,3.0,102
A2F13,-27.25,-0.75,23.835372873106056,5.25,-23.25,0,0.11140872099739868,4.9771587160336415,0.9936,27.26031914706796,27.26031914706796,0.5620684360220198,16.72480269480022,0.016284796562236442,3.0,102
A2F13,-0.75,-1.25,37.176941778473385,-8.25,36.25,0,0.86929944871443,38.8440666325287,0.9024,1.4577379737113252,1.4577379737113252,0.03005645306621289,39.19870514573863,0.7860720994011859,3.0,103
A2F13,7.5,-16.0,21.5,0.0,21.5,0,0.26187240497050834,11.700659543951812,0.9504,17.67059704707229,17.67059704707229,0.36434220715612975,24.22182955630156,0.24168667000871158,3.0,103
A2F13,-8.25,13.25,53.13779257741142,-15.75,50.75,0,0.25845740035811593,11.548069339093725,0.8928,15.608491278787966,15.608491278787966,0.3218245624492364,23.36795921650404,0.27919775794804885,3.0,103
A2F13,-14.25,-12.25,33.32604086896612,-21.75,25.25,0,0.1921242625057782,8.584180431829576,0.9024,18.791620472966134,18.791620472966134,0.38745609222610583,19.948725407210514,0.21822602208686687,3.0,103
A2F13,23.25,-15.25,27.26031914706796,15.75,22.25,0,0.1343082275774948,6.000893804266416,0.9104,27.805125426798565,27.805125426798565,0.573301555191723,19.627549189044494,0.11883247581385706,3.0,103
A2F13,-24.75,10.0,57.413521926459104,-32.25,47.5,0,0.1265414871934644,5.653869944436777,0.8528,26.693866336669927,26.693866336669927,0.5503889966323696,18.42818400596141,0.03424686206419075,3.0,103
A2F13,-4.25,25.0,63.59490938746591,-11.75,62.5,0,0.1301775474090616,5.816331788536569,0.992,25.35867701596438,25.35867701596438,0.5228593199167914,18.39546112133116,0.2105271103776967,3.0,103
A2F13,1.25,-29.25,10.350120772242226,-6.25,8.25,1,0.11891910565207617,5.3132968363208555,0.9344,29.276697218094803,29.276697218094803,0.6036432416102021,18.088437372884012,0.05081363127272552,3.0,103
A2F13,-27.25,-0.25,50.94236939915535,-34.75,37.25,0,0.1133381080812313,5.063934562894916,0.9872,27.251146764861108,27.251146764861108,0.5618793147394043,16.94502299104941,0.02404649143644507,3.0,103
A2F13,-9.0,-27.0,19.557607215607945,-16.5,10.5,1,0.10869755015852979,4.856591967953625,0.9856,28.460498941515414,28.460498941515414,0.5868144111652662,16.605800982147983,0.030892959027700125,3.0,103
A2F13,-1.0,-0.5,17.88854381999832,-16.0,-8.0,0,0.9158028794320767,39.8080856649946,0.8848,1.118033988749895,1.118033988749895,0.023052247190719483,40.21077307914788,0.7734014290009845,3.0,104
A2F13,6.5,-14.0,23.119256043393783,-8.5,-21.5,0,0.2589644850361827,11.255713142506591,0.8992,15.435349040433131,15.435349040433131,0.31825461939037386,23.12072182653649,0.18662814111478426,3.0,104
A2F13,-8.0,13.25,23.707857347301548,-23.0,5.75,0,0.21743559479338645,9.450638316126973,0.944,15.477806692164107,15.477806692164107,0.3191300348899816,20.44310165623613,0.30757156742093217,3.0,104
A2F13,-14.25,-10.75,34.47644123165847,-29.25,-18.25,0,0.17416417647275917,7.5698439955822,0.952,17.85007002787384,17.85007002787384,0.3680426809870895,19.124252841822848,0.22903325198785676,3.0,104
A2F13,21.75,-14.5,23.01222501193659,6.75,-22.0,0,0.13371239103803262,5.811623980855274,0.9296,26.140246747113924,26.140246747113924,0.5389741597343077,18.878000800400734,0.12818311634180626,3.0,104
A2F13,-4.5,26.5,27.225906780123964,-19.5,19.0,0,0.13200561300926897,5.737439984263396,0.9536,26.879360111431225,26.879360111431225,0.5542136105449738,18.417631149316975,0.1640560102522279,3.0,104
A2F13,-15.75,0.25,31.593116338848247,-30.75,-7.25,0,0.17157625513767769,7.4573605274153065,1.0,15.751984002023365,15.751984002023365,0.32478317529945083,18.351971930573182,0.4239912741218494,3.0,104
A2F13,-24.0,12.5,39.319206502675,-39.0,5.0,0,0.1132037142628495,4.920229830943263,0.9616,27.060118255469618,27.060118255469618,0.5579405825870024,16.9514587137084,0.06026215417621069,3.0,104
A2F13,0.5,-28.0,38.34709897762802,-14.5,-35.5,0,0.11064039634228055,4.808817481796184,0.9856,28.00446392988089,28.00446392988089,0.5774116274202246,16.68738555629426,0.026122119289448378,3.0,104
A2F13,-19.75,-21.0,44.942324149959134,-34.75,-28.5,0,0.10107338013714831,4.392996218340704,1.0,28.82815464090617,28.82815464090617,0.5943949410496118,15.524554727937435,0.0630049052844745,3.0,104
A2F13,-0.75,-0.5,8.26513762740827,-8.25,-0.5,0,0.9129473891442704,39.35977021031163,0.8848,0.9013878188659973,0.9013878188659973,0.01858531585290716,40.018668312949515,0.813141932515637,3.0,105
A2F13,5.25,-14.75,14.920623311376774,-2.25,-14.75,1,0.2455656757062652,10.586141699054771,0.8832,15.656468311851176,15.656468311851176,0.32281377962579744,22.658934643136597,0.18460983812011325,3.0,105
A2F13,-11.75,9.5,21.466543736708058,-19.25,9.5,0,0.23892416733973867,10.299822859730963,0.912,15.110013236261576,15.110013236261576,0.31154666466518716,22.31666228436866,0.14896575163362924,3.0,105
A2F13,-5.5,25.75,28.84549358218715,-13.0,25.75,0,0.13089468731178056,5.642684184109675,0.9728,26.330827939888255,26.330827939888255,0.5429036688636754,18.883892864057984,0.2390476396549793,3.0,105
A2F13,22.25,-13.5,19.99531195055481,14.75,-13.5,1,0.12919301673848532,5.569326378963513,0.9392,26.025228145013447,26.025228145013447,0.5366026421652257,18.511350028823603,0.0959967491321844,3.0,105
A2F13,-16.5,-0.75,24.011715890373182,-24.0,-0.75,0,0.1641020520208247,7.074236338605494,0.992,16.51703665915893,16.51703665915893,0.3405574568898748,17.469318920815343,0.39546538011072124,3.0,105
A2F13,-24.5,11.5,34.00367627183861,-32.0,11.5,0,0.11307000352553062,4.874276346172235,0.944,27.064737205448715,27.064737205448715,0.5580358186690457,16.847786304571322,0.11216076258658178,3.0,105
A2F13,-2.25,-27.5,29.177259981019464,-9.75,-27.5,0,0.11488627982543863,4.95257440339324,1.0,27.59189192498405,27.59189192498405,0.568904988144001,16.781374092635012,0.038656552332018757,3.0,105
A2F13,-14.25,-11.25,24.487241575971762,-21.75,-11.25,0,0.15308536555498423,6.5993114003885704,0.976,18.155577655365306,18.155577655365306,0.3743418073271197,16.632046304102943,0.21071183853927267,3.0,105
A2F13,-18.0,-22.0,33.67862823809782,-25.5,-22.0,0,0.1053436909707401,4.541202281187621,1.0,28.42534080710379,28.42534080710379,0.5860895011773978,15.994719632273078,0.08106663338168632,3.0,105
A2F13,-0.75,-0.25,13.252358280698571,-13.25,-0.25,0,0.9066950235927406,39.30220382051677,0.864,0.7905694150420949,0.7905694150420949,0.016300400310146287,39.98911118069283,0.8553392755816647,3.0,106
A2F13,-11.5,10.0,26.0,-24.0,10.0,0,0.2568680517434138,11.133450255940993,0.8832,15.239750654128171,15.239750654128171,0.3142216629717149,23.47159906530195,0.1927344765260589,3.0,106
A2F13,5.5,-14.75,16.326741867255695,-7.0,-14.75,1,0.24059652612608778,10.42817072440617,0.8944,15.742061491431166,15.742061491431166,0.324578587452189,22.51567890084854,0.14473620085198569,3.0,106
A2F13,22.25,-14.0,17.060553918322817,9.75,-14.0,1,0.13548449410559288,5.87222317831882,0.8944,26.288067635336,26.288067635336,0.5420220130997113,19.265608036468024,0.11253374385754775,3.0,106
A2F13,-5.0,25.75,31.13378390109368,-17.5,25.75,0,0.12256670895076066,5.312326612270977,0.992,26.230945465232473,26.230945465232473,0.5408442363965459,17.92696503162519,0.25438407583222206,3.0,106
A2F13,-14.0,-11.25,28.789103841557832,-26.5,-11.25,0,0.16319774005154886,7.073406775095797,0.9568,17.96002505566181,17.96002505566181,0.37030979496209915,17.5412591669561,0.20532333010608655,3.0,106
A2F13,-24.5,12.25,38.975152340946664,-37.0,12.25,0,0.11059290671202168,4.7933468184582155,0.9328,27.391832724372424,27.391832724372424,0.5647800561726273,16.7614615731304,0.09462183045780442,3.0,106
A2F13,-3.5,-27.25,31.600039556937265,-16.0,-27.25,0,0.11265840088849956,4.8828712958170435,0.9968,27.473851204372494,27.473851204372494,0.5664711588530411,16.38569743988542,0.02842450723040366,3.0,106
A2F13,-18.75,-21.5,37.931682008579585,-31.25,-21.5,0,0.10556872098793325,4.575584309328232,1.0,28.527399110329004,28.527399110329004,0.5881937960892578,15.963742714780818,0.08014951589625581,3.0,106
A2F13,-27.5,2.0,40.049968789001575,-40.0,2.0,0,0.10317007686866361,4.471620344580615,1.0,27.572631357924475,27.572631357924475,0.5685078630499891,15.54586179491001,0.0751644255354385,3.0,106
A2F2,-2.25,-1.25,21.19256945252274,20.25,6.25,0,0.9047654054487431,29.224177805923034,1.0,2.57390753524675,2.57390753524675,0.05307025845869588,36.919994651163506,0.9452486569614508,2.0,107
A2F2,7.5,-17.5,31.622776601683793,30.0,-10.0,0,0.25877807044963397,8.35809157031648,0.9056,19.03943276465977,19.03943276465977,0.39256562401360356,23.420621922754968,0.11107264213796335,2.0,107
A2F2,-11.75,13.25,23.369317491103587,10.75,20.75,0,0.24640270728828723,7.95837902811509,0.8912,17.70946074842484,17.70946074842484,0.36514352058607913,23.302247241593403,0.11491682855587772,2.0,107
A2F2,-2.75,-19.5,23.109792296773243,19.75,-12.0,0,0.19682407692945045,6.357045519520396,0.9648,19.69295559330798,19.69295559330798,0.4060403215115047,19.72231781164855,0.015420230747391411,2.0,107
A2F2,-1.5,17.5,32.64965543462902,21.0,25.0,0,0.1794338891594535,5.795365759898122,0.8912,17.564168070250297,17.564168070250297,0.3621477952628927,18.976423345472824,0.02697791942454682,2.0,107
A2F2,-19.0,-10.75,4.7762432936357,3.5,-3.25,1,0.16256594967374005,5.250555693547351,0.9552,21.830311495716227,21.830311495716227,0.4501095153755923,17.888808047781968,0.08785368266694914,2.0,107
A2F2,-18.5,3.0,11.236102527122116,4.0,10.5,1,0.16526211113230452,5.337637694656304,0.9168,18.741664813991314,18.741664813991314,0.38642607863899614,17.730399662967802,0.09472701960072163,2.0,107
A2F2,16.0,-7.25,38.50081167975553,38.5,0.25,0,0.1547584000908346,4.9983837174741295,0.824,17.565947170591173,17.565947170591173,0.3621844777441479,16.611965242457195,0.032038196276960446,2.0,107
A2F2,-0.75,29.75,43.13496261734789,21.75,37.25,0,0.10373222043147959,3.350324940221508,0.8496,29.75945227990596,29.75945227990596,0.6135969542248652,13.924235060142639,0.042232567273847055,2.0,107
A2F2,26.75,-13.5,49.614136090432936,49.25,-6.0,0,0.09705252888880662,3.1345834525266123,0.9248,29.963519486201882,29.963519486201882,0.6178045254886986,12.831721078299154,0.07428868943472326,2.0,107
A2F2,-1.5,-1.25,39.781434111907025,-9.0,-38.75,0,0.8983502866619244,28.953239766880266,1.0,1.9525624189766635,1.9525624189766635,0.040259018947972444,36.940054525098006,0.9433953774928567,2.0,108
A2F2,11.0,-15.5,53.115440316352455,3.5,-53.0,0,0.2494006591939795,8.03752486319072,0.9024,19.00657780874821,19.00657780874821,0.39188820224223114,23.254863229390615,0.09599625729947042,2.0,108
A2F2,-9.0,15.25,27.70040613420677,-16.5,-22.25,0,0.24572058456195617,7.918923009483861,0.9216,17.707696066964782,17.707696066964782,0.3651071354013357,23.020749012829704,0.11068284647724458,2.0,108
A2F2,0.75,-19.25,57.15002187226178,-6.75,-56.75,0,0.20571660106599127,6.629675529260816,0.9328,19.264604849308483,19.264604849308483,0.3972083474084223,20.35053987942732,0.019758079684389546,2.0,108
A2F2,-18.5,-11.0,55.029537523043025,-26.0,-48.5,0,0.1696698175251683,5.467968977180565,0.9648,21.523243250030884,21.523243250030884,0.44377821134084294,18.450360352199667,0.11365711254109262,2.0,108
A2F2,-17.75,5.0,41.15595339680518,-25.25,-32.5,0,0.16528277296212962,5.326584965246793,0.912,18.440783605910028,18.440783605910028,0.3802223423898975,17.62819433539184,0.03850402517075314,2.0,108
A2F2,1.25,17.0,21.43157717014779,-6.25,-20.5,0,0.14550060272677365,4.689054130311563,0.84,17.045893933730785,17.045893933730785,0.35146173059238733,16.22145548577248,0.08096209748856009,2.0,108
A2F2,16.5,-5.25,43.6870976376321,9.0,-42.75,0,0.14043251541580715,4.52572248957849,0.7952,17.315094570922792,17.315094570922792,0.35701225919428436,15.471246726934691,0.10390100650391595,2.0,108
A2F2,-2.0,29.25,12.58222953216162,-9.5,-8.25,1,0.10989037888979705,3.541429970352063,0.872,29.318296335223845,29.318296335223845,0.6045009553654401,14.419815244416137,0.04529558417125216,2.0,108
A2F2,26.75,-13.75,54.746004420414096,19.25,-51.25,0,0.10417444963853349,3.357221277034897,0.888,30.076984556301518,30.076984556301518,0.6201440114701344,14.030349764634682,0.09016669358566838,2.0,108
A2F2,-1.25,-1.5,32.055615732660634,21.25,-24.0,0,0.9066654992332993,29.222963923118083,1.0,1.9525624189766635,1.9525624189766635,0.040259018947972444,37.05604294267075,0.7654606190230608,2.0,109
A2F2,10.75,-15.5,50.49319261048959,33.25,-38.0,0,0.2651202258485606,8.544636901795556,0.8944,18.86299286963763,18.86299286963763,0.38892768803376554,24.094162817417182,0.10996898419107236,2.0,109
A2F2,-10.25,14.5,14.630874888399532,12.25,-8.0,1,0.25518688299234676,8.22448455780354,0.9056,17.75704085707976,17.75704085707976,0.36612455375422187,23.298328253613448,0.1092323796311256,2.0,109
A2F2,0.5,-19.25,47.66615675717941,23.0,-41.75,0,0.2119541556235669,6.831097716441209,0.9232,19.256492411651713,19.256492411651713,0.3970410806526126,20.77205167321779,0.008234325602829686,2.0,109
A2F2,0.0,17.5,23.04886114323222,22.5,-5.0,0,0.1667944080981033,5.375615391367391,0.8848,17.5,17.5,0.36082474226804123,17.803081141743267,0.041221006830599594,2.0,109
A2F2,-18.0,4.25,18.79660873668439,4.5,-18.25,1,0.16748134075296806,5.397754888955489,0.9184,18.49493173818168,18.49493173818168,0.3813387987253955,17.663065582686343,0.027064853328730036,2.0,109
A2F2,-18.0,-11.75,34.5443555447196,4.5,-34.25,0,0.1566357557575365,5.048207418978839,0.9584,21.49563909261597,21.49563909261597,0.44320905345599937,17.201662458739758,0.08739623647831932,2.0,109
A2F2,16.75,-5.25,48.06896087913697,39.25,-27.75,0,0.1315909886140504,4.241030562947801,0.7888,17.553489681541958,17.553489681541958,0.36192762229983416,14.90836063624742,0.1450269729920378,2.0,109
A2F2,25.75,-15.5,61.4171189490357,48.25,-38.0,0,0.10592697601569889,3.4138997983549144,0.88,30.055157627269235,30.055157627269235,0.6196939716962729,14.304850278852348,0.08884384807566646,2.0,109
A2F2,-1.25,29.5,22.373254121830378,21.25,7.0,0,0.10623265067298455,3.4237514263528963,0.8656,29.526471174185378,29.526471174185378,0.6087932200862964,14.063128911000826,0.03717740786992841,2.0,109
A2F2,-2.5,-1.75,35.46917675954715,35.0,5.75,0,0.9075922246762718,29.41971813849815,1.0,3.0516389039334255,3.0516389039334255,0.06292038977182321,36.969416649432254,0.8358548095079635,2.0,110
A2F2,11.0,-15.5,49.1553659329274,48.5,-8.0,0,0.24963759217233517,8.09152676848682,0.9024,19.00657780874821,19.00657780874821,0.39188820224223114,23.367720855449633,0.0888575419963026,2.0,110
A2F2,-9.75,15.0,35.72551609144366,27.75,22.5,0,0.2483848356941785,8.050920093036655,0.904,17.890290662814845,17.890290662814845,0.3688719724291721,23.154410513367864,0.09568463307227977,2.0,110
A2F2,0.75,-19.5,40.0881840446783,38.25,-12.0,0,0.21069829366978984,6.829358261344498,0.9264,19.51441774688653,19.51441774688653,0.4023591288017841,20.793409268127053,0.009378601702787093,2.0,110
A2F2,-17.5,4.75,23.45341126574128,20.0,12.25,0,0.1842579230394623,5.97233216328702,0.9072,18.13318780578859,18.13318780578859,0.37388016094409465,19.33731734185299,0.011670419981729569,2.0,110
A2F2,0.5,17.25,45.349338473675665,38.0,24.75,0,0.16734749827089315,5.424207643978071,0.8464,17.257244855422318,17.257244855422318,0.35581948155509935,17.765153389016696,0.03135439159165174,2.0,110
A2F2,-18.25,-11.75,19.71357400371632,19.25,-4.25,1,0.15782883031681047,5.11567594129077,0.9552,21.70541407114824,21.70541407114824,0.44753431074532457,17.5390011734274,0.07893148124931253,2.0,110
A2F2,-2.0,29.25,51.09611041948301,35.5,36.75,0,0.11115766012944445,3.6029161186950653,0.8544,29.318296335223845,29.318296335223845,0.6045009553654401,14.63120540922765,0.04211814502068919,2.0,110
A2F2,16.5,-5.25,54.04685467258941,54.0,2.25,0,0.12903664649140978,4.182428864281915,0.8048,17.315094570922792,17.315094570922792,0.35701225919428436,14.386471682167807,0.1424077391107166,2.0,110
A2F2,25.5,-15.5,63.50590523722971,63.0,-8.0,0,0.10175929132837015,3.298286973055385,0.9328,29.841246622753548,29.841246622753548,0.6152834355206918,13.57942344215081,0.10377203161515013,2.0,110
A14F14,0.4000000000000057,0.6500000000000057,44.08891584060556,-22.099999999999994,38.150000000000006,0,0.9021053850878681,36.52814452567302,0.8992,0.7632168761236952,0.7632168761236952,0.016810944408010908,38.83838052454513,0.609263075979885,4.0,111
A14F14,7.150000000000006,-13.099999999999994,28.826767075064108,-15.349999999999994,24.400000000000006,0,0.2852224042974382,11.548287460667042,0.864,14.92422527302506,14.92422527302506,0.32872742892125684,23.581365545181082,0.18737837770738017,4.0,111
A14F14,-7.349999999999994,14.900000000000006,60.30574184934632,-29.849999999999994,52.400000000000006,0,0.26674415486504105,10.80009985771989,0.888,16.614225832099432,16.614225832099432,0.36595211083919454,22.873759723549707,0.20360381839373687,4.0,111
A14F14,-2.0999999999999943,27.650000000000006,69.63966183145924,-24.599999999999994,65.15,0,0.15074120907835972,6.103205757261472,0.848,27.729632164888162,27.729632164888162,0.6107848494468758,19.945581202988574,0.04034351195032865,4.0,111
A14F14,-1.8499999999999943,-24.599999999999994,27.55598845986113,-24.349999999999994,12.900000000000006,0,0.14166044746179815,5.735537067354966,0.7744,24.669464931368086,24.669464931368086,0.5433802848318962,19.371269918105043,0.033746790451804745,4.0,111
A14F14,8.400000000000006,-23.599999999999994,19.79949494305347,-14.099999999999994,13.900000000000006,1,0.12333308721896741,4.993487916454042,0.8352,25.050349298961876,25.050349298961876,0.5517698083471779,17.932154039723795,0.035056338496021175,4.0,111
A14F14,-12.099999999999994,-22.349999999999994,37.771450859081384,-34.599999999999994,15.150000000000006,0,0.12443643136857459,5.038160671466184,0.8768,25.41520214359901,25.41520214359901,0.5598062146167183,17.39903065105219,0.025469597799838543,4.0,111
A14F14,25.150000000000006,-8.099999999999994,29.51918867448766,2.6500000000000057,29.400000000000006,0,0.12078293513701423,4.890236122610661,0.8192,26.422197107735006,26.422197107735006,0.5819867204346918,17.01911697674606,0.09998461855773438,4.0,111
A14F14,-20.599999999999994,17.400000000000006,69.79699133916877,-43.099999999999994,54.900000000000006,0,0.11243948488499941,4.552422963577406,0.856,26.965162710430658,26.965162710430658,0.5939463152077238,16.1968517648808,0.11192955294626435,4.0,111
A14F14,-9.599999999999994,-11.599999999999994,41.24584827591742,-32.099999999999994,25.900000000000006,0,0.15614893766585414,6.322158360736172,0.9728,15.05722417977496,15.05722417977496,0.3316569202593604,16.080254630442138,0.21005396450450986,4.0,111
A14F14,0.9000000000000057,1.4000000000000057,32.15618136533006,30.900000000000006,8.900000000000006,0,0.9192051991918182,37.483054682434926,0.8976,1.6643316977093316,1.6643316977093316,0.03665928849580026,38.87099327973695,0.5691806784714368,4.0,112
A14F14,10.650000000000006,-10.099999999999994,40.73306396528501,40.650000000000006,-2.5999999999999943,0,0.3113157726613828,12.693679208944513,0.8704,14.677619016720662,14.677619016720662,0.3232955730555212,25.229181101522688,0.24673039462911658,4.0,112
A14F14,-6.599999999999994,15.650000000000006,32.91629535655555,23.400000000000006,23.150000000000006,0,0.23172028431952543,9.448126925897137,0.8992,16.98477259194247,16.98477259194247,0.3741139337432262,21.203775372676258,0.310302253864731,4.0,112
A14F14,-0.5999999999999943,27.650000000000006,45.82447490151961,29.400000000000006,35.150000000000006,0,0.15435004467776628,6.29337818010453,0.7296,27.65650917957652,27.65650917957652,0.6091742110038881,19.95330159628682,0.06841041091247632,4.0,112
A14F14,23.650000000000006,-10.099999999999994,53.712963984498195,53.650000000000006,-2.5999999999999943,0,0.1356521483134676,5.530986977381091,0.8928,25.716385826939213,25.716385826939213,0.5664402164524056,19.068829253832284,0.0703790049647712,4.0,112
A14F14,3.6500000000000057,16.900000000000006,41.56540027474776,33.650000000000006,24.400000000000006,0,0.17181437156763685,7.0054751334969545,0.7456,17.289664542726104,17.289664542726104,0.38082961547854854,18.22505339666156,0.04896650523865427,4.0,112
A14F14,-23.099999999999994,10.400000000000006,19.18384737220353,6.900000000000006,17.900000000000006,1,0.13565827505678255,5.531236789615174,0.8752,25.3331798240963,25.3331798240963,0.5579995555968349,18.149025566294597,0.10085334454319486,4.0,112
A14F14,0.4000000000000057,-12.849999999999994,30.867175121802127,30.400000000000006,-5.349999999999994,0,0.19646605153474755,8.010637681662018,0.864,12.856224173527773,12.856224173527773,0.2831767439103034,18.1408759519375,0.14028899164496433,4.0,112
A14F14,-2.8499999999999943,-24.599999999999994,32.086328864486816,27.150000000000006,-17.099999999999994,0,0.1307308430486178,5.330325488709569,0.8496,24.764541182909078,24.764541182909078,0.5454744753944731,17.82014945007924,0.03845692056492389,4.0,112
A14F14,7.400000000000006,-23.599999999999994,40.71817775883395,37.400000000000006,-16.099999999999994,0,0.11537620309953403,4.704256549657919,0.8784,24.732973941683596,24.732973941683596,0.5447791617110924,17.01477471058606,0.05128405639192868,4.0,112
A14F14,0.15000000000000568,0.9000000000000057,44.582311514770076,22.650000000000006,38.400000000000006,0,0.8312670973504175,35.005763769303464,0.8976,0.9124143795447396,0.9124143795447396,0.020097233029619816,38.412839152682864,0.5530375944456981,4.0,113
A14F14,-7.599999999999994,15.400000000000006,54.958347864541935,14.900000000000006,52.900000000000006,0,0.26856751989282523,11.308836791928421,0.7984,17.17323498936645,17.17323498936645,0.3782650878715077,23.351046458532338,0.2679099635588593,4.0,113
A14F14,9.400000000000006,-10.849999999999994,41.56720462095089,31.900000000000006,26.650000000000006,0,0.2447825043368689,10.307263112879376,0.9232,14.355573830397724,14.355573830397724,0.31620206674884854,22.30647351927626,0.39314891633313487,4.0,113
A14F14,-0.5999999999999943,27.900000000000006,68.96934101468565,21.900000000000006,65.4,0,0.15063930243864562,6.343011659258906,0.6976,27.906450867138236,27.906450867138236,0.6146795345184634,20.515969390746854,0.07796092878430748,4.0,113
A14F14,-20.599999999999994,16.650000000000006,54.18332308007696,1.9000000000000057,54.150000000000006,0,0.1316419301536965,5.543069064581441,0.8048,26.487402666173217,26.487402666173217,0.5834229662152691,19.04594305139134,0.07819063323564979,4.0,113
A14F14,23.150000000000006,-10.099999999999994,53.24173644801605,45.650000000000006,27.400000000000006,0,0.13691234742268868,5.764995709364343,0.928,25.257325669991275,25.257325669991275,0.5563287592509092,19.03544654591229,0.06444160670237456,4.0,113
A14F14,-24.599999999999994,-3.0999999999999943,34.46403922931844,-2.0999999999999943,34.400000000000006,0,0.1249928204257766,5.263088931491474,0.9872,24.794555854057958,24.794555854057958,0.546135591499074,17.365066250919817,0.13784803238109516,4.0,113
A14F14,-1.5999999999999943,-25.099999999999994,24.30164603478539,20.900000000000006,12.400000000000006,0,0.1261918882222118,5.313579134922812,0.864,25.150944316267722,25.150944316267722,0.5539855576270424,17.297571481419116,0.061174532797225116,4.0,113
A14F14,-22.099999999999994,-13.349999999999994,24.15331240223585,0.4000000000000057,24.150000000000006,0,0.11241721450081445,4.7335578507919855,0.9808,25.819227331583715,25.819227331583715,0.5687054478322404,16.30983499208353,0.06501373267587099,4.0,113
A14F14,11.900000000000006,14.150000000000006,62.057090650464765,34.400000000000006,51.650000000000006,0,0.13625576052100047,5.737348140752218,0.7296,18.48871277293258,18.48871277293258,0.4072403694478542,16.24761439341337,0.29940345687603254,4.0,113
A14F14,-0.09999999999999432,0.6500000000000057,38.86106663487249,7.400000000000006,38.150000000000006,0,0.8187315222586113,34.61076661061566,0.8944,0.6576473218983,0.6576473218983,0.014485623830359031,38.37547075746065,0.47039018550403855,4.0,114
A14F14,9.900000000000006,-10.349999999999994,32.24720918157106,17.400000000000006,27.150000000000006,0,0.2506826313215248,10.596415283007733,0.9312,14.322447416555594,14.322447416555594,0.3154724100562906,22.311085982907862,0.3314326091147964,4.0,114
A14F14,-0.5999999999999943,27.900000000000006,65.76298350896194,6.900000000000006,65.4,0,0.1676548818541577,7.086728859682207,0.6912,27.906450867138236,27.906450867138236,0.6146795345184634,21.358389665535388,0.08585049837839817,4.0,114
A14F14,-7.099999999999994,15.400000000000006,52.901512265718836,0.4000000000000057,52.900000000000006,0,0.23163990271552423,9.791448114400737,0.8432,16.957889019568448,16.957889019568448,0.37352178457199225,21.27654727424268,0.2986495334453185,4.0,114
A14F14,21.650000000000006,-12.349999999999994,38.49993506488031,29.150000000000006,25.150000000000006,0,0.1509279949292715,6.379672508387587,0.9008,24.924786859670437,24.924786859670437,0.5490041158517718,19.96381614569013,0.0903982997285394,4.0,114
A14F14,1.1500000000000057,-25.099999999999994,15.118945069018547,8.650000000000006,12.400000000000006,1,0.1356780434050369,5.7350500964220545,0.8656,25.12633081052623,25.12633081052623,0.5534434099234853,18.632945723112705,0.057726130514454264,4.0,114
A14F14,-23.099999999999994,12.400000000000006,52.28164113720992,-15.599999999999994,49.900000000000006,0,0.12933958230157855,5.467121272441095,0.8464,26.217742084321447,26.217742084321447,0.5774833058220583,18.60806373602637,0.03448607039757797,4.0,114
A14F14,-18.849999999999994,-19.099999999999994,21.619030968107708,-11.349999999999994,18.400000000000006,0,0.11549704125896328,4.881994209365371,0.8944,26.83528460814231,26.83528460814231,0.591085564055998,17.4397863352617,0.12597135774870255,4.0,114
A14F14,3.1500000000000057,17.400000000000006,55.92345214666206,10.650000000000006,54.900000000000006,0,0.15961166441662333,6.746736427034304,0.7472,17.68283065575193,17.68283065575193,0.3894896620209676,17.3376627795966,0.09050952256098029,4.0,114
A14F14,-13.599999999999994,-8.849999999999994,29.292191792353133,-6.099999999999994,28.650000000000006,0,0.1591024111063574,6.725209959153219,0.976,16.225982250699023,16.225982250699023,0.3574004901035027,17.048331409922216,0.4068708761463036,4.0,114
A14F14,-0.5999999999999943,0.9000000000000057,46.60922655440659,-8.099999999999994,45.900000000000006,0,0.902579716187338,38.446069062206384,0.8896,1.0816653826391984,1.0816653826391984,0.023825228692493358,39.25805743611091,0.5787994517090755,4.0,115
A14F14,-8.099999999999994,15.150000000000006,62.140023334401796,-15.599999999999994,60.150000000000006,0,0.2734522812867441,11.64686081268491,0.896,17.17942082842143,17.17942082842143,0.37840133983307117,23.708813731092352,0.3583078383028606,4.0,115
A14F14,6.650000000000006,-12.599999999999994,32.41114777356705,-0.8499999999999943,32.400000000000006,0,0.24500083887114882,10.435016511269762,0.8352,14.247192705933331,14.247192705933331,0.3138148173113069,22.089340409209555,0.13385611449178872,4.0,115
A14F14,-4.099999999999994,27.650000000000006,73.57025553849871,-11.599999999999994,72.65,0,0.14525768478845794,6.186692038613655,0.8016,27.952325484653333,27.952325484653333,0.6156899886487518,19.446592187811873,0.08690343830776986,4.0,115
A14F14,-3.0999999999999943,-23.849999999999994,23.65760976937442,-10.599999999999994,21.150000000000006,0,0.1417337234510035,6.036599428715054,0.792,24.050623692536536,24.050623692536536,0.5297494205404524,18.762297547743778,0.05119536785829083,4.0,115
A14F14,-10.349999999999994,-10.349999999999994,38.97749350586823,-17.849999999999994,34.650000000000006,0,0.179481057531565,7.644342263554582,0.92,14.637110370561526,14.637110370561526,0.32240331212690587,18.585168114669493,0.14382730162628893,4.0,115
A14F14,7.150000000000006,-23.599999999999994,21.40286195815878,-0.3499999999999943,21.400000000000006,0,0.12179162973306525,5.187228345536988,0.8256,24.659328863535595,24.659328863535595,0.5431570234258942,17.599259715163527,0.0528145267354289,4.0,115
A14F14,23.150000000000006,-9.349999999999994,38.93385416318298,15.650000000000006,35.650000000000006,0,0.1275111929301157,5.430834748428147,0.8656,24.966878058740146,24.966878058740146,0.5499312347740121,17.45021752727242,0.07998230032289999,4.0,115
A14F14,-25.849999999999994,-1.0999999999999943,55.131048421012274,-33.349999999999994,43.900000000000006,0,0.1131892853032016,4.820839895416026,1.0,25.873393669945962,25.873393669945962,0.5698985389855938,17.144943524554456,0.16547005548628813,4.0,115
A14F14,-24.849999999999994,9.150000000000006,63.07729385444496,-32.349999999999994,54.150000000000006,0,0.10806042377451092,4.60239340617298,0.8896,26.481030946698425,26.481030946698425,0.583282619971331,16.68037023269686,0.028562679411329905,4.0,115
A14F14,-0.5999999999999943,1.4000000000000057,39.12569488200816,-38.099999999999994,8.900000000000006,0,0.887277513388005,37.3841033740479,0.8912,1.5231546211727847,1.5231546211727847,0.03354966125931244,38.92529953589697,0.5033613736707503,4.0,116
A14F14,-7.599999999999994,15.900000000000006,50.80915271877696,-45.099999999999994,23.400000000000006,0,0.2748832215242075,11.58078872147224,0.8784,17.622996340009838,17.622996340009838,0.3881717255508775,24.352889528210998,0.35130615564596984,4.0,116
A14F14,6.150000000000006,-11.849999999999994,31.65035544824101,-31.349999999999994,-4.349999999999994,0,0.26887022401225485,11.32745241630296,0.8224,13.350842670033977,13.350842670033977,0.2940714244500876,22.373459365425397,0.15018130588846812,4.0,116
A14F14,-2.5999999999999943,27.900000000000006,53.489905589746556,-40.099999999999994,35.400000000000006,0,0.15382545427620978,6.480532351525562,0.7952,28.0208850681059,28.0208850681059,0.6172001116322886,20.634810029360363,0.06061239190105223,4.0,116
A14F14,22.150000000000006,-10.599999999999994,15.659901021398564,-15.349999999999994,-3.0999999999999943,1,0.14061427455218423,5.923945801524135,0.8944,24.555701985485978,24.555701985485978,0.5408744930723783,18.881370251462425,0.09352774251788322,4.0,116
A14F14,-19.599999999999994,19.900000000000006,63.33379824390765,-57.099999999999994,27.400000000000006,0,0.11223820397172578,4.728469944185198,0.8576,27.93152340993953,27.93152340993953,0.6152317931704743,17.31842077295276,0.08320525458118579,4.0,116
A14F14,-3.5999999999999943,-24.349999999999994,44.41995610083377,-41.099999999999994,-16.849999999999994,0,0.12368333023490603,5.210648734796632,0.8384,24.614680578874054,24.614680578874054,0.5421735810324682,16.748225631855806,0.03955103139505411,4.0,116
A14F14,2.6500000000000057,17.650000000000006,42.97726142973747,-34.849999999999994,25.150000000000006,0,0.14944359334118554,6.295924469832724,0.7536,17.847828999629066,17.847828999629066,0.3931239867759706,16.501810249901336,0.04392754044694685,4.0,116
A14F14,-13.849999999999994,-21.349999999999994,53.18500728588837,-51.349999999999994,-13.849999999999994,0,0.11607425975735758,4.890081332995102,0.9568,25.448870308915474,25.448870308915474,0.5605478041611338,16.203321323413885,0.011718302775453366,4.0,116
A14F14,-25.099999999999994,-2.8499999999999943,62.77246609780437,-62.599999999999994,4.650000000000006,0,0.1146883227351139,4.831692379070122,1.0,25.261284607082032,25.261284607082032,0.5564159605084148,16.181897036262644,0.22514656735166017,4.0,116
A14F14,-0.09999999999999432,1.6500000000000057,44.68761013972441,-37.599999999999994,24.150000000000006,0,0.8988229391991146,37.95589736444518,0.9088,1.6530275254816593,1.6530275254816593,0.036410297918098224,38.80931240063576,0.5706667862611715,4.0,117
A14F14,-7.599999999999994,15.400000000000006,58.91027075137238,-45.099999999999994,37.900000000000006,0,0.2823899340966376,11.923847352215926,0.9152,17.17323498936645,17.17323498936645,0.3782650878715077,24.750898564470006,0.4659047862788301,4.0,117
A14F14,9.900000000000006,-10.349999999999994,30.155969558281488,-27.599999999999994,12.150000000000006,0,0.2524902281200455,10.66129427623842,0.8608,14.322447416555594,14.322447416555594,0.3154724100562906,22.109421459167216,0.284449273231844,4.0,117
A14F14,-2.8499999999999943,27.650000000000006,64.3672665257738,-40.349999999999994,50.150000000000006,0,0.15260430382169668,6.443561739282435,0.7648,27.796492584497063,27.796492584497063,0.6122575459140323,20.209377040540517,0.0611215980102749,4.0,117
A14F14,22.150000000000006,-10.599999999999994,19.422474095747944,-15.349999999999994,11.900000000000006,1,0.14403257443985362,6.081621788327709,0.856,24.555701985485978,24.555701985485978,0.5408744930723783,19.398042268461072,0.09528660414153964,4.0,117
A14F14,-0.3499999999999943,-12.099999999999994,39.25280244772339,-37.849999999999994,10.400000000000006,0,0.20237772178380092,8.545254003113877,0.7808,12.10506092508418,12.10506092508418,0.2666312979093432,18.96554294831812,0.16209233447261245,4.0,117
A14F14,-11.599999999999994,-9.849999999999994,50.70337759952486,-49.099999999999994,12.650000000000006,0,0.18933251050773528,7.994414551712944,0.9376,15.217834931421741,15.217834931421741,0.3351946020136948,18.673925247028166,0.2730314430710724,4.0,117
A14F14,-0.8499999999999943,-24.349999999999994,38.39459597391278,-38.349999999999994,-1.8499999999999943,0,0.13135310192999322,5.546234628901,0.7856,24.36483121222061,24.36483121222061,0.5366702910180752,17.602960722156627,0.04800525449473505,4.0,117
A14F14,-19.599999999999994,19.400000000000006,70.82386603398604,-57.099999999999994,41.900000000000006,0,0.11320832623421363,4.7800799249880965,0.8752,27.57752708275345,27.57752708275345,0.6074345172412654,17.035551408859572,0.0834094848964932,4.0,117
A14F14,-16.849999999999994,-20.099999999999994,54.40296407366054,-54.349999999999994,2.4000000000000057,0,0.11439892796756301,4.830352408006894,0.8608,26.228467358959417,26.228467358959417,0.577719545351529,16.74022428738555,0.11467492433257388,4.0,117
A14F14,-0.3499999999999943,1.4000000000000057,54.46863776523148,-7.849999999999994,53.900000000000006,0,0.892632257125416,37.87054405498665,0.888,1.4430869689661854,1.4430869689661854,0.03178605658515827,38.98278436520987,0.5935043276591383,4.0,118
A14F14,-7.849999999999994,15.400000000000006,69.61345056811938,-15.349999999999994,67.9,0,0.25023979823975195,10.615626913457874,0.904,17.28532614676391,17.28532614676391,0.3807340560961214,23.052986102921228,0.33193338154233737,4.0,118
A14F14,9.150000000000006,-11.099999999999994,41.43286738810145,1.6500000000000057,41.400000000000006,0,0.2598844538862527,11.024785860613285,0.8512,14.385148591516183,14.385148591516183,0.3168534932052023,22.47511947619197,0.2368432901662192,4.0,118
A14F14,-2.0999999999999943,27.900000000000006,80.97110595761923,-9.599999999999994,80.4,0,0.14607331334610438,6.196603507730927,0.8048,27.9789206367937,27.9789206367937,0.6162757849514031,19.803795055755,0.07213619895405723,4.0,118
A14F14,-1.5999999999999943,-24.099999999999994,29.822307087145358,-9.099999999999994,28.400000000000006,0,0.13961666819991275,5.922699507641729,0.7728,24.153053637169766,24.153053637169766,0.532005586721801,18.46569227990022,0.040464742846822964,4.0,118
A14F14,-13.599999999999994,-8.599999999999994,48.70749428989342,-21.099999999999994,43.900000000000006,0,0.17768632281151645,7.537698838057063,0.9488,16.090991268408537,16.090991268408537,0.35442712044952723,18.21114883289779,0.19584689679075812,4.0,118
A14F14,20.400000000000006,-13.849999999999994,40.745950719059195,12.900000000000006,38.650000000000006,0,0.1280276527508157,5.431071198257646,0.8496,24.657301149963676,24.657301149963676,0.5431123601313586,18.16213387174347,0.08734719809634164,4.0,118
A14F14,-2.8499999999999943,-11.849999999999994,41.94693075780396,-10.349999999999994,40.650000000000006,0,0.17991362020639132,7.632186283884368,0.7984,12.18790383946312,12.18790383946312,0.2684560317062361,17.89633325881855,0.10591466986140292,4.0,118
A14F14,11.400000000000006,14.400000000000006,67.0135807131659,3.9000000000000057,66.9,0,0.15176215579887997,6.437936175302572,0.7568,18.36627343801677,18.36627343801677,0.4045434677977262,16.9635036970356,0.3120974462203583,4.0,118
A14F14,-21.849999999999994,16.400000000000006,74.8908038413262,-29.349999999999994,68.9,0,0.11218523996848054,4.759008222342418,0.8928,27.32000183016099,27.32000183016099,0.601762154849361,16.89776113514663,0.09326533757102365,4.0,118
A14F14,0.9000000000000057,1.6500000000000057,10.96733787206357,-1.5999999999999943,-10.849999999999994,0,0.9005256310425377,38.20367337504476,0.8944,1.879494612921258,1.879494612921258,0.04139855975597485,39.4278278430309,0.6646127487952893,4.0,119
A14F14,-6.099999999999994,14.150000000000006,8.75685445808025,-8.599999999999994,1.6500000000000057,1,0.2743773663031371,11.639079429236755,0.9312,15.408844862610568,15.408844862610568,0.3394018692204971,24.326410458063776,0.34699166754419947,4.0,119
A14F14,6.650000000000006,-11.849999999999994,24.701113335232478,4.150000000000006,-24.349999999999994,0,0.22814120807318722,9.677679350266162,0.8544,13.588414182677829,13.588414182677829,0.29930427715149405,21.7610252400816,0.06662567708053496,4.0,119
A14F14,-1.3499999999999943,27.650000000000006,15.631538631881384,-3.8499999999999943,15.150000000000006,1,0.13997037295722797,5.937425355438223,0.856,27.682936982914228,27.682936982914228,0.6097563212095645,19.805397958486985,0.07244315651665861,4.0,119
A14F14,22.900000000000006,-10.099999999999994,30.445360894559947,20.400000000000006,-22.599999999999994,0,0.1253683918019922,5.3180105613686735,0.9536,25.028383887099068,25.028383887099068,0.5512859887026227,17.855335028381717,0.10279442112616456,4.0,119
A14F14,-22.099999999999994,9.900000000000006,24.73701679669559,-24.599999999999994,-2.5999999999999943,0,0.12567965669654138,5.33121436477433,0.9872,24.21611034001951,24.21611034001951,0.5333945008814871,17.30559299873882,0.14553401146304973,4.0,119
A14F14,-11.599999999999994,3.9000000000000057,16.515750058656124,-14.099999999999994,-8.599999999999994,1,0.1578259774588382,6.694862072268755,0.8288,12.238055401083944,12.238055401083944,0.2695606916538314,16.669848345591006,0.04726955543705223,4.0,119
A14F14,-9.849999999999994,-9.349999999999994,25.098705145883514,-12.349999999999994,-21.849999999999994,0,0.15224037446024857,6.457919761919578,0.7984,13.581052978322402,13.581052978322402,0.29914213608639656,16.340901492246807,0.2105452927217634,4.0,119
A14F14,0.9000000000000057,-24.349999999999994,36.884719058168244,-1.5999999999999943,-36.849999999999994,0,0.11591581560050952,4.9170344582874135,0.9376,24.366626766953193,24.366626766953193,0.5367098406817884,16.327844843384966,0.04283357486952671,4.0,119
A14F14,-24.349999999999994,-3.0999999999999943,31.052898415445853,-26.849999999999994,-15.599999999999994,0,0.11155749583636117,4.732155902063281,0.9984,24.546537434025183,24.546537434025183,0.5406726307054005,15.358833053836609,0.17145559715263115,4.0,119
A14F14,0.9000000000000057,1.4000000000000057,29.496101437308635,5.900000000000006,28.900000000000006,0,0.9161287383996795,38.45544209683681,0.8848,1.6643316977093316,1.6643316977093316,0.03665928849580026,39.54343588778935,0.6380865486144041,4.0,120
A14F14,9.150000000000006,-10.849999999999994,21.850514868075773,14.150000000000006,16.650000000000006,0,0.2730099641810047,11.458835218526977,0.8336,14.193132141990365,14.193132141990365,0.3126240559909772,24.024073791405883,0.12503670260456803,4.0,120
A14F14,-5.849999999999994,12.900000000000006,40.408940842343306,-0.8499999999999943,40.400000000000006,0,0.22361309828393117,9.385473652730564,0.9504,14.164480223432136,14.164480223432136,0.3119929564632629,20.948987123610017,0.45514623010786154,4.0,120
A14F14,-0.5999999999999943,27.650000000000006,55.32524288243117,4.400000000000006,55.150000000000006,0,0.14014346694494073,5.882022876226304,0.8528,27.65650917957652,27.65650917957652,0.6091742110038881,19.600080109580663,0.07055686130063814,4.0,120
A14F14,-1.0999999999999943,-12.849999999999994,15.16022757085131,3.9000000000000057,14.650000000000006,1,0.17878981618415793,7.504106568717522,0.7328,12.896995774210358,12.896995774210358,0.2840747967887744,17.903062169706,0.1262748465226913,4.0,120
A14F14,23.650000000000006,-9.349999999999994,33.91526205117691,28.650000000000006,18.150000000000006,0,0.12119833246575185,5.086854765282881,0.9504,25.431181647733165,25.431181647733165,0.5601581860734177,17.69408706856509,0.07647741664557021,4.0,120
A14F14,-1.5999999999999943,-24.349999999999994,4.634921790062921,3.4000000000000057,3.1500000000000057,1,0.1277488048660913,5.361791724990402,0.9008,24.40251011678921,24.40251011678921,0.5375002228367667,17.603011035551724,0.0483382640197952,4.0,120
A14F14,-22.599999999999994,8.900000000000006,40.43167075449641,-17.599999999999994,36.400000000000006,0,0.1270684113280651,5.3332341685401525,0.9792,24.289298054904755,24.289298054904755,0.5350065650860079,17.152715651102426,0.14340815904291188,4.0,120
A14F14,8.650000000000006,-23.099999999999994,14.341635192682883,13.650000000000006,4.400000000000006,1,0.10710486674465607,4.495324396419066,0.92,24.666424548361277,24.666424548361277,0.5433133160432,16.102879584316,0.04745069087283613,4.0,120
A14F14,-11.349999999999994,-8.599999999999994,19.938217071744408,-6.349999999999994,18.900000000000006,1,0.14059634744007923,5.9010312982403,0.8512,14.240172049522428,14.240172049522428,0.31366017730225615,15.208898114410292,0.28439080658350424,4.0,120
A14F14,0.9000000000000057,1.4000000000000057,15.116877984557517,-6.599999999999994,-13.599999999999994,0,0.9019762206915578,38.228161004379984,0.8736,1.6643316977093316,1.6643316977093316,0.03665928849580026,39.61763275262855,0.6764879387337652,4.0,121
A14F14,8.400000000000006,-11.599999999999994,26.615221208924787,0.9000000000000057,-26.599999999999994,0,0.2813238106743161,11.922202400622702,0.8208,14.322011031974522,14.322011031974522,0.3154627980611128,24.432033800174715,0.1564285250225979,4.0,121
A14F14,-10.349999999999994,8.650000000000006,18.945843871414112,-17.849999999999994,-6.349999999999994,1,0.23104894867339823,9.791537506775391,0.864,13.488698973585258,13.488698973585258,0.29710790690716427,21.64420514162758,0.25103981293233285,4.0,121
A14F14,-1.8499999999999943,-12.849999999999994,29.377627542059955,-9.349999999999994,-27.849999999999994,0,0.19602644385641688,8.307290435273295,0.7104,12.98248820527097,12.98248820527097,0.28595788998394206,19.578358806399482,0.04312319285416423,4.0,121
A14F14,-0.8499999999999943,27.650000000000006,15.157341455545563,-8.349999999999994,12.650000000000006,1,0.13723948263774358,5.815943459351918,0.8688,27.663062014173345,27.663062014173345,0.6093185465676948,19.37833487976505,0.07411020431563173,4.0,121
A14F14,-1.3499999999999943,-24.099999999999994,40.08905711038861,-8.849999999999994,-39.099999999999994,0,0.12981547268813734,5.501322491207469,0.9088,24.137781588207307,24.137781588207307,0.5316691979781345,17.909205940049425,0.037684053153212035,4.0,121
A14F14,23.400000000000006,-10.849999999999994,30.3485172619685,15.900000000000006,-25.849999999999994,0,0.11639080263671459,4.932402163846501,0.9344,25.79307077491938,25.79307077491938,0.5681293122228939,17.48236090126944,0.07721911339365646,4.0,121
A14F14,-0.09999999999999432,17.400000000000006,7.969943538068506,-7.599999999999994,2.4000000000000057,1,0.14917014002386958,6.3215523325101515,0.8816,17.40028735394908,17.40028735394908,0.38326624127641146,16.779966262682173,0.055331057795796654,4.0,121
A14F14,8.900000000000006,-22.599999999999994,37.62605480249025,1.4000000000000057,-37.599999999999994,0,0.1080592300018977,4.579321875599488,0.944,24.289298054904755,24.289298054904755,0.5350065650860079,16.182812060524846,0.02478514513951842,4.0,121
A14F14,-21.599999999999994,12.150000000000006,29.23922878599912,-29.099999999999994,-2.8499999999999943,0,0.11386247270110508,4.82525502152286,0.9648,24.782705663425855,24.782705663425855,0.54587457408427,16.06336102666429,0.10519480513903719,4.0,121
A14F14,1.1500000000000057,0.9000000000000057,22.458461657023612,6.150000000000006,-21.599999999999994,0,0.902158714097999,39.02569787434449,0.9088,1.4603081866510312,1.4603081866510312,0.032165378560595405,39.87902541251592,0.7987366386898259,4.0,122
A14F14,-5.599999999999994,12.650000000000006,9.868257191622028,-0.5999999999999943,-9.849999999999994,1,0.28738457831634284,12.430610212041525,0.8752,13.834106404101426,13.834106404101426,0.3047160000903398,25.2897893218532,0.47107053534835863,4.0,122
A14F14,3.6500000000000057,-12.349999999999994,35.90745048036688,8.650000000000006,-34.849999999999994,0,0.2358428592922554,10.20113448161521,0.7968,12.878082155352168,12.878082155352168,0.283658197254453,22.538786696733922,0.22930650962371268,4.0,122
A14F14,-0.09999999999999432,27.150000000000006,6.755183195147272,4.900000000000006,4.650000000000006,1,0.14217685242299466,6.1496264321696765,0.8352,27.150184161438027,27.150184161438027,0.5980216775647142,19.41297496981175,0.10359240784304019,4.0,122
A14F14,24.400000000000006,-10.349999999999994,44.08494641031108,29.400000000000006,-32.849999999999994,0,0.1283651817380357,5.552214156099824,0.9328,26.504386429419565,26.504386429419565,0.5837970579167305,18.52179025632324,0.10328160534399639,4.0,122
A14F14,-9.349999999999994,-10.349999999999994,33.136762062700086,-4.349999999999994,-32.849999999999994,0,0.17125761471730463,7.407498336770029,0.8688,13.947938915839853,13.947938915839853,0.3072233241374417,18.142868780973636,0.26761897374291455,4.0,122
A14F14,13.900000000000006,-6.349999999999994,34.48959988170347,18.900000000000006,-28.849999999999994,0,0.16607636524424593,7.18338554782876,0.9664,15.281770185420276,15.281770185420276,0.3366028675202704,18.08526964707623,0.046416322251844326,4.0,122
A14F14,-15.349999999999994,-20.599999999999994,44.32530315745172,-10.349999999999994,-43.099999999999994,0,0.12196357770009573,5.275318933926424,0.9808,25.69012456178443,25.69012456178443,0.5658617744886438,17.783313738424937,0.11911601863649113,4.0,122
A14F14,-3.8499999999999943,-24.099999999999994,46.61418775437367,1.1500000000000057,-46.599999999999994,0,0.11963727924384625,5.1746972602994985,0.9536,24.405583377579806,24.405583377579806,0.5375679158057226,16.83037047458274,0.06312662957356346,4.0,122
A14F14,-21.349999999999994,10.400000000000006,20.34041543331895,-16.349999999999994,-12.099999999999994,0,0.10677441718581174,4.618328471021903,0.9808,23.748315729752285,23.748315729752285,0.5230906548403588,15.241907751044428,0.11088157351418941,4.0,122
A14F14,1.1500000000000057,0.9000000000000057,21.63059176259401,1.1500000000000057,-21.599999999999994,0,0.8992904229624211,39.14307223811389,0.8944,1.4603081866510312,1.4603081866510312,0.032165378560595405,40.10326628984715,0.8106143745273386,4.0,123
A14F14,-5.599999999999994,12.400000000000006,11.548592987892501,-5.599999999999994,-10.099999999999994,1,0.2589977149388284,11.272241236486023,0.8928,13.605881081355962,13.605881081355962,0.29968901060255426,23.983575369943733,0.47674325343125823,4.0,123
A14F14,10.650000000000006,-10.099999999999994,34.29551719977408,10.650000000000006,-32.599999999999994,0,0.23398813528510173,10.18372334960828,0.8976,14.677619016720662,14.677619016720662,0.3232955730555212,22.521676213051425,0.2846426101485144,4.0,123
A14F14,0.4000000000000057,-12.599999999999994,35.10227912828453,0.4000000000000057,-35.099999999999994,0,0.21612870282943336,9.406413603536306,0.7392,12.606347607455533,12.606347607455533,0.27767285478976944,21.500807824066214,0.1679085355004038,4.0,123
A14F14,23.900000000000006,-10.599999999999994,40.82670694533175,23.900000000000006,-33.099999999999994,0,0.13545409334111144,5.895201346256865,0.904,26.14517163837331,26.14517163837331,0.5758848378496324,19.326379952941746,0.09487966966666185,4.0,123
A14F14,0.15000000000000568,27.150000000000006,4.652418725781253,0.15000000000000568,4.650000000000006,1,0.14074150947858605,6.1253237620224565,0.856,27.150414361478912,27.150414361478912,0.5980267480501963,19.243847850439376,0.10613780391118537,4.0,123
A14F14,-10.599999999999994,-9.599999999999994,33.80488130433236,-10.599999999999994,-32.099999999999994,0,0.1808972070039426,7.873018134200945,0.8848,14.301048912579796,14.301048912579796,0.31500107736959904,19.075735383467304,0.3040132967569702,4.0,123
A14F14,-16.849999999999994,-19.849999999999994,45.57899735623853,-16.849999999999994,-42.349999999999994,0,0.11507013812219198,5.008040715068565,0.9488,26.037376980026224,26.037376980026224,0.5735105061679785,17.296791172148694,0.13901453745390677,4.0,123
A14F14,-0.09999999999999432,-24.849999999999994,47.35010559650316,-0.09999999999999432,-47.349999999999994,0,0.11647800815858664,5.069314564847515,0.9696,24.850201206428885,24.850201206428885,0.5473612600534997,16.469961156259174,0.06254708099090636,4.0,123
A14F14,-21.849999999999994,8.900000000000006,25.736792729475823,-21.849999999999994,-13.599999999999994,0,0.11016242684555007,4.794445654097858,0.9408,23.593060420386326,23.593060420386326,0.5196709343697429,15.729422412286153,0.08922639268746142,4.0,123
A14F14,0.9000000000000057,0.6500000000000057,25.99485526022408,-9.099999999999994,-24.349999999999994,0,0.8995908388423436,39.381189578451846,0.888,1.1101801655587338,1.1101801655587338,0.024453307611425855,40.324613011609,0.7769623452009472,4.0,124
A14F14,-5.849999999999994,12.400000000000006,20.248024595006786,-15.849999999999994,-12.599999999999994,0,0.25026567206266875,10.954780540864679,0.8896,13.710671026612815,13.710671026612815,0.3019971591764937,23.476039009354373,0.5186822054625142,4.0,124
A14F14,9.400000000000006,-11.349999999999994,36.354951519703604,-0.5999999999999943,-36.349999999999994,0,0.2410751573670728,10.55247352638991,0.8976,14.737113014427216,14.737113014427216,0.3246060135336391,22.807942316106633,0.23804850980208955,4.0,124
A14F14,-0.8499999999999943,-12.599999999999994,39.13416026951389,-10.849999999999994,-37.599999999999994,0,0.1915670602555465,8.385317089777166,0.7536,12.62863808967538,12.62863808967538,0.2781638345743476,20.198532933020342,0.0790931815041398,4.0,124
A14F14,-11.349999999999994,-9.099999999999994,40.23223210312845,-21.349999999999994,-34.099999999999994,0,0.17550891757605222,7.682398289189123,0.8848,14.547594302839208,14.547594302839208,0.32043159257355086,19.120375970544032,0.21428932215067192,4.0,124
A14F14,23.150000000000006,-12.599999999999994,39.83318340278617,13.150000000000006,-37.599999999999994,0,0.13011511374639356,5.695377070450837,0.8992,26.35683023430549,26.35683023430549,0.5805469214604734,18.964089671441414,0.10762877753380688,4.0,124
A14F14,0.15000000000000568,27.150000000000006,10.081914500728516,-9.849999999999994,2.1500000000000057,1,0.13679875227735666,5.987938058416778,0.8704,27.150414361478912,27.150414361478912,0.5980267480501963,18.912732915850277,0.11725470705095786,4.0,124
A14F14,0.4000000000000057,-24.849999999999994,50.76595808216368,-9.599999999999994,-49.849999999999994,0,0.12534541105516825,5.486594596874175,0.9568,24.853219107391293,24.853219107391293,0.54742773364298,17.452996290259506,0.05498546143308836,4.0,124
A14F14,-21.599999999999994,-11.849999999999994,48.543614410136364,-31.599999999999994,-36.849999999999994,0,0.11447626288478369,5.010824391309759,1.0,24.63701483540568,24.63701483540568,0.5426655250089357,16.79228571371597,0.20266450088748544,4.0,124
A14F14,-20.849999999999994,11.900000000000006,33.516152822184104,-30.849999999999994,-13.099999999999994,0,0.10667465552673602,4.669329169894166,0.9264,24.00692608394502,24.00692608394502,0.5287869181485688,15.429658943305625,0.12967518075198584,4.0,124
A11F3,-0.9000000000000057,-0.4000000000000057,38.039058873741865,-8.400000000000006,37.099999999999994,0,0.8342199713380377,27.63461119491768,0.9296,0.984885780179618,0.984885780179618,0.029754857407239214,36.84941138841435,0.43733551520483793,2.0,125
A11F3,11.099999999999994,-9.150000000000006,28.577657356753363,3.5999999999999943,28.349999999999994,0,0.2640047107679353,8.744458603806516,0.8272,14.385148591516183,14.385148591516183,0.4345966341847789,23.938412577164172,0.21718001975014573,2.0,125
A11F3,-7.650000000000006,12.849999999999994,52.57989159365013,-15.150000000000006,50.349999999999994,0,0.17965656736809346,5.950544755859145,0.832,14.954765126875111,14.954765126875111,0.451805592956952,19.360859168740255,0.18791818768270865,2.0,125
A11F3,-11.150000000000006,-9.650000000000006,33.51783107541417,-18.650000000000006,27.849999999999994,0,0.16307863793601873,5.401435644678114,0.9824,14.74601641122104,14.74601641122104,0.44549898523326403,17.955889865144762,0.34933625492863635,2.0,125
A11F3,2.5999999999999943,13.849999999999994,51.58325794286359,-4.900000000000006,51.349999999999994,0,0.1349823024624111,4.470812163130407,0.9376,14.091930314900077,14.091930314900077,0.42573807597885427,15.311268896210368,0.015527469907741972,2.0,125
A11F3,0.8499999999999943,-13.150000000000006,25.241731319384566,-6.650000000000006,24.349999999999994,0,0.1394835943680681,4.619905890497504,0.9808,13.177442847533058,13.177442847533058,0.39811005581670866,14.881754216463492,0.18100201742715405,2.0,125
A11F3,-15.150000000000006,2.5999999999999943,46.05466860156525,-22.650000000000006,40.099999999999994,0,0.11238075632608939,3.722198247984237,0.952,15.371483337661338,15.371483337661338,0.46439526699883193,12.804270573810996,0.03710377510755518,2.0,125
A11F3,2.8499999999999943,24.099999999999994,61.77525799217677,-4.650000000000006,61.599999999999994,0,0.09276761259616703,3.0725726305848124,0.7056,24.267931514655295,24.267931514655295,0.7331701363944197,11.526142790612791,0.16289998117590182,2.0,125
A11F3,12.849999999999994,11.349999999999994,49.14208990264862,5.349999999999994,48.849999999999994,0,0.09158886626980439,3.0335304194948574,0.8848,17.144824291896366,17.144824291896366,0.5179705224137875,10.164533410916974,0.12207547983666178,2.0,125
A11F3,-17.900000000000006,13.849999999999994,57.28858961433768,-25.400000000000006,51.349999999999994,0,0.0678123487005556,2.246013226333736,0.5488,22.63255398756402,22.63255398756402,0.6837629603493661,7.577687783618212,0.12732989904822223,2.0,125
A11F3,-0.6500000000000057,-0.4000000000000057,37.72707913422399,6.849999999999994,37.099999999999994,0,0.8091176711682069,27.059547690584353,0.9488,0.7632168761236952,0.7632168761236952,0.023057911665368434,36.474728168316354,0.46854842651057543,2.0,126
A11F3,11.349999999999994,-8.900000000000006,34.253211528264025,18.849999999999994,28.599999999999994,0,0.25017407207742437,8.365658912095487,0.816,14.4233317926199,14.4233317926199,0.4357502052151027,23.716178908323492,0.2508854067958673,2.0,126
A11F3,-6.900000000000006,13.349999999999994,50.8535396998085,0.5999999999999943,50.849999999999994,0,0.20137057757312862,6.733632643494689,0.8368,15.027724378627655,15.027724378627655,0.4540097999585394,20.863547026807296,0.18911891093664385,2.0,126
A11F3,-11.650000000000006,-9.150000000000006,28.65213779109684,-4.150000000000006,28.349999999999994,0,0.1531520494146274,5.121200957843246,0.9904,14.813676113645803,14.813676113645803,0.44754308500440493,17.186482883444324,0.231946792104612,2.0,126
A11F3,1.0999999999999943,-13.400000000000006,25.588473967784786,8.599999999999994,24.099999999999994,0,0.14547290124683504,4.864412604460889,0.9504,13.445073447177599,13.445073447177599,0.40619557242228393,15.772732156191136,0.1063921756950467,2.0,126
A11F3,-15.150000000000006,3.0999999999999943,41.31443452354152,-7.650000000000006,40.599999999999994,0,0.11673970896681232,3.903590838590569,0.9264,15.463909596217903,15.463909596217903,0.46718760109419644,13.463903219769877,0.009949394823200468,2.0,126
A11F3,11.349999999999994,10.349999999999994,51.42902876780777,18.849999999999994,47.849999999999994,0,0.11390721695054287,3.8088745289470918,0.9696,15.36050129390313,15.36050129390313,0.4640634831994903,12.980323386007704,0.5062961330768232,2.0,126
A11F3,2.5999999999999943,23.599999999999994,61.929153070262466,10.099999999999994,61.099999999999994,0,0.08691535275680327,2.9062934317781215,0.7712,23.74278837878988,23.74278837878988,0.7173047848577002,11.233220224345404,0.16346394701684622,2.0,126
A11F3,-17.400000000000006,14.599999999999994,53.03225433639418,-9.900000000000006,52.099999999999994,0,0.07480617903835447,2.5013780298210846,0.5488,22.713872413131146,22.713872413131146,0.6862197103664999,8.978816185101861,0.13793086022134382,2.0,126
A11F3,22.099999999999994,-3.9000000000000057,44.778566301300884,29.599999999999994,33.599999999999994,0,0.06486089206691134,2.1688217950951723,0.7616,22.441479452121683,22.441479452121683,0.677990315774069,7.0260885801400494,0.126365916175866,2.0,126
A11F3,-0.15000000000000568,-0.15000000000000568,10.608722826052155,7.349999999999994,-7.650000000000006,0,0.6956701162618651,23.51655775937502,0.9392,0.2121320343559723,0.2121320343559723,0.006408822790210643,34.67951810224241,0.3457563826054094,2.0,127
A11F3,11.599999999999994,-8.650000000000006,25.0126468011684,19.099999999999994,-16.150000000000006,0,0.27789242974717493,9.393092426071219,0.8064,14.470055286694656,14.470055286694656,0.4371617911388113,25.353866018735054,0.24343709822134788,2.0,127
A11F3,-5.150000000000006,14.349999999999994,7.241892017974301,2.3499999999999943,6.849999999999994,1,0.21999702567558818,7.436067964807053,0.864,15.246147054256033,15.246147054256033,0.4606086723340191,21.699363418437652,0.1941422161744085,2.0,127
A11F3,-7.900000000000006,-10.400000000000006,17.904468715937934,-0.4000000000000057,-17.900000000000006,1,0.19869023943733394,6.715851889932401,0.9728,13.060245020672477,13.060245020672477,0.39456933597197813,20.371856687558676,0.5815258122810107,2.0,127
A11F3,-15.150000000000006,4.099999999999994,8.371529131526696,-7.650000000000006,-3.4000000000000057,1,0.12526932986348938,4.234114136356197,0.8224,15.694983274919414,15.694983274919414,0.4741686790005865,14.3141104351954,0.008680453881040875,2.0,127
A11F3,3.0999999999999943,24.599999999999994,20.118896590022022,10.599999999999994,17.099999999999994,0,0.09428304054959565,3.1867539244078658,0.672,24.794555854057958,24.794555854057958,0.7490802372827177,12.366797723035356,0.17437150858375117,2.0,127
A11F3,10.349999999999994,11.599999999999994,18.314816406396208,17.849999999999994,4.099999999999994,1,0.10012028337907339,3.384056130605061,0.9936,15.546141000261118,15.546141000261118,0.4696719335426319,11.49152791987258,0.5093216338542137,2.0,127
A11F3,-16.900000000000006,15.099999999999994,12.088010589009262,-9.400000000000006,7.599999999999994,1,0.0828042516515504,2.798765602864682,0.5424,22.66318600726738,22.66318600726738,0.6846883990110991,10.848942855694311,0.1385006377084217,2.0,127
A11F3,22.349999999999994,-3.9000000000000057,31.95281677724203,29.849999999999994,-11.400000000000006,0,0.06439393067408153,2.1764922715031876,0.7728,22.687716941111546,22.687716941111546,0.6854295148372068,7.205369406476715,0.1036188125192318,2.0,127
A11F3,-18.150000000000006,-6.150000000000006,17.313145294833063,-10.650000000000006,-13.650000000000006,1,0.07115213128943189,2.4049205326068455,0.936,19.163637441780207,19.163637441780207,0.5789618562471361,7.170007838455623,0.18795271539014352,2.0,127
A11F3,-0.6500000000000057,-0.15000000000000568,38.228850361997544,-8.150000000000006,37.349999999999994,0,0.8021147514512829,26.714873467473158,0.9456,0.6670832032063235,0.6670832032063235,0.02015357109384663,36.253952433890426,0.4480661092493626,2.0,128
A11F3,11.349999999999994,-8.650000000000006,29.105755444585178,3.8499999999999943,28.849999999999994,0,0.2539507236860116,8.456998845270054,0.8144,14.270423960065097,14.270423960065097,0.43113063323459505,23.81941333011307,0.22884571497225237,2.0,128
A11F3,-6.900000000000006,13.349999999999994,52.84962156912762,-14.400000000000006,50.849999999999994,0,0.19584480217697267,6.521891769937723,0.8352,15.027724378627655,15.027724378627655,0.4540097999585394,20.511717200862766,0.18865742049496803,2.0,128
A11F3,-11.650000000000006,-8.900000000000006,34.41921701607984,-19.150000000000006,28.599999999999994,0,0.1537178130711712,5.118962027602615,0.9904,14.660576387032,14.660576387032,0.4429177156203021,17.172616498681997,0.26203491473740087,2.0,128
A11F3,1.0999999999999943,-13.150000000000006,25.17702325534136,-6.400000000000006,24.349999999999994,0,0.14987107633008928,4.990857703003666,0.9392,13.19592740204341,13.19592740204341,0.39866850157230843,16.07701073612932,0.07864737992611334,2.0,128
A11F3,-15.150000000000006,3.0999999999999943,46.49067110722322,-22.650000000000006,40.599999999999994,0,0.11671228496431336,3.8866096148990086,0.9296,15.463909596217903,15.463909596217903,0.46718760109419644,13.415670447395824,0.002900450143018732,2.0,128
A11F3,10.849999999999994,10.599999999999994,48.2165168795922,3.3499999999999943,48.099999999999994,0,0.11019457121680029,3.6695596888853443,0.9888,15.168470588691523,15.168470588691523,0.4582619513199856,12.395011919849079,0.6263464386133352,2.0,128
A11F3,2.5999999999999943,23.599999999999994,61.29616627489846,-4.900000000000006,61.099999999999994,0,0.08880375375105183,2.9572166151927375,0.7664,23.74278837878988,23.74278837878988,0.7173047848577002,11.440473216021225,0.15120989577235977,2.0,128
A11F3,-17.400000000000006,14.349999999999994,57.51897512995168,-24.900000000000006,51.849999999999994,0,0.07196022334443829,2.396308819946443,0.5488,22.55399077768722,22.55399077768722,0.6813894494769552,8.526054352545254,0.13920411915140132,2.0,128
A11F3,22.099999999999994,-3.9000000000000057,36.63495598468762,14.599999999999994,33.599999999999994,0,0.06520566114310723,2.171375697291938,0.7792,22.441479452121683,22.441479452121683,0.677990315774069,7.168241946485301,0.12559428396113204,2.0,128
A11F3,0.5999999999999943,0.09999999999999432,23.629853998702572,-6.900000000000006,22.599999999999994,0,0.8423829177815871,27.491924474975125,0.9344,0.6082762530298154,0.6082762530298154,0.01837692607340832,36.703975214488686,0.4529367475421693,2.0,129
A11F3,12.099999999999994,-9.400000000000006,13.88416364063748,4.599999999999994,13.099999999999994,1,0.2678137645567145,8.739313806262901,0.8048,15.32220610747682,15.32220610747682,0.4629065289267921,24.31765191398243,0.20063801693678882,2.0,129
A11F3,-3.9000000000000057,13.349999999999994,37.61891146750527,-11.400000000000006,35.849999999999994,0,0.22413344496344434,7.313869680194039,0.8784,13.90800129421909,13.90800129421909,0.42018130798244985,21.651270912080555,0.21130044283744887,2.0,129
A11F3,-8.400000000000006,-11.900000000000006,19.109421759959144,-15.900000000000006,10.599999999999994,1,0.15310057457495804,4.995869078452153,0.9872,14.566056432679376,14.566056432679376,0.44006212787550986,16.470867061821707,0.2017046164567899,2.0,129
A11F3,1.8499999999999943,-12.900000000000006,11.139232469070746,-5.650000000000006,9.599999999999994,1,0.1292849484627325,4.218713908999622,0.9952,13.031979895625994,13.031979895625994,0.39371540470169164,13.897408282650046,0.25506864910750393,2.0,129
A11F3,-14.150000000000006,5.599999999999994,35.47298267696135,-21.650000000000006,28.099999999999994,0,0.11330803190329554,3.6973569660655645,0.8048,15.217834931421752,15.217834931421752,0.4597533211909895,12.978998894279325,0.0409154057961766,2.0,129
A11F3,4.099999999999994,23.599999999999994,46.22520957226694,-3.4000000000000057,46.099999999999994,0,0.09839180807772623,3.21061551115927,0.6128,23.953496613229554,23.953496613229554,0.7236705925446995,12.298725935220991,0.13159612896583203,2.0,129
A11F3,11.849999999999994,10.599999999999994,33.38461471995745,4.349999999999994,33.099999999999994,0,0.10413493846134673,3.398023156378253,0.9744,15.899135196607384,15.899135196607384,0.480336410773637,11.756615657611075,0.4839912025467052,2.0,129
A11F3,-15.650000000000006,15.849999999999994,44.7955913009305,-23.150000000000006,38.349999999999994,0,0.06845811004448467,2.233837610549991,0.5504,22.274312559538174,22.274312559538174,0.6729399564815158,7.202667322729349,0.12602213355116826,2.0,129
A11F3,23.099999999999994,-3.9000000000000057,24.275913988972682,15.599999999999994,18.599999999999994,0,0.0652991804147898,2.130758073923822,0.7488,23.426907606425562,23.426907606425562,0.7077615591065124,6.845208338285661,0.09641111657413771,2.0,129
A11F3,0.3499999999999943,-0.15000000000000568,23.465826216010377,-7.150000000000006,22.349999999999994,0,0.8422307235719495,27.393481312823184,0.9536,0.3807886552931924,0.3807886552931924,0.011504188981667444,36.555243505753566,0.47559388502534905,2.0,130
A11F3,11.849999999999994,-9.400000000000006,13.803351042409949,4.349999999999994,13.099999999999994,1,0.2682295412522359,8.723119631908833,0.8096,15.12555784095251,15.12555784095251,0.45696549368436584,24.38020351099405,0.18404987149109198,2.0,130
A11F3,-6.400000000000006,13.099999999999994,38.21740441212616,-13.900000000000006,35.599999999999994,0,0.20728390551160497,6.741016615853372,0.8384,14.579780519610022,14.579780519610022,0.4404767528583088,20.623256839598483,0.141931070983752,2.0,130
A11F3,-10.900000000000006,-8.650000000000006,23.030034737272977,-18.400000000000006,13.849999999999994,0,0.1496782659644628,4.8675839178137315,0.9984,13.915189542367012,13.915189542367012,0.4203984756002118,16.058341314850495,0.18849713436906188,2.0,130
A11F3,1.5999999999999943,-12.900000000000006,11.26809655620682,-5.900000000000006,9.599999999999994,1,0.12926423603543202,4.2036957645264525,0.9824,12.998846102635422,12.998846102635422,0.3927143837654206,13.890761870342114,0.21161108179632818,2.0,130
A11F3,-14.650000000000006,2.8499999999999943,33.66370449014784,-22.150000000000006,25.349999999999994,0,0.11142826656290628,3.6236536877152807,0.9168,14.92464404935676,14.92464404935676,0.45089559061500784,12.33069996088502,0.12184638377690644,2.0,130
A11F3,11.599999999999994,10.849999999999994,33.60107885172736,4.099999999999994,33.349999999999994,0,0.1085523504157067,3.53012665406435,0.9728,15.883403287708832,15.883403287708832,0.4798611265168831,12.228398243216969,0.4625507451609957,2.0,130
A11F3,4.099999999999994,23.599999999999994,46.22520957226694,-3.4000000000000057,46.099999999999994,0,0.09525920473727696,3.097824628134902,0.6608,23.953496613229554,23.953496613229554,0.7236705925446995,12.16616176670966,0.13167572673225944,2.0,130
A11F3,-16.650000000000006,14.349999999999994,44.05842711672762,-24.150000000000006,36.849999999999994,0,0.06729419128699973,2.188391272352629,0.5648,21.980559592512655,21.980559592512655,0.6640652444867872,7.21227935425106,0.11352249343425022,2.0,130
A11F3,22.849999999999994,-4.150000000000006,23.923732986304614,15.349999999999994,18.349999999999994,0,0.06494122036293348,2.1118721962929228,0.7824,23.223802444905523,23.223802444905523,0.7016254515077197,6.901062903048647,0.1013850380993387,2.0,130
A11F3,0.3499999999999943,-0.15000000000000568,38.166018917356304,7.849999999999994,37.349999999999994,0,0.8088643224830653,26.776779397183244,0.9472,0.3807886552931924,0.3807886552931924,0.011504188981667444,36.39630129431036,0.42912543297332667,2.0,131
A11F3,11.849999999999994,-9.400000000000006,34.117920511074516,19.349999999999994,28.099999999999994,0,0.26056018240811063,8.624644385985297,0.8112,15.12555784095251,15.12555784095251,0.45696549368436584,24.341140451359784,0.20964183892310145,2.0,131
A11F3,-5.650000000000006,13.599999999999994,51.133477292278876,1.8499999999999943,51.099999999999994,0,0.20713434699522904,6.856152088994106,0.8384,14.726931112760727,14.726931112760727,0.4449223901136171,21.10421110977365,0.1635474037407369,2.0,131
A11F3,-9.900000000000006,-10.900000000000006,26.708051220558936,-2.4000000000000057,26.599999999999994,0,0.15708534386609263,5.199474722787379,0.9408,14.724808997063434,14.724808997063434,0.4448582778569013,17.06202720135113,0.36140321948116266,2.0,131
A11F3,1.5999999999999943,-13.150000000000006,25.99485526022408,9.099999999999994,24.349999999999994,0,0.12953340233941152,4.287489695476061,1.0,13.24698078808904,13.24698078808904,0.40021089994226705,14.347417294545902,0.5203193038524172,2.0,131
A11F3,-14.650000000000006,1.8499999999999943,39.99431209559679,-7.150000000000006,39.349999999999994,0,0.12415683316859775,4.109523398327909,0.9136,14.766346873888619,14.766346873888619,0.4461131986069069,13.882252630600577,0.0812163491343055,2.0,131
A11F3,12.099999999999994,10.349999999999994,51.7086308076321,19.599999999999994,47.849999999999994,0,0.11422890133258828,3.7809064701272583,0.9392,15.922703916106704,15.922703916106704,0.4810484566799608,13.319315252230592,0.40962605279587855,2.0,131
A11F3,4.599999999999994,23.599999999999994,62.28659566873116,12.099999999999994,61.099999999999994,0,0.08965375091698358,2.967468924319898,0.6464,24.04412610181538,24.04412610181538,0.726408643559377,11.637904789276199,0.13625510921641018,2.0,131
A11F3,-17.150000000000006,13.349999999999994,51.757559834288934,-9.650000000000006,50.849999999999994,0,0.07050887880990218,2.3337793654907175,0.568,21.733499488117417,21.733499488117417,0.6566011929944838,8.194081395259467,0.0973277872693591,2.0,131
A11F3,22.849999999999994,-4.150000000000006,45.09262689176579,30.349999999999994,33.349999999999994,0,0.06898324569980024,2.2832815814227754,0.7328,23.223802444905523,23.223802444905523,0.7016254515077197,7.920618556272703,0.1336446012545285,2.0,131
A11F3,0.3499999999999943,-0.4000000000000057,23.45277169120954,7.849999999999994,22.099999999999994,0,0.8054755952198809,26.134356590942467,0.9616,0.531507290636733,0.531507290636733,0.01605762207361731,35.663901487861104,0.40794310848786125,2.0,132
A11F3,11.849999999999994,-9.400000000000006,23.367338316547727,19.349999999999994,13.099999999999994,0,0.2614294405387866,8.481365276040249,0.8112,15.12555784095251,15.12555784095251,0.45696549368436584,24.156944312453703,0.18845694580316616,2.0,132
A11F3,-5.900000000000006,13.349999999999994,35.885686561636234,1.5999999999999943,35.849999999999994,0,0.1973463144418313,6.402279397780709,0.824,14.59563290851068,14.59563290851068,0.44095567699428034,20.290949485402294,0.12029919774616617,2.0,132
A11F3,-10.900000000000006,-9.400000000000006,13.53403118069409,-3.4000000000000057,13.099999999999994,1,0.15522643493693328,5.035789390105172,0.9744,14.393401265857916,14.393401265857916,0.43484595969359263,16.55402495935985,0.35568289646237716,2.0,132
A11F3,1.5999999999999943,-13.900000000000006,12.520782723136753,9.099999999999994,8.599999999999994,1,0.13828675601577847,4.486224109644407,0.9776,13.991783303067558,13.991783303067558,0.4227124864975093,15.240687783728863,0.2240853011416537,2.0,132
A11F3,-14.150000000000006,3.0999999999999943,26.44962192546426,-6.650000000000006,25.599999999999994,0,0.12721636646308607,4.127075211851379,0.9296,14.485596294250373,14.485596294250373,0.43763130798339495,14.064639840826851,0.03124927075338436,2.0,132
A11F3,12.099999999999994,10.599999999999994,38.46777872453775,19.599999999999994,33.099999999999994,0,0.11028321164236884,3.577727859889161,0.9552,16.086329600005087,16.086329600005087,0.4859918308158636,12.640271592291361,0.4084825852866903,2.0,132
A11F3,4.599999999999994,23.849999999999994,47.90336627002323,12.099999999999994,46.349999999999994,0,0.08803656396036699,2.8560053249453463,0.6528,24.289555368511785,24.289555368511785,0.7338234250305675,11.278433010213561,0.151242632337627,2.0,132
A11F3,-16.900000000000006,13.599999999999994,37.303753162383,-9.400000000000006,36.099999999999994,0,0.07365554327534321,2.389461808614145,0.5616,21.692625475031832,21.692625475031832,0.6553663285508106,8.632684602779268,0.12714126487276695,2.0,132
A11F3,22.849999999999994,-4.150000000000006,35.46611058461301,30.349999999999994,18.349999999999994,0,0.06666397192085244,2.1626449400664813,0.7568,23.223802444905523,23.223802444905523,0.7016254515077197,7.4357783937585555,0.09575912723644177,2.0,132
A11F3,-1.4000000000000057,-0.4000000000000057,22.926403991904174,6.099999999999994,22.099999999999994,0,0.8136215316570097,26.789736239458946,0.9584,1.4560219778561108,1.4560219778561108,0.04398857939142328,36.05185299765204,0.5917835400651452,2.0,133
A11F3,10.599999999999994,-9.650000000000006,22.19757869678582,18.099999999999994,12.849999999999994,0,0.2573892239149608,8.473959916467823,0.8224,14.334660791243023,14.334660791243023,0.4330713229982786,23.579467921168398,0.3315293478779769,2.0,133
A11F3,-6.650000000000006,12.849999999999994,35.36021775951047,0.8499999999999943,35.349999999999994,0,0.21061138827423875,6.933838062124028,0.832,14.468759449240974,14.468759449240974,0.43712264197102635,21.003841218719668,0.11734965616369572,2.0,133
A11F3,-7.650000000000006,-10.650000000000006,11.850949329062203,-0.15000000000000568,11.849999999999994,1,0.20432891316699428,6.726994994055391,1.0,13.112780025608613,13.112780025608613,0.39615649624195204,19.706895709907343,0.020135298328200595,2.0,133
A11F3,-15.650000000000006,2.5999999999999943,26.390007578627177,-8.150000000000006,25.099999999999994,0,0.1252436787758261,4.123253083662599,0.8192,15.8645044044874,15.8645044044874,0.47929016327756496,14.31545004764459,0.010395717624617667,2.0,133
A11F3,9.349999999999994,10.349999999999994,36.91943932402007,16.849999999999994,32.849999999999994,0,0.1246991316288792,4.1053251241441355,0.9616,13.947938915839853,13.947938915839853,0.421387882653772,13.651138663948466,0.41612293701207503,2.0,133
A11F3,1.8499999999999943,23.099999999999994,46.54871104552734,9.349999999999994,45.599999999999994,0,0.09080305968799682,2.9893830409312137,0.7104,23.17396168116276,23.17396168116276,0.7001196882526513,11.240838203725236,0.16205517413090695,2.0,133
A11F3,-17.900000000000006,-7.650000000000006,18.129602863824676,-10.400000000000006,14.849999999999994,1,0.09166452115506407,3.0177442781440216,0.808,19.466188635683164,19.466188635683164,0.5881023757003977,10.125428130705071,0.2894833784462003,2.0,133
A11F3,-18.150000000000006,13.849999999999994,37.87802793177068,-10.650000000000006,36.349999999999994,0,0.07350441091184558,2.41987499243292,0.5424,22.830790612679184,22.830790612679184,0.6897519822561686,8.485387087972317,0.13581309603205155,2.0,133
A11F3,21.349999999999994,-5.400000000000006,33.537031770864864,28.849999999999994,17.099999999999994,0,0.06655744510460203,2.1911673543619754,0.712,22.02231822492809,22.02231822492809,0.6653268345899724,6.585729629676374,0.04188937071860544,2.0,133
A11F3,-0.9000000000000057,-0.15000000000000568,9.878385495616167,6.599999999999994,7.349999999999994,0,0.7561688197591298,25.344601935795612,0.9328,0.9124143795447396,0.9124143795447396,0.027565389110112977,35.02750692680669,0.3580314130926831,2.0,134
A11F3,10.599999999999994,-9.650000000000006,18.227246089302678,18.099999999999994,-2.1500000000000057,1,0.2649049089185964,8.877931695855947,0.8384,14.334660791243023,14.334660791243023,0.4330713229982786,23.966856594505757,0.21827868851485244,2.0,134
A11F3,-7.900000000000006,12.099999999999994,19.60408120774855,-0.4000000000000057,19.599999999999994,1,0.24599364154527023,8.24411318723809,0.824,14.450605523645018,14.450605523645018,0.4365741850043812,22.898453967933364,0.18960239888115843,2.0,134
A11F3,-8.400000000000006,-10.400000000000006,3.0364452901378023,-0.9000000000000057,-2.9000000000000057,1,0.22594717973187153,7.572253703792846,1.0,13.36861997365473,13.36861997365473,0.40388579980830003,21.27090171409391,0.35177745325514825,2.0,134
A11F3,1.0999999999999943,22.849999999999994,31.544928276982965,8.599999999999994,30.349999999999994,0,0.08956702818690486,3.0016076800722815,0.7776,22.876461701932836,22.876461701932836,0.691131773472291,11.363467635580978,0.19446942800342373,2.0,134
A11F3,-16.400000000000006,1.8499999999999943,12.908621150223597,-8.900000000000006,9.349999999999994,1,0.09861084230823529,3.304694049833965,0.832,16.504014663105465,16.504014663105465,0.4986107148974461,11.171995400396373,0.09622911812440414,2.0,134
A11F3,2.3499999999999943,12.599999999999994,22.383755270284738,9.849999999999994,20.099999999999994,0,0.09450221509756196,3.1670010164555986,1.0,12.817273501021964,12.817273501021964,0.38722880667740067,10.114720868571334,0.7287439818291825,2.0,134
A11F3,-18.650000000000006,-8.400000000000006,11.186263898192289,-11.150000000000006,-0.9000000000000057,1,0.0852600008293464,2.8572661887468156,0.7872,20.454400504536924,20.454400504536924,0.6179577191702997,9.368627116077558,0.3141015707084073,2.0,134
A11F3,-18.150000000000006,13.599999999999994,23.635407760392035,-10.650000000000006,21.099999999999994,0,0.07564432313802007,2.5350167403267285,0.5424,22.68000220458543,22.68000220458543,0.685196441226146,9.162766880452814,0.124854804011461,2.0,134
A11F3,12.599999999999994,10.349999999999994,26.881824714851472,20.099999999999994,17.849999999999994,0,0.07611203044500182,2.5506909482503173,0.9568,16.305903838794087,16.305903838794087,0.4926254936191567,7.593757705892338,0.34054344889848503,2.0,134
A11F3,-0.6500000000000057,-0.4000000000000057,9.865723490955938,6.849999999999994,7.099999999999994,0,0.7506795790941706,25.10591089749342,0.9504,0.7632168761236952,0.7632168761236952,0.023057911665368434,34.77090402106245,0.38692725702801306,2.0,135
A11F3,10.599999999999994,-9.400000000000006,18.19945054115645,18.099999999999994,-1.9000000000000057,1,0.2731398066849767,9.134037972885023,0.8256,14.16756859873987,14.16756859873987,0.4280232205057362,24.671724234506556,0.26000580883592206,2.0,135
A11F3,-7.900000000000006,12.099999999999994,19.60408120774855,-0.4000000000000057,19.599999999999994,1,0.24649961733950887,8.243120228577704,0.8304,14.450605523645018,14.450605523645018,0.4365741850043812,22.911040593071373,0.19965660271540564,2.0,135
A11F3,-10.900000000000006,-9.400000000000006,3.894868418830097,-3.4000000000000057,-1.9000000000000057,1,0.21067715281912452,7.045138857875302,0.9952,14.393401265857916,14.393401265857916,0.43484595969359263,20.825742150640952,0.3208693780572865,2.0,135
A11F3,1.0999999999999943,22.849999999999994,31.544928276982965,8.599999999999994,30.349999999999994,0,0.09239668699330866,3.089710054754391,0.768,22.876461701932836,22.876461701932836,0.691131773472291,11.801232742046384,0.1834206682256908,2.0,135
A11F3,-0.6500000000000057,-10.650000000000006,7.539562321514423,6.849999999999994,-3.1500000000000057,1,0.10063963995143282,3.3653570919374456,0.9264,10.669817243045925,10.669817243045925,0.3223509741101488,10.440805698731086,0.1651317408922347,2.0,135
A11F3,2.3499999999999943,12.599999999999994,22.383755270284738,9.849999999999994,20.099999999999994,0,0.09617310233473202,3.2159944978066357,0.9952,12.817273501021964,12.817273501021964,0.38722880667740067,10.348663205382122,0.735554148050634,2.0,135
A11F3,-16.400000000000006,1.8499999999999943,12.908621150223597,-8.900000000000006,9.349999999999994,1,0.09325315664674556,3.1183506350560792,0.8688,16.504014663105465,16.504014663105465,0.4986107148974461,10.313634517117263,0.10969142106036943,2.0,135
A11F3,-18.150000000000006,13.599999999999994,23.635407760392035,-10.650000000000006,21.099999999999994,0,0.07520881315610124,2.5149450142316474,0.5456,22.68000220458543,22.68000220458543,0.685196441226146,9.06794068348726,0.12696770192721216,2.0,135
A11F3,12.599999999999994,10.599999999999994,27.04847500322337,20.099999999999994,18.099999999999994,0,0.07761120167871163,2.595280991870213,0.9488,16.46572197020221,16.46572197020221,0.4974538359577707,7.934602528694938,0.30103231261797664,2.0,135
A11F3,-0.6500000000000057,0.8499999999999943,29.57439771153421,-18.150000000000006,23.349999999999994,0,0.8396233776691406,27.846252343817078,0.952,1.0700467279516337,1.0700467279516337,0.03232769570850857,36.520989079847396,0.4592096429746548,2.0,136
A11F3,10.849999999999994,-8.650000000000006,15.363756051174462,-6.650000000000006,13.849999999999994,1,0.2833090903756627,9.394905432611202,0.8128,13.876058518181594,13.876058518181594,0.41921626943146806,24.713212281674704,0.22866075100519268,2.0,136
A11F3,-4.650000000000006,14.599999999999994,43.20917148013833,-22.150000000000006,37.099999999999994,0,0.22503892020016472,7.462498678599714,0.888,15.322614006754849,15.322614006754849,0.4629188521678202,22.33108853440118,0.14599696125068914,2.0,136
A11F3,-11.900000000000006,-8.150000000000006,32.7151723211112,-29.400000000000006,14.349999999999994,0,0.1469594283577247,4.87323127503728,0.9952,14.423331792619908,14.423331792619908,0.43575020521510294,15.90279065183896,0.09327589965741336,2.0,136
A11F3,0.5999999999999943,-12.150000000000006,19.817479658120003,-16.900000000000006,10.349999999999994,1,0.12339642298643236,4.091852854004852,0.9856,12.164805793764245,12.164805793764245,0.36751679135239407,12.987941572961184,0.28930402939069816,2.0,136
A11F3,-14.900000000000006,6.349999999999994,43.38297477121642,-32.400000000000006,28.849999999999994,0,0.10627155132690148,3.5239757278351007,0.8336,16.196681758928282,16.196681758928282,0.48932573289813536,12.398405383025517,0.01403702737799792,2.0,136
A11F3,5.599999999999994,14.099999999999994,38.48597147013441,-11.900000000000006,36.599999999999994,0,0.10670681314897494,3.538409376057749,0.9184,15.17135458685215,15.17135458685215,0.4583490811737809,11.994301079394006,0.37989036309427243,2.0,136
A11F3,2.5999999999999943,24.849999999999994,49.63902194846308,-14.900000000000006,47.349999999999994,0,0.09136463113297909,3.0296512921239014,0.6752,24.985645879184307,24.985645879184307,0.7548533498242993,11.366271012004612,0.17798165143701858,2.0,136
A11F3,22.099999999999994,-3.1500000000000057,19.889255893572283,4.599999999999994,19.349999999999994,1,0.06545647917180408,2.1705252248742597,0.7232,22.323362201962315,22.323362201962315,0.6744218187904022,6.712402672207929,0.10244570189882148,2.0,136
A11F3,1.8499999999999943,-22.400000000000006,15.650319485556842,-15.650000000000006,0.09999999999999432,1,0.06409358970898439,2.125331448991566,0.6064,22.476265259157273,22.476265259157273,0.6790412465002197,6.11498078839784,0.050478798614154635,2.0,136
A11F3,-0.6500000000000057,0.8499999999999943,29.57439771153421,-18.150000000000006,23.349999999999994,0,0.8400433580282844,28.07398575377246,0.9488,1.0700467279516337,1.0700467279516337,0.03232769570850857,36.76378266136513,0.5262507453225459,2.0,137
A11F3,10.849999999999994,-8.400000000000006,15.589499671253082,-6.650000000000006,14.099999999999994,1,0.28112437694826825,9.393986378449503,0.8176,13.72160704873886,13.72160704873886,0.41455006189543386,24.782603004704725,0.21992960724503088,2.0,137
A11F3,-5.400000000000006,14.349999999999994,43.38585599017265,-22.900000000000006,36.849999999999994,0,0.22549644383073444,7.53504840531827,0.8656,15.332400333933363,15.332400333933363,0.46321451159919524,22.31138703608458,0.1604327757595266,2.0,137
A11F3,-9.900000000000006,-10.650000000000006,29.852679946698256,-27.400000000000006,11.849999999999994,0,0.14371669031583884,4.802264779394435,0.96,14.540718689253302,14.540718689253302,0.43929663713756195,15.585662646064087,0.1503679138601809,2.0,137
A11F3,0.5999999999999943,-12.150000000000006,19.817479658120003,-16.900000000000006,10.349999999999994,1,0.12420520362105866,4.150275314266702,0.9888,12.164805793764245,12.164805793764245,0.36751679135239407,13.152141519079969,0.3136877242327183,2.0,137
A11F3,-15.400000000000006,-0.4000000000000057,39.63357162810337,-32.900000000000006,22.099999999999994,0,0.1148381029390882,3.837269235293626,0.9936,15.405193929321376,15.405193929321376,0.4654137138767787,12.942688722088072,0.013563607067496881,2.0,137
A11F3,2.5999999999999943,24.599999999999994,49.40060728371666,-14.900000000000006,47.099999999999994,0,0.09445965922440436,3.1563181965477796,0.6816,24.73701679669559,24.73701679669559,0.7473418971811355,12.199662047615172,0.1744950594731572,2.0,137
A11F3,10.099999999999994,11.849999999999994,35.13804917749418,-7.400000000000006,34.349999999999994,0,0.10177445854075799,3.400743463011615,0.9776,15.570244057175204,15.570244057175204,0.47040012257326896,11.558631250816635,0.40272850771232055,2.0,137
A11F3,22.099999999999994,-3.1500000000000057,19.889255893572283,4.599999999999994,19.349999999999994,1,0.06616071798064839,2.210711317782882,0.7168,22.323362201962315,22.323362201962315,0.6744218187904022,7.085251603527878,0.10299484901176063,2.0,137
A11F3,1.5999999999999943,-22.400000000000006,15.900314462299171,-15.900000000000006,0.09999999999999432,1,0.06559905123599552,2.1919433817141085,0.608,22.457070156189125,22.457070156189125,0.6784613340238406,6.6392248853807745,0.055004184424818324,2.0,137
A11F3,-0.6500000000000057,1.0999999999999943,29.77217660837044,-18.150000000000006,23.599999999999994,0,0.8368925389500463,28.199261466095425,0.9456,1.2776932339180618,1.2776932339180618,0.03860100404586289,36.88075735543167,0.5575067308062978,2.0,138
A11F3,10.849999999999994,-8.400000000000006,15.589499671253082,-6.650000000000006,14.099999999999994,1,0.27345487413005315,9.213017986834146,0.8272,13.72160704873886,13.72160704873886,0.41455006189543386,24.553770521890836,0.21890418420667734,2.0,138
A11F3,-6.400000000000006,14.099999999999994,43.71235523281718,-23.900000000000006,36.599999999999994,0,0.2118868513889961,7.13862550232877,0.864,15.484508387417403,15.484508387417403,0.4678099210700122,21.427031920559735,0.14639485378429712,2.0,138
A11F3,-12.150000000000006,-7.150000000000006,33.3877971720208,-29.650000000000006,15.349999999999994,0,0.14397427293754458,4.85053054824483,0.9968,14.097694847030851,14.097694847030851,0.42591223102812237,15.811943152063915,0.1487370956749525,2.0,138
A11F3,0.5999999999999943,-11.900000000000006,19.949185447030164,-16.900000000000006,10.599999999999994,1,0.12068434422142639,4.06586677781608,0.9888,11.915116449284081,11.915116449284081,0.3599733066248967,12.856580015304651,0.32843588106863,2.0,138
A11F3,2.3499999999999943,24.349999999999994,49.23865351530238,-15.150000000000006,46.849999999999994,0,0.09652958266321067,3.2520739915626082,0.7072,24.463135530834954,24.463135530834954,0.73906753869592,12.648821135511986,0.16218093118748472,2.0,138
A11F3,-15.400000000000006,3.0999999999999943,41.68656858029934,-32.900000000000006,25.599999999999994,0,0.10838829831295668,3.651602346048784,0.9376,15.708914666519776,15.708914666519776,0.4745895669643437,12.44046336744912,0.1060574613249202,2.0,138
A11F3,10.849999999999994,11.849999999999994,34.987783582273394,-6.650000000000006,34.349999999999994,0,0.1022551679807014,3.444972681349234,0.9632,16.066891423047576,16.066891423047576,0.48540457471442827,11.841936324233286,0.3666347632527926,2.0,138
A11F3,21.849999999999994,-3.4000000000000057,19.589091352076537,4.349999999999994,19.099999999999994,1,0.06591335702014252,2.220601388177222,0.7632,22.112948695278064,22.112948695278064,0.6680649152651983,7.245221837126156,0.09674934171815017,2.0,138
A11F3,-17.900000000000006,14.349999999999994,51.09875243095471,-35.400000000000006,36.849999999999994,0,0.06406172349110123,2.158219559784372,0.5648,22.941937581642925,22.941937581642925,0.6931098967263724,6.958500459274127,0.105756654421827,2.0,138
A11F12,-1.1500000000000057,2.0999999999999943,40.53372052994889,-8.650000000000006,39.599999999999994,0,0.6132914129325053,15.667618394111145,0.9136,2.3942639787625737,2.3942639787625737,0.07233425917711703,30.70865152206992,0.4017629895246734,4.0,139
A11F12,10.349999999999994,-6.900000000000006,30.732434007087686,2.8499999999999943,30.599999999999994,0,0.2997518641058231,7.657308483253062,0.7216,12.439151900350762,12.439151900350762,0.3758051933640713,23.330698671338396,0.2538213949451221,4.0,139
A11F12,-6.150000000000006,12.849999999999994,52.16747070732872,-13.650000000000006,50.349999999999994,0,0.22374203637238996,5.715530418693823,0.7424,14.245876596405008,14.245876596405008,0.4303890210394262,21.20467156148544,0.1928376088049338,4.0,139
A11F12,-2.6500000000000057,-11.900000000000006,27.538745432571904,-10.150000000000006,25.599999999999994,0,0.25613415364671527,6.54302686807831,0.7616,12.19149293564985,12.19149293564985,0.3683230494154033,20.111514079760045,0.15394584981534076,4.0,139
A11F12,-13.150000000000006,-5.900000000000006,37.74894038247961,-20.650000000000006,31.599999999999994,0,0.22772288289240722,5.817225572346024,0.8544,14.41292822434082,14.41292822434082,0.435435898016339,19.448965373847415,0.24976877291188962,4.0,139
A11F12,1.3499999999999943,23.099999999999994,60.91126743058298,-6.150000000000006,60.599999999999994,0,0.1323035010634108,3.379667059260754,0.8064,23.139414426471554,23.139414426471554,0.6990759645459683,16.87763024126374,0.23347471496918187,4.0,139
A11F12,8.349999999999994,12.349999999999994,49.85724621356458,0.8499999999999943,49.849999999999994,0,0.16513886021451593,4.218462112663638,0.824,14.907883820314666,14.907883820314666,0.450389239284431,15.492382715390443,0.3038869861017768,4.0,139
A11F12,20.599999999999994,-6.150000000000006,33.97694070984025,13.099999999999994,31.349999999999994,0,0.10886972691983822,2.781045424783777,0.6048,21.498430175247677,21.498430175247677,0.6494994010648845,14.270577520793054,0.09384668912107107,4.0,139
A11F12,-18.650000000000006,10.849999999999994,54.96858193550202,-26.150000000000006,48.349999999999994,0,0.09026665645015419,2.305828531929391,0.6784,21.57649183718243,21.57649183718243,0.6518577594314934,12.148159093314641,0.08413760897262564,4.0,139
A11F12,7.599999999999994,-19.150000000000006,18.35027247754103,0.09999999999999432,18.349999999999994,1,0.08539996840620973,2.1815090726732778,0.7504,20.602973086426147,20.602973086426147,0.6224463168104576,10.28666123403161,0.058917069626409795,4.0,139
A11F12,-0.9000000000000057,2.5999999999999943,40.970355136366585,-8.400000000000006,40.099999999999994,0,0.552499272352261,14.615428031683322,0.9184,2.7513632984395175,2.7513632984395175,0.0831227582610126,29.865475639837193,0.4380789772241451,4.0,140
A11F12,10.349999999999994,-6.900000000000006,30.732434007087686,2.8499999999999943,30.599999999999994,0,0.2924578068770518,7.7361393145881445,0.7152,12.439151900350762,12.439151900350762,0.3758051933640713,23.576164141899575,0.24064318310556843,4.0,140
A11F12,-5.900000000000006,13.099999999999994,52.344245146911796,-13.400000000000006,50.599999999999994,0,0.22076474123941522,5.8396336478646065,0.7456,14.367324037551318,14.367324037551318,0.43405812802269844,21.50732093821505,0.21494234136629778,4.0,140
A11F12,-2.9000000000000057,-11.400000000000006,28.09572921281809,-10.400000000000006,26.099999999999994,0,0.26035315687573163,6.886865390851482,0.8256,11.763077828527708,11.763077828527708,0.35537999481956817,20.45960368780377,0.19420609636366729,4.0,140
A11F12,-13.650000000000006,-4.900000000000006,38.85977997879041,-21.150000000000006,32.599999999999994,0,0.22819851556130002,6.036278113752115,0.8576,14.50284454857047,14.50284454857047,0.4381524032800746,19.843213278293035,0.3097655834161484,4.0,140
A11F12,1.5999999999999943,23.349999999999994,61.13536210737612,-5.900000000000006,60.849999999999994,0,0.12081306233268524,3.1956747418606612,0.8304,23.404753790629794,23.404753790629794,0.7070922595356433,15.717971416601053,0.24816345312800722,4.0,140
A11F12,9.349999999999994,11.849999999999994,49.38466361128725,1.8499999999999943,49.349999999999994,0,0.16136386373520545,4.268329003562435,0.8384,15.094535435050652,15.094535435050652,0.4560282608776632,15.56899834836793,0.320198965461821,4.0,140
A11F12,20.599999999999994,-6.150000000000006,33.97694070984025,13.099999999999994,31.349999999999994,0,0.1075698211300919,2.845366199099564,0.6,21.498430175247677,21.498430175247677,0.6494994010648845,14.679527887113853,0.09205951778200022,4.0,140
A11F12,-18.650000000000006,10.849999999999994,54.96858193550202,-26.150000000000006,48.349999999999994,0,0.09271108806414545,2.4523267048963753,0.6624,21.57649183718243,21.57649183718243,0.6518577594314934,12.99397459992517,0.09812110017795764,4.0,140
A11F12,12.099999999999994,-17.150000000000006,20.863424934559514,4.599999999999994,20.349999999999994,0,0.08239054347656498,2.179331380430894,0.6432,20.988866096099617,20.988866096099617,0.6341047158942482,10.994831450205393,0.08587749516722606,4.0,140
A11F12,0.5999999999999943,2.5999999999999943,7.833900688673551,-1.9000000000000057,7.599999999999994,0,0.4789844413875205,13.975959135824851,0.936,2.66833281282526,2.66833281282526,0.0806142843753855,28.518706228040088,0.41332322082369277,4.0,141
A11F12,8.849999999999994,-8.150000000000006,7.0883707577975885,6.349999999999994,-3.1500000000000057,1,0.24343533671971618,7.102726414858656,0.6928,12.031001620812791,12.031001620812791,0.3634743692088456,22.131727318571603,0.07283269263017428,4.0,141
A11F12,-5.150000000000006,13.099999999999994,19.650254451278737,-7.650000000000006,18.099999999999994,1,0.21085041199636528,6.151957507306266,0.768,14.075954674550495,14.075954674550495,0.4252554282341539,22.101127372478146,0.23493343058932573,4.0,141
A11F12,-2.6500000000000057,-10.900000000000006,7.831506879266603,-5.150000000000006,-5.900000000000006,1,0.24045773124305522,7.015844824923858,0.9232,11.217508636056412,11.217508636056412,0.338897541874816,20.07075007270458,0.3603468799308951,4.0,141
A11F12,-13.400000000000006,-3.1500000000000057,16.00726397608286,-15.900000000000006,1.8499999999999943,1,0.20910484853517264,6.101025457068621,0.7456,13.765264254637474,13.765264254637474,0.4158690107141231,18.620327876081685,0.051971498335798984,4.0,141
A11F12,1.0999999999999943,23.349999999999994,28.384546852116554,-1.4000000000000057,28.349999999999994,0,0.10647945429249217,3.1066790059536884,0.8992,23.37589570476391,23.37589570476391,0.7062204140412057,15.349620294908124,0.04171626809683406,4.0,141
A11F12,10.849999999999994,9.349999999999994,16.60256004355954,8.349999999999994,14.349999999999994,1,0.13306770705093576,3.882445388410404,0.7888,14.322883787841043,14.322883787841043,0.43271552229127014,14.854256148222117,0.16865626672427764,4.0,141
A11F12,19.849999999999994,-5.650000000000006,17.36217152317071,17.349999999999994,-0.6500000000000057,1,0.09355088977419199,2.7294645578208727,0.744,20.638435018188755,20.638435018188755,0.6235176742655213,13.69514325131913,0.1325468463168361,4.0,141
A11F12,-18.400000000000006,8.599999999999994,24.93531632043195,-20.900000000000006,13.599999999999994,0,0.09420589153816994,2.7485753858493345,0.7104,20.310588371585894,20.310588371585894,0.6136129417397551,13.467152494029033,0.10648784217289656,4.0,141
A11F12,-1.1500000000000057,-21.150000000000006,16.557324663121157,-3.6500000000000057,-16.150000000000006,1,0.0895016510546059,2.6113210010303556,0.6544,21.181241701090148,21.181241701090148,0.639916667706651,11.36584392566851,0.18224306971089335,4.0,141
A11F12,0.3499999999999943,2.5999999999999943,15.447734461726101,-14.650000000000006,-4.900000000000006,0,0.487426132792964,14.28592476852436,0.9328,2.6234519244689745,2.6234519244689745,0.07925836629815633,28.78606968591672,0.43664760061293295,4.0,142
A11F12,8.599999999999994,-8.400000000000006,17.139719951037716,-6.400000000000006,-15.900000000000006,1,0.2436909631270396,7.141994086692099,0.696,12.021647141718976,12.021647141718976,0.36319175654740105,22.236837265843207,0.08845214580404435,4.0,142
A11F12,-5.150000000000006,13.099999999999994,20.913691687504627,-20.150000000000006,5.599999999999994,0,0.21191651854143143,6.210725460421324,0.7568,14.075954674550495,14.075954674550495,0.4252554282341539,22.200153277305844,0.2359904513583397,4.0,142
A11F12,-2.4000000000000057,-11.150000000000006,25.506518774619174,-17.400000000000006,-18.650000000000006,0,0.23619335816898682,6.9222478231207445,0.8752,11.405371541514995,11.405371541514995,0.3445731583539273,20.099863385714638,0.25179747446436224,4.0,142
A11F12,-13.400000000000006,-3.1500000000000057,30.33121329587724,-28.400000000000006,-10.650000000000006,0,0.2097802079945239,6.148113301670719,0.7424,13.765264254637474,13.765264254637474,0.4158690107141231,18.79057705535821,0.06379808709775873,4.0,142
A11F12,1.3499999999999943,23.349999999999994,20.917576341440707,-13.650000000000006,15.849999999999994,0,0.10656409933637463,3.123057766544803,0.9056,23.388993137798806,23.388993137798806,0.7066161068821392,15.322168954292959,0.030668425690299875,4.0,142
A11F12,10.599999999999994,9.599999999999994,4.875448697299565,-4.400000000000006,2.0999999999999943,1,0.13574897238250846,3.9783957530957617,0.8128,14.301048912579796,14.301048912579796,0.43205585838609656,15.092348021466925,0.19269669057878405,4.0,142
A11F12,19.599999999999994,-5.900000000000006,14.167568598739873,4.599999999999994,-13.400000000000006,1,0.09297563601843169,2.7248159335791504,0.7648,20.46875667938822,20.46875667938822,0.6183914404649009,13.642071241629186,0.1306264843640323,4.0,142
A11F12,-18.400000000000006,8.599999999999994,33.418108863309435,-33.400000000000006,1.0999999999999943,0,0.09338602440029725,2.73684329981771,0.7168,20.310588371585894,20.310588371585894,0.6136129417397551,13.313349780856454,0.10727812154739591,4.0,142
A11F12,-12.650000000000006,-13.400000000000006,34.6602437960266,-27.650000000000006,-20.900000000000006,0,0.0959641579534256,2.8124014171639997,1.0,18.427764378784538,18.427764378784538,0.556730041655122,11.256822473552234,0.06875233482763865,4.0,142
A11F12,0.5999999999999943,2.5999999999999943,55.530352060832456,-6.900000000000006,55.099999999999994,0,0.5046290560790165,13.033864987749828,0.9536,2.66833281282526,2.66833281282526,0.0806142843753855,27.829984340081708,0.6509110609779443,4.0,143
A11F12,11.099999999999994,-6.150000000000006,46.48959561020078,3.5999999999999943,46.349999999999994,0,0.2657176541211625,6.862850543707458,0.7056,12.689858155235619,12.689858155235619,0.38337940046029056,22.385554223469704,0.177661281344422,4.0,143
A11F12,-5.150000000000006,13.849999999999994,67.54513305931079,-12.650000000000006,66.35,0,0.21549600519631393,5.565700298423394,0.776,14.77650161574112,14.77650161574112,0.44641998839097036,21.468046890224315,0.18824406690523737,4.0,143
A11F12,-2.6500000000000057,-7.650000000000006,45.98418206296595,-10.150000000000006,44.849999999999994,0,0.2641609360523574,6.822642521658179,0.976,8.095986660068068,8.095986660068068,0.2445917419960141,18.460911919435297,0.6434126010219997,4.0,143
A11F12,-13.900000000000006,-2.4000000000000057,54.479078553147346,-21.400000000000006,50.099999999999994,0,0.19201151408648132,4.959138192318559,0.7584,14.105672617780414,14.105672617780414,0.4261532512924596,17.024713489800273,0.025548473068795208,4.0,143
A11F12,1.8499999999999943,24.099999999999994,76.80808876674382,-5.650000000000006,76.6,0,0.10885487091275245,2.8113890347793387,0.7392,24.170901927731197,24.170901927731197,0.7302387289344773,14.743970277796121,0.21873109917608177,4.0,143
A11F12,21.349999999999994,-4.400000000000006,50.05429551996511,13.849999999999994,48.099999999999994,0,0.10203023992854726,2.6351267312325275,0.6128,21.798681152767013,21.798681152767013,0.6585704275760427,14.204368813964495,0.10290942682864378,4.0,143
A11F12,10.849999999999994,11.099999999999994,63.68816609072677,3.3499999999999943,63.599999999999994,0,0.1363762583638442,3.522198189101019,0.8176,15.522000515397485,15.522000515397485,0.46894261375823215,13.917560055715166,0.425580401048237,4.0,143
A11F12,-17.900000000000006,12.099999999999994,69.41411960113014,-25.400000000000006,64.6,0,0.09498324287287642,2.453121705356541,0.664,21.606017680266767,21.606017680266767,0.6527497788600232,13.27147775272627,0.0846318309798638,4.0,143
A11F12,-12.900000000000006,-12.650000000000006,44.76809689946625,-20.400000000000006,39.849999999999994,0,0.11899468857836998,3.0732746286280097,0.8368,18.067443095247327,18.067443095247327,0.5458442022733331,12.738468710620722,0.5274981949177086,4.0,143
A13F3,-1.6999999999999886,-0.6999999999999886,30.131047110912043,20.80000000000001,21.80000000000001,0,0.7672530274568711,22.521666947616428,0.9904,1.8384776310850088,1.8384776310850088,0.04197437513892714,34.24441865900684,0.8540940230043816,2.0,144
A13F3,11.300000000000011,-11.449999999999989,35.56040635313383,33.80000000000001,11.050000000000011,0,0.2966718637062739,8.707965125836205,0.824,16.087028936382257,16.087028936382257,0.3672837656708278,24.833838679654004,0.1738253116091209,2.0,144
A13F3,-10.949999999999989,11.300000000000011,35.71893755418827,11.550000000000011,33.80000000000001,0,0.2572697503856752,7.551395865847065,0.7952,15.7350722909048,15.7350722909048,0.3592482258197443,23.186018358190164,0.10938781244805303,2.0,144
A13F3,-15.949999999999989,-12.199999999999989,12.206248399897504,6.550000000000011,10.300000000000011,1,0.17902837223111887,5.254807177925261,0.984,20.08089888426311,20.08089888426311,0.4584680110562354,17.6381490030616,0.13232843911118358,2.0,144
A13F3,-5.699999999999989,-10.949999999999989,20.387312230894995,16.80000000000001,11.550000000000011,0,0.200260546183934,5.878023152373293,0.92,12.344735720135915,12.344735720135915,0.28184328128164193,17.476501793503918,0.55651317267188,2.0,144
A13F3,-0.6999999999999886,17.30000000000001,45.3792904307681,21.80000000000001,39.80000000000001,0,0.16394663254597652,4.8121231154020485,0.872,17.31415605797754,17.31415605797754,0.39530036662049184,17.426772034476862,0.055579157963361846,2.0,144
A13F3,-17.44999999999999,1.0500000000000114,24.085369002778442,5.050000000000011,23.55000000000001,0,0.15382319492647153,4.514977517624776,0.8272,17.48156171513288,17.48156171513288,0.3991224135875087,16.54796029139911,0.08481785000479983,2.0,144
A13F3,25.80000000000001,-9.199999999999989,50.0977045382321,48.30000000000001,13.300000000000011,0,0.10829998832960733,3.1787771681971453,0.872,27.39123947542353,27.39123947542353,0.625370764279076,14.577539374939548,0.12847531860529862,2.0,144
A13F3,1.5500000000000114,27.80000000000001,55.75385636886476,24.05000000000001,50.30000000000001,0,0.11133893961878508,3.2679762788486264,0.8848,27.843176902070653,27.843176902070653,0.63568897036691,14.416212974903706,0.17358926681195494,2.0,144
A13F3,-22.69999999999999,14.300000000000011,36.80054347424778,-0.19999999999998863,36.80000000000001,0,0.09937109509494639,2.9166971766198593,0.7328,26.828715958837833,26.828715958837833,0.6125277616173022,13.480713586955567,0.05265784536386617,2.0,144
A13F3,-1.6999999999999886,-0.6999999999999886,37.2542615012028,5.800000000000011,36.80000000000001,0,0.7911463721692135,23.9085403267902,0.984,1.8384776310850088,1.8384776310850088,0.04197437513892714,35.3437660045851,0.8814934705687677,2.0,145
A13F3,11.550000000000011,-11.199999999999989,32.47448998829699,19.05000000000001,26.30000000000001,0,0.3039079559357436,9.183648781370488,0.8256,16.088582908385685,16.088582908385685,0.36731924448369146,25.278763878473164,0.19977554376953235,2.0,145
A13F3,-9.199999999999989,12.550000000000011,50.0788628065774,-1.6999999999999886,50.05000000000001,0,0.25055246407790627,7.571280805177998,0.8176,15.560928635528153,15.560928635528153,0.3552723432768985,23.288681118065178,0.08583694949259278,2.0,145
A13F3,-14.699999999999989,-13.449999999999989,25.10463104688058,-7.199999999999989,24.05000000000001,0,0.18791833339821729,5.678542335328576,0.9984,19.924670637177403,19.924670637177403,0.45490115609994075,18.29707060468294,0.1444144656182299,2.0,145
A13F3,-4.449999999999989,-10.949999999999989,26.724614122565,3.0500000000000114,26.55000000000001,0,0.18657703301245285,5.638009910905508,0.8832,11.819686967090103,11.819686967090103,0.2698558668285412,16.762454871186918,0.36908332906907115,2.0,145
A13F3,-16.94999999999999,2.3000000000000114,40.90650926197444,-9.449999999999989,39.80000000000001,0,0.14791108939122666,4.469578415514797,0.8224,17.105335424948546,17.105335424948546,0.39053277225909927,16.393419008363367,0.10695968410225785,2.0,145
A13F3,1.0500000000000114,17.05000000000001,55.21598500434454,8.550000000000011,54.55000000000001,0,0.1371780279624712,4.145241843429891,0.8544,17.08230078180338,17.08230078180338,0.39000686716446076,15.21091598100648,0.10219245019511179,2.0,145
A13F3,1.3000000000000114,27.55000000000001,65.64253575236107,8.800000000000011,65.05000000000001,0,0.1140996031769121,3.4478499858396323,0.8736,27.58065445198864,27.58065445198864,0.6296953071230283,14.93458467626418,0.16990333116474077,2.0,145
A13F3,-22.69999999999999,14.550000000000011,54.22400298760689,-15.199999999999989,52.05000000000001,0,0.09869370131250961,2.9823110406380664,0.7312,26.962798445265282,26.962798445265282,0.615589005599664,13.6188063181948,0.06756728939918591,2.0,145
A13F3,25.55000000000001,-9.199999999999989,43.51083198469091,33.05000000000001,28.30000000000001,0,0.101388432638018,3.063740914391282,0.856,27.155892546554245,27.155892546554245,0.6199975467249828,13.565226396809129,0.10515785519366322,2.0,145
A13F3,-1.9499999999999886,-0.9499999999999886,32.59148661844071,-24.44999999999999,21.55000000000001,0,0.8170810421950468,24.079600512153178,0.9872,2.169101196348371,2.169101196348371,0.04952285836411806,35.565545483214166,0.7972899385585815,2.0,146
A13F3,11.050000000000011,-11.949999999999989,15.569360937430925,-11.449999999999989,10.550000000000011,1,0.31732051257143085,9.351025907871888,0.8176,16.27590243273779,16.27590243273779,0.3715959459529176,25.554003981003277,0.1863830383707411,2.0,146
A13F3,-8.199999999999989,13.550000000000011,47.350739170576844,-30.69999999999999,36.05000000000001,0,0.25844475701541036,7.615985810746936,0.8448,15.838008081826455,15.838008081826455,0.3615983580325675,23.424328396354962,0.059999132043597296,2.0,146
A13F3,-14.699999999999989,-13.449999999999989,38.28501665142643,-37.19999999999999,9.050000000000011,0,0.1918753145128935,5.654242584873606,0.9936,19.924670637177403,19.924670637177403,0.45490115609994075,18.32758089351328,0.1297307262595432,2.0,146
A13F3,0.8000000000000114,-17.94999999999999,22.17188535059659,-21.69999999999999,4.550000000000011,0,0.16938135805325602,4.991371633227937,0.8464,17.967818454114,17.967818454114,0.4102241656190411,17.000930785296205,0.09841072548316078,2.0,146
A13F3,-16.44999999999999,3.3000000000000114,46.71982983701888,-38.94999999999999,25.80000000000001,0,0.14575897840568444,4.295250758030806,0.8112,16.777738226590607,16.777738226590607,0.38305338416873536,15.97319029333134,0.12212828325987439,2.0,146
A13F3,2.0500000000000114,16.80000000000001,44.30228549409162,-20.44999999999999,39.30000000000001,0,0.14512811541281218,4.276660092096062,0.8496,16.92461225552894,16.92461225552894,0.3864066725006608,15.370251985523566,0.10706824468772977,2.0,146
A13F3,1.0500000000000114,27.30000000000001,54.22308087890249,-21.44999999999999,49.80000000000001,0,0.11330678570014453,3.338932439690958,0.8976,27.32018484564116,27.32018484564116,0.6237485124575607,14.579524023547851,0.13143897328602405,2.0,146
A13F3,25.30000000000001,-10.199999999999989,12.61467399499489,2.8000000000000114,12.300000000000011,1,0.10282596826454879,3.0300795946028893,0.832,27.278746305503123,27.278746305503123,0.6228024270662814,13.462366597961848,0.07560393918836854,2.0,146
A13F3,-22.69999999999999,14.300000000000011,58.28619047424527,-45.19999999999999,36.80000000000001,0,0.09201885226143773,2.7116119744906437,0.744,26.828715958837833,26.828715958837833,0.6125277616173022,12.50576503057973,0.049472254513933535,2.0,146
A13F3,-1.9499999999999886,-0.9499999999999886,43.973912721066796,-24.44999999999999,36.55000000000001,0,0.8071904426605948,23.855487752752058,0.9888,2.169101196348371,2.169101196348371,0.04952285836411806,35.21932199629417,0.7526934499011725,2.0,147
A13F3,11.050000000000011,-11.949999999999989,27.99830352003493,-11.449999999999989,25.55000000000001,0,0.30176874507664775,8.917912138391912,0.824,16.27590243273779,16.27590243273779,0.3715959459529176,25.049658632731475,0.16387773634119845,2.0,147
A13F3,-10.199999999999989,11.800000000000011,59.15893846241666,-32.69999999999999,49.30000000000001,0,0.2481060238274191,7.332022032178295,0.8176,15.597435686676192,15.597435686676192,0.35610583759534686,22.684600595706904,0.08026334996925154,2.0,147
A13F3,-9.199999999999989,-16.44999999999999,38.05249663294118,-31.69999999999999,21.05000000000001,0,0.19702151079764776,5.822342333739535,1.0,18.84787786462973,18.84787786462973,0.43031684622442307,18.165329040655458,0.13921983153233908,2.0,147
A13F3,0.05000000000001137,16.80000000000001,58.7579143605353,-22.44999999999999,54.30000000000001,0,0.17165487273168348,5.072698562896446,0.8608,16.800074404597154,16.800074404597154,0.3835633425707113,17.74843579253789,0.06980281883939614,2.0,147
A13F3,-18.44999999999999,-6.199999999999989,51.54214295118122,-40.94999999999999,31.30000000000001,0,0.14608586136899485,4.3170782808620585,0.9488,19.4638767978016,19.4638767978016,0.44438074880825573,15.920533515091531,0.08401733655093083,2.0,147
A13F3,1.0500000000000114,27.55000000000001,68.49529180899955,-21.44999999999999,65.05000000000001,0,0.1228115601219561,3.629275282813095,0.8608,27.570001813565423,27.570001813565423,0.6294520962001239,15.874467544106759,0.14639481971882257,2.0,147
A13F3,25.55000000000001,-9.699999999999989,27.966810686955363,3.0500000000000114,27.80000000000001,0,0.1011863987301508,2.9902107789722443,0.8512,27.32933405701647,27.32933405701647,0.6239573985620199,13.331974646131242,0.0921204997600319,2.0,147
A13F3,-23.19999999999999,13.550000000000011,68.51709640666336,-45.69999999999999,51.05000000000001,0,0.09586550489352876,2.8329687326106026,0.7488,26.867126753711492,26.867126753711492,0.613404720404372,13.026048417177392,0.06679185040432617,2.0,147
A13F3,0.8000000000000114,-28.94999999999999,23.32364679890346,-21.69999999999999,8.550000000000011,0,0.09581419660055279,2.8314524805261203,0.8176,28.961051431189432,28.961051431189432,0.6612112198901697,12.200298251601254,0.03645941662172648,2.0,147
A13F3,-1.4499999999999886,-1.1999999999999886,39.72143627816092,-8.949999999999989,-38.69999999999999,0,0.773709569166136,22.68683086972524,0.9952,1.8821530224718552,1.8821530224718552,0.042971530193421356,34.25693749276408,0.6921361507878975,2.0,148
A13F3,11.300000000000011,-11.699999999999989,49.3465297665398,3.8000000000000114,-49.19999999999999,0,0.3161225936010416,9.26894746662313,0.8256,16.265915283192644,16.265915283192644,0.37136792884001474,25.560585577614965,0.19298197883296606,2.0,148
A13F3,-10.699999999999989,11.550000000000011,31.696095974110108,-18.19999999999999,-25.94999999999999,0,0.2304786524270098,6.757742879276453,0.8112,15.74460224966004,15.74460224966004,0.35946580478675894,21.389468141037895,0.0627525580869912,2.0,148
A13F3,-15.449999999999989,-12.449999999999989,54.97003729305628,-22.94999999999999,-49.94999999999999,0,0.1961088426259557,5.749982968858825,0.984,19.84200090716658,19.84200090716658,0.45301371934170276,18.769927455902085,0.20727620387616055,2.0,148
A13F3,-0.44999999999998863,17.05000000000001,21.9409434619389,-7.949999999999989,-20.44999999999999,0,0.18186683314038388,5.33239402587274,0.8784,17.05593738262428,17.05593738262428,0.3894049630736137,18.362792318640228,0.012926583931134385,2.0,148
A13F3,-5.199999999999989,-11.449999999999989,50.570668376045795,-12.699999999999989,-48.94999999999999,0,0.1817898043268695,5.330135472947192,0.8992,12.575472158133849,12.575472158133849,0.2871112364870742,16.41652030538536,0.4001114927177242,2.0,148
A13F3,-17.44999999999999,1.3000000000000114,43.96524195316112,-24.94999999999999,-36.19999999999999,0,0.14878679292199196,4.3624613748313505,0.8304,17.49835706573619,17.49835706573619,0.399505869080735,16.087654477304397,0.09735963093643106,2.0,148
A13F3,1.8000000000000114,27.55000000000001,11.46701792097665,-5.699999999999989,-9.949999999999989,1,0.12207149879414043,3.579153001825267,0.8672,27.60873955833552,27.60873955833552,0.6303365195967015,15.398211496828242,0.16777746979812083,2.0,148
A13F3,25.55000000000001,-9.699999999999989,50.533577945758,18.05000000000001,-47.19999999999999,0,0.10104829641257766,2.962743263633556,0.856,27.32933405701647,27.32933405701647,0.6239573985620199,13.361469686085552,0.09260526432443733,2.0,148
A13F3,-22.94999999999999,14.050000000000011,38.43312373461203,-30.44999999999999,-23.44999999999999,0,0.09667723664162045,2.8345821711029178,0.7424,26.909199170543886,26.909199170543886,0.6143652778662988,13.142496618538873,0.05459098951479126,2.0,148
A16F3,0.0,1.5,30.777426793024787,-22.5,-21.0,0,0.8458654989061907,35.545866395948906,0.9952,1.5,1.5,0.02631578947368421,38.02497993969452,0.6945941002520587,2.0,149
A16F3,-10.0,14.75,33.41126307100646,-32.5,-7.75,0,0.26992964338960573,11.34268766570397,0.9184,17.820283387196735,17.820283387196735,0.3126365506525743,24.87685119084036,0.1533444499314069,2.0,149
A16F3,11.0,-13.0,37.31621631409058,-11.5,-35.5,0,0.23525452086763596,9.885576968987733,0.9472,17.029386365926403,17.029386365926403,0.2987611643144983,22.145222813162704,0.1541066254419908,2.0,149
A16F3,-5.5,-8.75,41.95905742506616,-28.0,-31.25,0,0.20956104590101773,8.805897011504939,0.6944,10.335013304297194,10.335013304297194,0.18131602288240692,20.018789171252777,0.3866891491781327,2.0,149
A16F3,-15.75,-13.0,52.1853667228659,-38.25,-35.5,0,0.17595327407732514,7.39365343598416,0.9984,20.422108118409323,20.422108118409323,0.35828259856858463,19.701502584274667,0.12949392604935922,2.0,149
A16F3,0.25,20.0,22.390008932557397,-22.25,-2.5,0,0.15778286618369106,6.63011210514712,0.9072,20.00156243896961,20.00156243896961,0.3509046041924493,18.408301900099524,0.15488452191322638,2.0,149
A16F3,17.0,-2.75,25.84206841566673,-5.5,-25.25,0,0.16371415183595178,6.879351241837406,0.92,17.220990099294525,17.220990099294525,0.30212263332095657,17.487618124703484,0.10718723800321658,2.0,149
A16F3,-1.25,34.25,26.49764140447221,-23.75,11.75,0,0.12228977327217512,5.138658896243534,1.0,34.272802628323234,34.272802628323234,0.60127723909339,17.365871741243904,0.3665661144357532,2.0,149
A16F3,31.0,-12.0,35.531676008879735,8.5,-34.5,0,0.11735984761043143,4.931499524439487,0.968,33.24154027718932,33.24154027718932,0.5831849171436724,16.813776362068463,0.09132689653653733,2.0,149
A16F3,-26.5,21.0,49.02295380737476,-49.0,-1.5,0,0.11054107753262644,4.644969719223758,0.9792,33.811980125393426,33.811980125393426,0.593192633778832,16.64381996564327,0.07475471378602132,2.0,149
A16F3,-0.25,1.0,54.05841747591211,-7.75,53.5,0,0.8511642576968399,35.91391307594028,0.9984,1.0307764064044151,1.0307764064044151,0.018083796603586232,38.092381456815716,0.5803869931201281,2.0,150
A16F3,-9.0,15.5,69.97320915893454,-16.5,68.0,0,0.2604357777183142,10.988209361753828,0.9168,17.92344832893492,17.92344832893492,0.31444646191113895,24.14544210994768,0.110039089563175,2.0,150
A16F3,11.5,-12.75,39.950750931615794,4.0,39.75,0,0.23927545144678394,10.095401546192377,0.9552,17.170104833692776,17.170104833692776,0.3012299093630311,22.460054242830942,0.16071356092068834,2.0,150
A16F3,-14.5,-14.25,44.12553115827616,-22.0,38.25,0,0.17165646235948825,7.242407729553374,1.0,20.330088538911973,20.330088538911973,0.3566682199809118,19.388088451211456,0.18245650935083677,2.0,150
A16F3,1.25,-17.25,35.799790502180315,-6.25,35.25,0,0.17350854970816434,7.320550904683327,0.912,17.295230556427978,17.295230556427978,0.30342509748119256,18.4709184075846,0.02537274590587166,2.0,150
A16F3,1.25,20.0,72.76889788913942,-6.25,72.5,0,0.15275060182567549,6.444734113218078,0.9136,20.039024427351748,20.039024427351748,0.3515618320588026,17.922335520046516,0.21402641244187412,2.0,150
A16F3,-0.75,34.0,86.89253420173681,-8.25,86.5,0,0.12599504865341404,5.3158719176815445,1.0,34.008271052789496,34.008271052789496,0.5966363342594648,17.60568954884641,0.41217345109429204,2.0,150
A16F3,-10.5,-4.0,51.73248495867949,-18.0,48.5,0,0.16747079170825563,7.065806222395793,0.6592,11.236102527122116,11.236102527122116,0.1971246057389845,17.10412302555021,0.26104678954910643,2.0,150
A16F3,17.0,-2.5,50.89449872039217,9.5,50.0,0,0.1538359425286437,6.490526594057436,0.9104,17.18284027743958,17.18284027743958,0.3014533382006944,16.758872190245768,0.12319318951204311,2.0,150
A16F3,30.75,-12.0,46.69917022817429,23.25,40.5,0,0.11746628515037182,4.956030052868215,0.9776,33.00852162699808,33.00852162699808,0.5790968706490891,16.721928922426745,0.0879600793836983,2.0,150
A3F5,0.15000000000000568,0.15000000000000568,53.16055868780915,-7.349999999999994,52.650000000000006,0,0.7569871319575092,30.106610569629925,0.9376,0.2121320343559723,0.2121320343559723,0.003728155261089144,35.677497647276255,0.449539022390346,4.0,151
A3F5,10.650000000000006,-10.599999999999994,42.0182400868956,3.1500000000000057,41.900000000000006,0,0.3007167188373645,11.95952958538826,0.896,15.026060694673106,15.026060694673106,0.2640783953369614,24.42594365936795,0.6973986475159252,4.0,151
A3F5,-11.599999999999994,8.650000000000006,64.06350365067462,-19.099999999999994,61.150000000000006,0,0.23691121637631057,9.421928201746434,0.816,14.470055286694656,14.470055286694656,0.25430677129516094,22.05940459183836,0.3079578823463792,4.0,151
A3F5,-15.099999999999994,-1.5999999999999943,55.69174085984384,-22.599999999999994,50.900000000000006,0,0.18362855092485308,7.30285046374563,0.7008,15.184531602917483,15.184531602917483,0.2668634728105006,18.07541483000854,0.4673810918846332,4.0,151
A3F5,1.6500000000000057,30.150000000000006,82.85677401395736,-5.849999999999994,82.65,0,0.12459722838000267,4.955168227485392,1.0,30.19511549903395,30.19511549903395,0.5306698681728287,17.254786314007745,0.3371983497430888,4.0,151
A3F5,28.400000000000006,-15.099999999999994,42.84355260713099,20.900000000000006,37.400000000000006,0,0.11416161618711325,4.540145225371354,1.0,32.16473223889793,32.16473223889793,0.5652852766062906,16.192071681776667,0.15145197629048748,4.0,151
A3F5,4.150000000000006,40.400000000000006,92.96038134603366,-3.3499999999999943,92.9,0,0.08724443395102421,3.4696556265340917,1.0,40.612590412333965,40.612590412333965,0.7137537858055178,15.874518556599375,0.12668074522081885,4.0,151
A3F5,38.650000000000006,-12.099999999999994,51.01453224327359,31.150000000000006,40.400000000000006,0,0.08116728911444154,3.2279697756334658,0.9744,40.49978395004102,40.49978395004102,0.7117712469251498,15.848491525639377,0.1033909925637506,4.0,151
A3F5,-17.599999999999994,-26.099999999999994,36.42759942680824,-25.099999999999994,26.400000000000006,0,0.12110756012387475,4.8163844719769795,0.9312,31.4796759830847,31.4796759830847,0.5532456236043005,15.558543915667729,0.060365352911545066,4.0,151
A3F5,-25.099999999999994,32.650000000000006,91.17720383955631,-32.599999999999994,85.15,0,0.07685529697529367,3.056483560162844,0.9536,41.18291514693927,41.18291514693927,0.7237770676087746,14.771361931577067,0.09893007313368969,4.0,151
A3F5,0.4000000000000057,-0.09999999999999432,52.87882373880872,-7.099999999999994,52.400000000000006,0,0.7577817819946244,30.055441188528672,0.9152,0.41231056256177023,0.41231056256177023,0.007246231327974873,35.5516824901335,0.524134424614432,4.0,152
A3F5,10.650000000000006,-10.599999999999994,42.0182400868956,3.1500000000000057,41.900000000000006,0,0.3155706437775984,12.515818669916552,0.888,15.026060694673106,15.026060694673106,0.2640783953369614,24.934334763078677,0.707549879679626,4.0,152
A3F5,-11.849999999999994,8.400000000000006,63.900176056095496,-19.349999999999994,60.900000000000006,0,0.242160590490295,9.604249439041816,0.8048,14.525236659001463,14.525236659001463,0.2552765669420292,22.215641350568056,0.3619062287493439,4.0,152
A3F5,-4.599999999999994,26.900000000000006,80.3166856885915,-12.099999999999994,79.4,0,0.14414227357448134,5.7167305564583435,0.8624,27.290474528670263,27.290474528670263,0.4796216964616918,17.41171558239518,0.14653320904636258,4.0,152
A3F5,-15.099999999999994,-1.8499999999999943,55.463343750625064,-22.599999999999994,50.650000000000006,0,0.17390215681414894,6.897034832703186,0.6672,15.212905705354247,15.212905705354247,0.26736213893416955,17.212337389952893,0.4311146167704484,4.0,152
A3F5,28.650000000000006,-14.599999999999994,43.40198728169023,21.150000000000006,37.900000000000006,0,0.11456320696697977,4.543603534832369,1.0,32.155598268419766,32.155598268419766,0.5651247498843545,16.14928240720785,0.14427633213359584,4.0,152
A3F5,-17.849999999999994,-25.849999999999994,36.78104131206728,-25.349999999999994,26.650000000000006,0,0.1236253487075701,4.9030139584589065,0.9376,31.41408919577328,31.41408919577328,0.5520929559889856,15.939142838835421,0.05232540397843917,4.0,152
A3F5,38.900000000000006,-11.599999999999994,51.56326211557993,31.400000000000006,40.900000000000006,0,0.08020385567977222,3.1808943762231263,0.984,40.59273333984792,40.59273333984792,0.7134048038637596,15.764136936287837,0.0833570566439077,4.0,152
A3F5,5.900000000000006,39.150000000000006,91.6639651117057,-1.5999999999999943,91.65,0,0.08714895051350777,3.4563396913690383,1.0,39.592076227447336,39.592076227447336,0.6958185628725366,15.407456674461121,0.06568305040943463,4.0,152
A3F5,-25.099999999999994,32.650000000000006,91.17720383955631,-32.599999999999994,85.15,0,0.0782127097814456,3.101924771469062,0.9456,41.18291514693927,41.18291514693927,0.7237770676087746,14.963786564587707,0.10050297775088324,4.0,152
A3F5,-0.09999999999999432,0.4000000000000057,44.02465218488388,22.400000000000006,37.900000000000006,0,0.7711724316321059,30.832128753541404,0.9424,0.41231056256177023,0.41231056256177023,0.007246231327974873,35.954769660639656,0.42527292812000905,4.0,153
A3F5,10.900000000000006,-10.599999999999994,42.88554535038584,33.400000000000006,26.900000000000006,0,0.3047521205143518,12.183762972858748,0.8992,15.204275714416653,15.204275714416653,0.2672104694976565,24.778505058765727,0.7832912560066189,4.0,153
A3F5,-11.849999999999994,8.650000000000006,47.362907427648494,10.650000000000006,46.150000000000006,0,0.2576185738460058,10.299357372819935,0.832,14.671230350587505,14.671230350587505,0.25784236117025494,23.341917482561247,0.278043219193549,4.0,153
A3F5,-15.099999999999994,-1.5999999999999943,36.654740484690386,7.400000000000006,35.900000000000006,0,0.1657481131492459,6.6264074993726085,0.6784,15.184531602917483,15.184531602917483,0.2668634728105006,17.095466127549635,0.39252318749369863,4.0,153
A3F5,25.650000000000006,-9.599999999999994,55.64919136878811,48.150000000000006,27.900000000000006,0,0.13298294023395116,5.3164809451903725,0.9424,27.387634070872206,27.387634070872206,0.4813292455337822,16.588561640624583,0.1524608034666256,4.0,153
A3F5,1.9000000000000057,30.150000000000006,71.9158014625437,24.400000000000006,67.65,0,0.11803629877642785,4.718928087228751,1.0,30.20980800998246,30.20980800998246,0.5309280845339625,16.40368929516711,0.3026988926680854,4.0,153
A3F5,-24.099999999999994,12.400000000000006,49.92564471291283,-1.5999999999999943,49.900000000000006,0,0.13474933819269913,5.387099997569336,1.0,27.102951868754072,27.102951868754072,0.47632604338759355,16.317457051916932,0.20123610604578596,4.0,153
A3F5,37.650000000000006,-13.349999999999994,64.8170116558917,60.150000000000006,24.150000000000006,0,0.08595947606014907,3.436531628869792,0.9856,39.94677709152517,39.94677709152517,0.7020523214679292,16.297038876422647,0.09219673740132713,4.0,153
A3F5,2.9000000000000057,40.400000000000006,81.93637775737955,25.400000000000006,77.9,0,0.08517079334482315,3.4050010408984064,1.0,40.503950424619084,40.503950424619084,0.7118444714344303,15.317842732048355,0.07044582162430309,4.0,153
A3F5,25.150000000000006,-19.849999999999994,50.81382685844474,47.650000000000006,17.650000000000006,0,0.10812436045006822,4.322658830999234,1.0,32.03974094776673,32.03974094776673,0.563088593106621,15.31659253880433,0.08535806503497974,4.0,153
A3F5,-0.09999999999999432,0.4000000000000057,44.02465218488388,22.400000000000006,37.900000000000006,0,0.7746450575802303,30.93332035883914,0.9376,0.41231056256177023,0.41231056256177023,0.007246231327974873,35.95824775864488,0.40877213280992386,4.0,154
A3F5,10.900000000000006,-10.599999999999994,42.88554535038584,33.400000000000006,26.900000000000006,0,0.30713587414354543,12.26413724006392,0.8944,15.204275714416653,15.204275714416653,0.2672104694976565,24.776355990699763,0.780758415277096,4.0,154
A3F5,-11.849999999999994,8.650000000000006,47.362907427648494,10.650000000000006,46.150000000000006,0,0.24985325835319733,9.97675598125728,0.8352,14.671230350587505,14.671230350587505,0.25784236117025494,22.945263342091987,0.2764404231471131,4.0,154
A3F5,-15.099999999999994,-1.5999999999999943,36.654740484690386,7.400000000000006,35.900000000000006,0,0.17219208617646375,6.875663941071144,0.6832,15.184531602917483,15.184531602917483,0.2668634728105006,17.642043002032057,0.40125792750610756,4.0,154
A3F5,25.650000000000006,-9.349999999999994,55.774949574159194,48.150000000000006,28.150000000000006,0,0.13672492584656043,5.459436712444131,0.9312,27.30100730742366,27.30100730742366,0.4798068068088517,16.761807393405245,0.16794384241147897,4.0,154
A3F5,1.9000000000000057,30.150000000000006,71.9158014625437,24.400000000000006,67.65,0,0.11867068584144017,4.738522231171088,1.0,30.20980800998246,30.20980800998246,0.5309280845339625,16.39337423534907,0.3175965471760125,4.0,154
A3F5,37.650000000000006,-13.849999999999994,64.63238352405087,60.150000000000006,23.650000000000006,0,0.08508684535540526,3.3975092483688787,0.9808,40.11664243178883,40.11664243178883,0.7050376525797686,16.290544257068472,0.08168465789241533,4.0,154
A3F5,-24.099999999999994,12.400000000000006,49.92564471291283,-1.5999999999999943,49.900000000000006,0,0.13359944540028804,5.334634616931885,1.0,27.102951868754072,27.102951868754072,0.47632604338759355,16.27632174346828,0.19279525433582412,4.0,154
A3F5,2.9000000000000057,40.400000000000006,81.93637775737955,25.400000000000006,77.9,0,0.08577369179186599,3.4249351588398627,1.0,40.503950424619084,40.503950424619084,0.7118444714344303,15.435133777104394,0.07460223059512514,4.0,154
A3F5,25.400000000000006,-19.599999999999994,51.13531069623026,47.900000000000006,17.900000000000006,0,0.10892681193755534,4.349445585823047,1.0,32.08301731446093,32.08301731446093,0.563849161941317,15.363372596785116,0.05876083174583129,4.0,154
A3F5,-0.5999999999999943,0.6500000000000057,44.5985706048972,-23.099999999999994,38.150000000000006,0,0.8260955718564877,32.45284484885062,0.9392,0.8845903006477069,0.8845903006477069,0.015546402471840193,36.51483383957374,0.42890776726238233,4.0,155
A3F5,9.400000000000006,-10.849999999999994,29.695664666748918,-13.099999999999994,26.650000000000006,0,0.29499089568682896,11.588086401388162,0.9024,14.355573830397724,14.355573830397724,0.2522947949103291,24.610800296593265,0.5358205949547366,4.0,155
A3F5,-5.849999999999994,14.150000000000006,58.918969780538426,-28.349999999999994,51.650000000000006,0,0.29396851549360137,11.54792339088869,0.8944,15.311596912144733,15.311596912144733,0.26909660654032924,24.166898872709865,0.6102239096295803,4.0,155
A3F5,-0.8499999999999943,-14.099999999999994,33.05726092706412,-23.349999999999994,23.400000000000006,0,0.1974982570210836,7.758233103966205,0.7888,14.125597332502432,14.125597332502432,0.24825302869072816,18.681903508986203,0.10293931082379705,4.0,155
A3F5,-5.599999999999994,26.650000000000006,70.03450935074794,-28.099999999999994,64.15,0,0.15293503058558047,6.00765391781898,0.9904,27.232012411865565,27.232012411865565,0.47859424273928936,17.943206184774734,0.18934794362746402,4.0,155
A3F5,8.400000000000006,-26.349999999999994,17.97588662625574,-14.099999999999994,11.150000000000006,1,0.1283655247105929,5.042494539117515,0.9968,27.65650917957651,27.65650917957651,0.4860546428748069,16.038583741716216,0.10666112063065122,4.0,155
A3F5,38.150000000000006,-12.849999999999994,29.198373242357192,15.650000000000006,24.650000000000006,0,0.0828990212837764,3.256452753130746,0.9904,40.255993342606764,40.255993342606764,0.7074867019790293,15.721654967907082,0.0957241072622954,4.0,155
A3F5,2.9000000000000057,39.650000000000006,79.60076946864271,-19.599999999999994,77.15,0,0.08762100157799088,3.44194371088799,1.0,39.75591151011382,39.75591151011382,0.6986979175766928,15.395857843867333,0.07192455737936018,4.0,155
A3F5,-15.849999999999994,-0.8499999999999943,53.046630430216766,-38.349999999999994,36.650000000000006,0,0.15200616145661866,5.971165250302796,0.816,15.872775434686897,15.872775434686897,0.27895914647955883,15.124479545229848,0.47308545598720414,4.0,155
A3F5,4.650000000000006,29.400000000000006,69.24039644600542,-17.849999999999994,66.9,0,0.10797681694710125,4.241571706733445,0.9728,29.765458168823816,29.765458168823816,0.5231187727385557,14.756570982641787,0.2871391617067388,4.0,155
A3F5,-0.5999999999999943,0.6500000000000057,44.5985706048972,-23.099999999999994,38.150000000000006,0,0.8195333860384356,32.23367527966327,0.936,0.8845903006477069,0.8845903006477069,0.015546402471840193,36.394736069443105,0.41017953818296904,4.0,156
A3F5,9.400000000000006,-10.849999999999994,29.695664666748918,-13.099999999999994,26.650000000000006,0,0.30422215439154876,11.965068788790413,0.8912,14.355573830397724,14.355573830397724,0.2522947949103291,25.03524073956108,0.502284185855113,4.0,156
A3F5,-5.849999999999994,14.150000000000006,58.918969780538426,-28.349999999999994,51.650000000000006,0,0.28836419306224903,11.341359453434258,0.8928,15.311596912144733,15.311596912144733,0.26909660654032924,23.8519375237753,0.5654767307674735,4.0,156
A3F5,-0.8499999999999943,-14.349999999999994,32.880769455716816,-23.349999999999994,23.150000000000006,0,0.2027711566304878,7.974929212672809,0.8272,14.375152173107589,14.375152173107589,0.25263887826199627,19.070753844960684,0.1272531071038376,4.0,156
A3F5,-5.599999999999994,26.650000000000006,70.03450935074794,-28.099999999999994,64.15,0,0.15175102955486044,5.968297208933808,0.9536,27.232012411865565,27.232012411865565,0.47859424273928936,17.82225164590894,0.17276692930730325,4.0,156
A3F5,8.150000000000006,-26.349999999999994,18.17264427649427,-14.349999999999994,11.150000000000006,1,0.13139483996212917,5.1676889242726345,0.9984,27.58160618963297,27.58160618963297,0.4847382458634969,16.31911186888068,0.0913389632954529,4.0,156
A3F5,38.150000000000006,-12.849999999999994,29.198373242357192,15.650000000000006,24.650000000000006,0,0.08294069566786913,3.262000004534454,0.9904,40.255993342606764,40.255993342606764,0.7074867019790293,15.769224510565746,0.09710361624688789,4.0,156
A3F5,4.650000000000006,30.150000000000006,69.96531283428953,-17.849999999999994,67.65,0,0.10726226141158356,4.218558932494812,0.9856,30.506474722589637,30.506474722589637,0.5361419107660744,14.904321657424926,0.05359694926252966,4.0,156
A3F5,-15.849999999999994,-0.8499999999999943,53.046630430216766,-38.349999999999994,36.650000000000006,0,0.14824720907790973,5.83049186658054,0.824,15.872775434686897,15.872775434686897,0.27895914647955883,14.69904656714034,0.44287260644093485,4.0,156
A3F5,-26.599999999999994,31.150000000000006,84.40161432105431,-49.099999999999994,68.65,0,0.07575249265005614,2.9792911677715486,0.9552,40.96196406423891,40.96196406423891,0.7198939202853939,14.344331017028036,0.10039604821178501,4.0,156
A3F5,-0.8499999999999943,0.9000000000000057,58.28192258325046,-23.349999999999994,53.400000000000006,0,0.7929525767099949,31.360142540543386,0.9344,1.237941840313995,1.237941840313995,0.021756447105694115,36.22067012828236,0.41768144731522,4.0,157
A3F5,9.400000000000006,-10.599999999999994,43.900113895068664,-13.099999999999994,41.900000000000006,0,0.29836882093653966,11.79956765712158,0.8928,14.16756859873987,14.16756859873987,0.24899066078628945,24.610245739544993,0.6670738054886955,4.0,157
A3F5,-5.599999999999994,14.650000000000006,72.79239314653695,-28.099999999999994,67.15,0,0.28589857148136966,11.30639579143099,0.9072,15.683829251812202,15.683829251812202,0.2756384754272795,23.919201207807017,0.8131004327939501,4.0,157
A3F5,-5.599999999999994,26.400000000000006,83.75452226596484,-28.099999999999994,78.9,0,0.1557143480267618,6.1579484871411845,0.9552,26.987404469492805,26.987404469492805,0.47429533338300184,18.35438659118506,0.17495441223593278,4.0,157
A3F5,-0.8499999999999943,-14.099999999999994,44.94199038760967,-23.349999999999994,38.400000000000006,0,0.17682956202530165,6.992992561372458,0.8704,14.125597332502432,14.125597332502432,0.24825302869072816,17.133488366316904,0.08733809200346916,4.0,157
A3F5,37.900000000000006,-13.099999999999994,42.302718588762126,15.400000000000006,39.400000000000006,0,0.08923452289929557,3.528888085316976,0.9712,40.10012468808545,40.10012468808545,0.7047473583143313,16.629180530282955,0.09177549734000104,4.0,157
A3F5,3.6500000000000057,39.900000000000006,94.30314151713081,-18.849999999999994,92.4,0,0.09053978889337667,3.580506816676977,1.0,40.06660080416107,40.06660080416107,0.7041581863648694,16.13160408224321,0.10340588811534687,4.0,157
A3F5,4.650000000000006,29.650000000000006,84.06690787699998,-17.849999999999994,82.15,0,0.11142820286794206,4.406572505282185,0.9696,30.01241409816945,30.01241409816945,0.5274589472437513,15.60622179966078,0.1357826605353936,4.0,157
A3F5,7.900000000000006,-26.349999999999994,29.94966610832248,-14.599999999999994,26.150000000000006,0,0.12286755832036864,4.858961321031093,0.9952,27.508771328432676,27.508771328432676,0.48345819557878167,15.21521263118635,0.07017936009775497,4.0,157
A3F5,-6.599999999999994,39.900000000000006,96.87399031731891,-29.099999999999994,92.4,0,0.07897091209056269,3.1229983636451357,1.0,40.4421809500922,40.4421809500922,0.7107588919172619,14.625973905647422,0.0438147261923694,4.0,157
A3F5,-0.8499999999999943,0.9000000000000057,58.28192258325046,-23.349999999999994,53.400000000000006,0,0.7908939924696708,31.301604788435444,0.9312,1.237941840313995,1.237941840313995,0.021756447105694115,36.1340308918147,0.4080207207616334,4.0,158
A3F5,9.650000000000006,-10.599999999999994,43.82616227779933,-12.849999999999994,41.900000000000006,0,0.30017751849485674,11.879781757070718,0.8944,14.334660791243023,14.334660791243023,0.25192725467913923,24.7424906253678,0.6962313656106829,4.0,158
A3F5,-5.849999999999994,14.400000000000006,72.65901526995808,-28.349999999999994,66.9,0,0.2839737209727995,11.23848722173741,0.8992,15.542924435253493,15.542924435253493,0.2731621166125394,23.76914307416424,0.6672307865765857,4.0,158
A3F5,-5.849999999999994,26.400000000000006,83.8387291172761,-28.349999999999994,78.9,0,0.1513111770209765,5.988193699369744,0.9424,27.04038646173535,27.04038646173535,0.47522647560167575,17.806751309804216,0.16843502590760254,4.0,158
A3F5,-0.5999999999999943,-14.099999999999994,44.81260983250139,-23.099999999999994,38.400000000000006,0,0.1834355719552832,7.25954779246644,0.8528,14.112760183606884,14.112760183606884,0.24802741974704542,17.69457460774955,0.12864201626371985,4.0,158
A3F5,37.900000000000006,-13.099999999999994,42.302718588762126,15.400000000000006,39.400000000000006,0,0.08940167763275571,3.538084692037482,0.9744,40.10012468808545,40.10012468808545,0.7047473583143313,16.70198248645867,0.09064855183123836,4.0,158
A3F5,3.6500000000000057,39.900000000000006,94.30314151713081,-18.849999999999994,92.4,0,0.08753650713959316,3.464269745736353,1.0,40.06660080416107,40.06660080416107,0.7041581863648694,15.633507193058788,0.09085971999247941,4.0,158
A3F5,7.900000000000006,-26.349999999999994,29.94966610832248,-14.599999999999994,26.150000000000006,0,0.1241331579647803,4.9126026256140065,0.9888,27.508771328432676,27.508771328432676,0.48345819557878167,15.422514937331481,0.06965412149075216,4.0,158
A3F5,4.400000000000006,29.650000000000006,84.12034533928163,-18.099999999999994,82.15,0,0.10758689499695227,4.257773924088908,0.9584,29.974697663195876,29.974697663195876,0.5267960924990488,14.774746159755143,0.11492194000121786,4.0,158
A3F5,-15.849999999999994,-0.8499999999999943,64.33074692555653,-38.349999999999994,51.650000000000006,0,0.14674191289118865,5.807361200116958,0.7808,15.872775434686897,15.872775434686897,0.27895914647955883,14.68322241756441,0.4308591339442682,4.0,158
A3F5,-1.0999999999999943,0.4000000000000057,37.64797471312367,6.400000000000006,-37.099999999999994,0,0.8614971465829584,34.997791889697794,0.8928,1.1704699910719591,1.1704699910719591,0.020570650106712815,37.336345476245455,0.6049330460544139,4.0,159
A3F5,-6.349999999999994,14.150000000000006,23.378301905827115,1.1500000000000057,-23.349999999999994,0,0.314080792705002,12.758732633393313,0.784,15.50951320964008,15.50951320964008,0.27257492459824395,25.085190894354056,0.3293357349623231,4.0,159
A3F5,8.900000000000006,-9.849999999999994,50.10970464890009,16.400000000000006,-47.349999999999994,0,0.24880452829949734,10.106993284932408,0.8608,13.275258942860589,13.275258942860589,0.233308593020397,22.056034545784517,0.4225201146219072,4.0,159
A3F5,-1.3499999999999943,-16.099999999999994,53.95166818551582,6.150000000000006,-53.599999999999994,0,0.18582337453709127,7.548517469395374,0.9968,16.15650023984154,16.15650023984154,0.2839455226685684,18.200197496381374,0.3226078077281749,4.0,159
A3F5,-5.599999999999994,27.650000000000006,10.03157515049356,1.9000000000000057,-9.849999999999994,1,0.1538203178217047,6.24847187678311,0.8256,28.211389543941294,28.211389543941294,0.49580649462111237,17.475035338444656,0.13411244925896845,4.0,159
A3F5,2.4000000000000057,40.150000000000006,10.24853648088351,9.900000000000006,2.6500000000000057,1,0.09613141091673932,3.905019944051509,1.0,40.22166704650617,40.22166704650617,0.706883427882358,16.57794684703095,0.09257138177492408,4.0,159
A3F5,27.650000000000006,-14.599999999999994,62.84848844642168,35.150000000000006,-52.099999999999994,0,0.11683850617258848,4.746185588998545,0.9792,31.26791486492184,31.26791486492184,0.5495239870812274,16.12879171664704,0.1231716382686302,4.0,159
A3F5,37.900000000000006,-11.599999999999994,66.87278968309906,45.400000000000006,-49.099999999999994,0,0.0813811734941217,3.3058362041732856,0.9312,39.63546391806207,39.63546391806207,0.6965810881908976,15.942891660710437,0.07738286346659733,4.0,159
A3F5,-7.849999999999994,39.900000000000006,2.4253865671269854,-0.3499999999999943,2.4000000000000057,1,0.08556691874667134,3.4758692770122015,1.0,40.664880425251475,40.664880425251475,0.7146727667003774,15.172802344276965,0.07836805726496347,4.0,159
A3F5,4.650000000000006,29.900000000000006,14.33117231771358,12.150000000000006,-7.599999999999994,1,0.1094290929898944,4.445199335859316,0.9856,30.259420020879453,30.259420020879453,0.53180000036695,15.072059503236643,0.23466812833891523,4.0,159
A3F5,-1.0999999999999943,0.6500000000000057,37.40163766467987,6.400000000000006,-36.849999999999994,0,0.8556897619096686,34.71155568627021,0.8704,1.2776932339180618,1.2776932339180618,0.022455065622461544,37.327134215446684,0.5827587671638604,4.0,160
A3F5,-6.099999999999994,14.150000000000006,23.39193236994327,1.4000000000000057,-23.349999999999994,0,0.32352329487131853,13.123306153596246,0.7552,15.408844862610568,15.408844862610568,0.27080570936046694,25.528669722661085,0.3642741562995253,4.0,160
A3F5,8.650000000000006,-10.099999999999994,50.26512210270656,16.150000000000006,-47.599999999999994,0,0.25839065517056076,10.481225246946579,0.8688,13.297838170168863,13.297838170168863,0.23370541599593783,22.36529677338062,0.44986520998706764,4.0,160
A3F5,-5.599999999999994,27.650000000000006,10.03157515049356,1.9000000000000057,-9.849999999999994,1,0.1575817803941439,6.392010184593179,0.8208,28.211389543941294,28.211389543941294,0.49580649462111237,17.859072599401014,0.13166499870363285,4.0,160
A3F5,-1.5999999999999943,-16.599999999999994,54.42076809454272,5.900000000000006,-54.099999999999994,0,0.17546371835741642,7.117368586675048,0.9568,16.67693017314637,16.67693017314637,0.2930919186844705,17.42468128903663,0.07948125353077344,4.0,160
A3F5,2.4000000000000057,39.900000000000006,10.186756107809794,9.900000000000006,2.4000000000000057,1,0.0961425600694099,3.899822352981358,1.0,39.972115280530254,39.972115280530254,0.7024976323467531,16.565496555748283,0.09451340077290972,4.0,160
A3F5,37.150000000000006,-12.849999999999994,67.29595084401438,44.650000000000006,-50.349999999999994,0,0.0842508299422326,3.4174556083908163,0.9472,39.30960442436429,39.30960442436429,0.6908542078095657,16.275926259762866,0.07151076224717368,4.0,160
A3F5,26.900000000000006,-15.849999999999994,63.478992588099565,34.400000000000006,-53.349999999999994,0,0.11591916975016538,4.7020273240822625,0.9808,31.222307730211107,31.222307730211107,0.5487224557154852,16.09114707906657,0.11110068252106972,4.0,160
A3F5,29.400000000000006,-26.349999999999994,73.74572868987057,36.900000000000006,-63.849999999999994,0,0.07665099586863745,3.1091824650175486,0.9056,39.480153241850516,39.480153241850516,0.6938515508233835,15.240436450111181,0.0836263438980966,4.0,160
A3F5,-7.849999999999994,39.900000000000006,2.4253865671269854,-0.3499999999999943,2.4000000000000057,1,0.08446309060958683,3.4260655736644217,1.0,40.664880425251475,40.664880425251475,0.7146727667003774,15.044679302522235,0.08304055140715125,4.0,160
A3F5,-1.0999999999999943,0.4000000000000057,43.97010347952344,-23.599999999999994,-37.099999999999994,0,0.8383403125582917,34.06251322623335,0.88,1.1704699910719591,1.1704699910719591,0.020570650106712815,37.10761107892627,0.606167009205428,4.0,161
A3F5,-6.349999999999994,14.150000000000006,37.11529334384951,-28.849999999999994,-23.349999999999994,0,0.29520104173016193,11.993715395257949,0.784,15.50951320964008,15.50951320964008,0.27257492459824395,23.98796359823981,0.3424245007165936,4.0,161
A3F5,8.900000000000006,-9.849999999999994,49.264414134342445,-13.599999999999994,-47.349999999999994,0,0.2530938607862166,10.282906242411494,0.88,13.275258942860589,13.275258942860589,0.233308593020397,22.597530165451296,0.49813285813613456,4.0,161
A3F5,-4.849999999999994,27.900000000000006,28.98590174550379,-27.349999999999994,-9.599999999999994,0,0.15790302285508837,6.415361290297656,0.816,28.318412738004938,28.318412738004938,0.4976873943410358,17.980469925031766,0.10793684234554052,4.0,161
A3F5,-1.3499999999999943,-16.849999999999994,59.3527168712604,-23.849999999999994,-54.349999999999994,0,0.17661608206288862,7.1756562786956835,0.9696,16.903993610978436,16.903993610978436,0.2970824887693925,17.910430189518934,0.2692238854579922,4.0,161
A3F5,36.650000000000006,-14.599999999999994,53.98733647810382,14.150000000000006,-52.099999999999994,0,0.08539845072660719,3.4695882045862314,0.9152,39.45101392866855,39.45101392866855,0.6933394363562135,16.290360636809037,0.05729863028137313,4.0,161
A3F5,2.4000000000000057,39.900000000000006,20.242776489404804,-20.099999999999994,2.4000000000000057,0,0.09334911645505549,3.792612327556506,1.0,39.972115280530254,39.972115280530254,0.7024976323467531,16.127237569637018,0.10245447966634971,4.0,161
A3F5,-16.599999999999994,0.15000000000000568,54.07247451337879,-39.099999999999994,-37.349999999999994,0,0.15438208347767304,6.2723089243151,0.6976,16.600677697009836,16.600677697009836,0.29175180486836266,15.747818170366015,0.2155673286874785,4.0,161
A3F5,30.650000000000006,-24.849999999999994,62.880402352402285,8.150000000000006,-62.349999999999994,0,0.07756684513187728,3.1514017598344686,0.8688,39.45814237898181,39.45814237898181,0.6934647166780635,15.355528070898858,0.06149523577551063,4.0,161
A3F5,20.400000000000006,-34.099999999999994,71.63078946933364,-2.0999999999999943,-71.6,0,0.07918184026915213,3.2170165660698737,0.9152,39.73625548538765,39.73625548538765,0.6983524689874807,15.318791864773235,0.07788447944436681,4.0,161
A3F5,-1.0999999999999943,0.4000000000000057,43.97010347952344,-23.599999999999994,-37.099999999999994,0,0.829800567153746,33.6698035903592,0.896,1.1704699910719591,1.1704699910719591,0.020570650106712815,36.86002624590475,0.6292334034208747,4.0,162
A3F5,-6.349999999999994,14.150000000000006,37.11529334384951,-28.849999999999994,-23.349999999999994,0,0.29584898760544204,12.003746968851466,0.776,15.50951320964008,15.50951320964008,0.27257492459824395,24.072389233212718,0.33323057603195494,4.0,162
A3F5,9.150000000000006,-9.599999999999994,48.955413388102436,-13.349999999999994,-47.099999999999994,0,0.2622644960023723,10.641062202887394,0.8768,13.262069974178239,13.262069974178239,0.2330768009521659,22.922160465757543,0.5459781464487964,4.0,162
A3F5,-4.849999999999994,27.900000000000006,28.98590174550379,-27.349999999999994,-9.599999999999994,0,0.15836606270029158,6.425452036779132,0.8176,28.318412738004938,28.318412738004938,0.4976873943410358,18.06014400701216,0.11014280184363526,4.0,162
A3F5,-1.5999999999999943,-17.099999999999994,59.68224191499511,-24.099999999999994,-54.599999999999994,0,0.17450690406997751,7.080351008372555,0.9168,17.174690681348523,17.174690681348523,0.3018399065263361,17.740021754142756,0.33579012956680826,4.0,162
A3F5,36.650000000000006,-14.599999999999994,53.98733647810382,14.150000000000006,-52.099999999999994,0,0.08680041018437527,3.521767236335797,0.92,39.45101392866855,39.45101392866855,0.6933394363562135,16.508131367799635,0.059247476727441746,4.0,162
A3F5,2.4000000000000057,39.900000000000006,20.242776489404804,-20.099999999999994,2.4000000000000057,0,0.09345513033540219,3.7917724734916747,1.0,39.972115280530254,39.972115280530254,0.7024976323467531,16.206085386645096,0.10235524026337707,4.0,162
A3F5,30.650000000000006,-24.849999999999994,62.880402352402285,8.150000000000006,-62.349999999999994,0,0.07978453855360206,3.2371091598510495,0.8672,39.45814237898181,39.45814237898181,0.6934647166780635,15.71908254469166,0.06194468234881991,4.0,162
A3F5,-7.849999999999994,39.650000000000006,30.426057910942056,-30.349999999999994,2.1500000000000057,0,0.08411050185043682,3.4126283495639638,1.0,40.419611576560214,40.419611576560214,0.7103622421188087,15.152003991660184,0.09809386471964812,4.0,162
A3F5,-16.599999999999994,-0.3499999999999943,54.41904537935225,-39.099999999999994,-37.849999999999994,0,0.14828022020351944,6.0162296979680505,0.7056,16.60368934905733,16.60368934905733,0.29180473372684235,15.099364121496471,0.2540217096323445,4.0,162
A3F5,-0.09999999999999432,-0.3499999999999943,18.811764935805474,17.400000000000006,7.150000000000006,0,0.778135638174933,31.743776861763426,0.896,0.36400549446401886,0.36400549446401886,0.006397284612724409,37.193359141050195,0.4744514480638229,4.0,163
A3F5,10.400000000000006,-11.349999999999994,28.164383536658498,27.900000000000006,-3.8499999999999943,0,0.2856227981971321,11.651383866550868,0.8768,15.394235934270984,15.394235934270984,0.2705489619379786,25.071372433381494,0.40122013619757807,4.0,163
A3F5,-4.849999999999994,14.150000000000006,25.074788134698174,12.650000000000006,21.650000000000006,0,0.24691386824906789,10.072300143400048,0.9584,14.958108169150272,14.958108169150272,0.26288415060018056,22.405690127217206,0.6597380310405274,4.0,163
A3F5,0.15000000000000568,-14.599999999999994,19.02452364712452,17.650000000000006,-7.099999999999994,1,0.18351862882911255,7.486191469550642,0.7216,14.60077052761257,14.60077052761257,0.2566040514518905,18.721613422122473,0.11276476449516218,4.0,163
A3F5,-5.099999999999994,26.150000000000006,35.86199241536924,12.400000000000006,33.650000000000006,0,0.1404073758231672,5.727552318990447,0.9776,26.642681922058827,26.642681922058827,0.4682369406337228,17.289985385193592,0.20339967753124447,4.0,163
A3F5,9.650000000000006,-25.849999999999994,32.76957430300247,27.150000000000006,-18.349999999999994,0,0.13586434386330562,5.542228995883466,0.9504,27.59248085982846,27.59248085982846,0.48492936484760035,17.249775677393824,0.10633177692108459,4.0,163
A3F5,39.400000000000006,-13.099999999999994,57.174907083440026,56.900000000000006,-5.599999999999994,0,0.07882111758428874,3.2152844392975957,0.9936,41.520717720193616,41.520717720193616,0.7297138439401338,15.9877697449201,0.09462519100732558,4.0,163
A3F5,5.650000000000006,39.150000000000006,52.07825841942106,23.150000000000006,46.650000000000006,0,0.08817190668387115,3.5967263515980834,1.0,39.55559378899526,39.55559378899526,0.695177395237175,15.65217796570029,0.062314944004884104,4.0,163
A3F5,-14.849999999999994,-2.3499999999999943,5.7918045547135035,2.6500000000000057,5.150000000000006,1,0.14961643375955247,6.103216694873114,0.8688,15.03479298161434,15.03479298161434,0.2642318625942766,15.133050135557449,0.607760886627497,4.0,163
A3F5,19.900000000000006,-28.349999999999994,42.819183784841115,37.400000000000006,-20.849999999999994,0,0.09412032140677946,3.8393772861411937,1.0,34.63715490625637,34.63715490625637,0.6087373445739257,14.653608224754265,0.11529523829325146,4.0,163
A3F5,-0.3499999999999943,-0.09999999999999432,24.261749730800545,22.150000000000006,9.900000000000006,0,0.75813801829993,31.054292993049746,0.8736,0.36400549446401886,0.36400549446401886,0.006397284612724409,37.03129194719574,0.49516493591694005,4.0,164
A3F5,10.650000000000006,-11.099999999999994,33.16824535606308,33.150000000000006,-1.0999999999999943,0,0.2744443777679862,11.241113107567074,0.8704,15.38286384260096,15.38286384260096,0.2703491009244457,24.427299648215186,0.5007965320500173,4.0,164
A3F5,-5.099999999999994,14.900000000000006,30.377129554979362,17.400000000000006,24.900000000000006,0,0.2489136388379779,10.195363216619556,0.9392,15.74865073585671,15.74865073585671,0.2767776930730529,22.87870252540328,0.8685750198420779,4.0,164
A3F5,0.4000000000000057,-14.599999999999994,23.357439928211317,22.900000000000006,-4.599999999999994,0,0.1771358811262612,7.2553408752185415,0.8192,14.605478424207808,14.605478424207808,0.2566867912866047,18.2481269212779,0.027503417561819954,4.0,164
A3F5,-5.099999999999994,25.900000000000006,39.89448583451102,17.400000000000006,35.900000000000006,0,0.14557457522891837,5.96259911310577,0.9616,26.39734835168109,26.39734835168109,0.46392527858841986,17.72616085502516,0.18651065490252325,4.0,164
A3F5,38.900000000000006,-13.599999999999994,61.505446913261274,61.400000000000006,-3.5999999999999943,0,0.08540450244645728,3.4980705063409605,0.9904,41.208858271007706,41.208858271007706,0.7242330100352848,16.914265840849964,0.1062995380722738,4.0,164
A3F5,8.900000000000006,-26.099999999999994,35.286966432381234,31.400000000000006,-16.099999999999994,0,0.12683015045049978,5.194836395104681,0.9408,27.575713952679447,27.575713952679447,0.48463469161123807,16.0383955664006,0.08849554138592361,4.0,164
A3F5,5.900000000000006,39.150000000000006,56.7651521622201,28.400000000000006,49.150000000000006,0,0.08872698910690306,3.634156807884295,1.0,39.592076227447336,39.592076227447336,0.6958185628725366,15.891332348062672,0.07500538382126408,4.0,164
A3F5,-14.849999999999994,-2.0999999999999943,10.996931390165175,7.650000000000006,7.900000000000006,1,0.14698729862343382,6.020463693108807,0.8736,14.997749831224676,14.997749831224676,0.26358084061906284,15.004599107452707,0.5582659561455724,4.0,164
A3F5,-8.099999999999994,-40.099999999999994,33.36719946294564,14.400000000000006,-30.099999999999994,0,0.08360932138736768,3.4245414100810283,1.0,40.90990100208016,40.90990100208016,0.7189789279803191,14.621290991553852,0.023829641352707747,4.0,164
A3F5,-0.3499999999999943,0.15000000000000568,32.11923099951181,29.650000000000006,-12.349999999999994,0,0.7588115503287517,31.152040531141957,0.84,0.3807886552931924,0.3807886552931924,0.006692243502516563,37.355151942375294,0.5864366480520237,4.0,165
A3F5,10.900000000000006,-10.849999999999994,47.09599239850457,40.900000000000006,-23.349999999999994,0,0.26784574982037646,10.995591982523933,0.8656,15.379613129074476,15.379613129074476,0.27029197063399785,24.004830471948992,0.49799822258830556,4.0,165
A3F5,-5.099999999999994,14.900000000000006,25.01539525971957,24.900000000000006,2.4000000000000057,0,0.238264905174049,9.781215056715482,0.9344,15.74865073585671,15.74865073585671,0.2767776930730529,22.670084669661257,0.724495895890922,4.0,165
A3F5,-5.099999999999994,25.900000000000006,28.276668827851708,24.900000000000006,13.400000000000006,0,0.14525162341233774,5.962799136268338,0.9472,26.39734835168109,26.39734835168109,0.46392527858841986,17.778990187766382,0.21014362311368956,4.0,165
A3F5,38.900000000000006,-13.599999999999994,73.6778121282113,68.9,-26.099999999999994,0,0.08580392136239913,3.522362555528131,0.9904,41.208858271007706,41.208858271007706,0.7242330100352848,16.95017322945253,0.10308207849066599,4.0,165
A3F5,-14.849999999999994,-2.0999999999999943,21.040021387821827,15.150000000000006,-14.599999999999994,0,0.15416050542497337,6.328527183121966,0.8752,14.997749831224676,14.997749831224676,0.26358084061906284,15.951176739890244,0.6335921848041455,4.0,165
A3F5,5.900000000000006,39.150000000000006,44.71054126265976,35.900000000000006,26.650000000000006,0,0.08679363922751059,3.5629920703836975,1.0,39.592076227447336,39.592076227447336,0.6958185628725366,15.686368590110767,0.07235507372239727,4.0,165
A3F5,0.6500000000000057,-14.599999999999994,40.91249809043686,30.650000000000006,-27.099999999999994,0,0.14166531439840666,5.815573889464914,0.848,14.614462015414725,14.614462015414725,0.25684467513909887,15.228855883839518,0.04862294848567181,4.0,165
A3F5,-18.349999999999994,-25.349999999999994,39.60233578969805,11.650000000000006,-37.849999999999994,0,0.11445296916733155,4.6984550353822065,0.928,31.294488332612175,31.294488332612175,0.549991007603026,15.117904308955092,0.085273472185663,4.0,165
A3F5,34.150000000000006,-23.849999999999994,73.73293022795174,64.15,-36.349999999999994,0,0.07103261833604538,2.915977577610643,0.9264,41.65387136869753,41.65387136869753,0.7320539783602378,14.991580973986151,0.03430796130102749,4.0,165
A3F5,-0.3499999999999943,-0.09999999999999432,23.353425872877843,22.150000000000006,7.400000000000006,0,0.7568099840993187,30.960813278198312,0.8736,0.36400549446401886,0.36400549446401886,0.006397284612724409,37.0834422782021,0.5587381751531896,4.0,166
A3F5,10.650000000000006,-11.099999999999994,33.34490215910073,33.150000000000006,-3.5999999999999943,0,0.26995344351688555,11.043224244721943,0.8672,15.38286384260096,15.38286384260096,0.2703491009244457,24.09371684856144,0.46534731610399355,4.0,166
A3F5,-5.099999999999994,14.900000000000006,28.364061768371617,17.400000000000006,22.400000000000006,0,0.23822153290226175,9.74511187713076,0.944,15.74865073585671,15.74865073585671,0.2767776930730529,22.48625668443827,0.7725318537551924,4.0,166
A3F5,-5.599999999999994,25.900000000000006,37.432205385202735,16.900000000000006,33.400000000000006,0,0.14436828226300055,5.905736143537777,0.944,26.498490523046783,26.498490523046783,0.46570282114317724,17.69448620946083,0.23946034230617436,4.0,166
A3F5,38.900000000000006,-13.599999999999994,61.702269002039145,61.400000000000006,-6.099999999999994,0,0.08610619094070565,3.522365477734046,0.9904,41.208858271007706,41.208858271007706,0.7242330100352848,16.951575518869795,0.10922629862871534,4.0,166
A3F5,0.4000000000000057,-14.599999999999994,23.975404063331244,22.900000000000006,-7.099999999999994,0,0.1536768847027466,6.2865323107844295,0.8176,14.605478424207808,14.605478424207808,0.2566867912866047,16.263926750554944,0.02977734545392557,4.0,166
A3F5,5.900000000000006,39.150000000000006,54.614856037528845,28.400000000000006,46.650000000000006,0,0.0871092071476828,3.5633964016585815,1.0,39.592076227447336,39.592076227447336,0.6958185628725366,15.68538781759524,0.06875187575400832,4.0,166
A3F5,-14.599999999999994,-2.0999999999999943,9.569221493935656,7.900000000000006,5.400000000000006,1,0.15098497672848699,6.176411716543193,0.84,14.750254235097096,14.750254235097096,0.25923118163615283,15.626674523163594,0.5774751347752914,4.0,166
A3F5,-11.099999999999994,-38.849999999999994,33.35839474555093,11.400000000000006,-31.349999999999994,0,0.08668357893992545,3.545984998559808,1.0,40.404609885506865,40.404609885506865,0.710098592012423,14.89815290720497,0.05561929089052111,4.0,166
A3F5,34.150000000000006,-23.849999999999994,58.96223367546383,56.650000000000006,-16.349999999999994,0,0.0707837464946568,2.8955628890857437,0.9264,41.65387136869753,41.65387136869753,0.7320539783602378,14.893385960683842,0.03251034388512844,4.0,166
A3F5,0.15000000000000568,-1.0999999999999943,19.364464877708336,-17.349999999999994,-8.599999999999994,0,0.8203128803555387,33.25205253024291,0.8592,1.1101801655587211,1.1101801655587211,0.01951107496588262,37.639122453797974,0.7505222487095669,4.0,167
A3F5,-5.099999999999994,12.900000000000006,23.236178687555316,-22.599999999999994,5.400000000000006,0,0.2606470721348883,10.565029628375504,0.8752,13.871553626036272,13.871553626036272,0.24378828868253555,23.270400985108665,0.5602264088014529,4.0,167
A3F5,10.400000000000006,-10.099999999999994,18.97814532561071,-7.099999999999994,-17.599999999999994,1,0.23887890161286024,9.682663583362404,0.904,14.497241116847027,14.497241116847027,0.25478455389889326,21.626374132052803,0.712296848391594,4.0,167
A3F5,-5.599999999999994,26.400000000000006,29.84660784745898,-23.099999999999994,18.900000000000006,0,0.1432473861431974,5.80630917231718,0.8784,26.987404469492805,26.987404469492805,0.47429533338300184,16.923701749605637,0.1598438379201687,4.0,167
A3F5,0.15000000000000568,-15.349999999999994,28.690503655390916,-17.349999999999994,-22.849999999999994,0,0.16700338895974393,6.769235592795451,0.9264,15.350732881527183,15.350732881527183,0.26978440916567986,16.644628205168935,0.053763580794415074,4.0,167
A3F5,28.900000000000006,-15.099999999999994,25.312447530809816,11.400000000000006,-22.599999999999994,0,0.10774392964578022,4.367218554866655,1.0,32.60705445145268,32.60705445145268,0.5730589534525955,16.267790135633618,0.11664686580089623,4.0,167
A3F5,39.150000000000006,-11.349999999999994,28.70618400275453,21.650000000000006,-18.849999999999994,0,0.07673410644238828,3.110279291255685,0.9808,40.762053432083135,40.762053432083135,0.716380552409194,15.352281463974705,0.06809892974476951,4.0,167
A3F5,4.150000000000006,39.900000000000006,35.042581240542205,-13.349999999999994,32.400000000000006,0,0.08596128626771976,3.4842892509836862,1.0,40.115240246071075,40.115240246071075,0.7050130095970312,15.332078166089584,0.10332312311718692,4.0,167
A3F5,2.4000000000000057,-26.599999999999994,37.29369919973077,-15.099999999999994,-34.099999999999994,0,0.12038253019073465,4.8795082648525465,0.9808,26.708051220558936,26.708051220558936,0.4693857859500692,14.950412460696294,0.137436559986758,4.0,167
A3F5,20.900000000000006,-35.099999999999994,42.73546536543155,3.4000000000000057,-42.599999999999994,0,0.07270783271827518,2.9470804837288673,0.9552,40.85119337302155,40.85119337302155,0.7179471594555633,14.515504178075192,0.09190746157006846,4.0,167
A3F5,0.15000000000000568,-1.3499999999999943,24.03840676916837,-22.349999999999994,-8.849999999999994,0,0.8092832850823113,32.60922749008893,0.8576,1.3583077707206075,1.3583077707206075,0.023871841313191696,37.38387145607649,0.7992828647688075,4.0,168
A3F5,-5.349999999999994,12.900000000000006,28.36868872542402,-27.849999999999994,5.400000000000006,0,0.24317501888620469,9.798006523587024,0.896,13.965403681956353,13.965403681956353,0.24543767455107826,22.066713710372152,0.56601290584675,4.0,168
A3F5,10.400000000000006,-9.849999999999994,21.15260031296388,-12.099999999999994,-17.349999999999994,0,0.2402876531886159,9.681666393317501,0.896,14.3241928219359,14.3241928219359,0.25174328333806506,21.816398725864907,0.6472862039681907,4.0,168
A3F5,-5.099999999999994,26.400000000000006,33.45100895339331,-27.599999999999994,18.900000000000006,0,0.14799938335169063,5.963141462629523,0.8192,26.88810145770802,26.88810145770802,0.47255011349223236,16.95747726995843,0.1662402164598858,4.0,168
A3F5,0.15000000000000568,-15.099999999999994,31.78494140312358,-22.349999999999994,-22.599999999999994,0,0.16043415091154126,6.464165864487376,0.9216,15.100745014733539,15.100745014733539,0.2653909492923293,16.26585956190189,0.0575393779766934,4.0,168
A3F5,4.150000000000006,39.400000000000006,36.80125677201799,-18.349999999999994,31.900000000000006,0,0.0935063967495474,3.7675106620084136,1.0,39.617956787295334,39.617956787295334,0.6962734057521148,16.229263391195282,0.12199037288404754,4.0,168
A3F5,38.150000000000006,-13.099999999999994,25.87049477686888,15.650000000000006,-20.599999999999994,0,0.0793589198557073,3.197484052418748,0.9776,40.33649092323228,40.33649092323228,0.7089014222009189,15.668284262246427,0.10240855762378143,4.0,168
A3F5,27.900000000000006,-16.849999999999994,24.941581746152345,5.400000000000006,-24.349999999999994,0,0.10169857393428429,4.097588456436639,1.0,32.593442592030684,32.593442592030684,0.5728197292096782,15.212285916430702,0.0893317605578199,4.0,168
A3F5,2.6500000000000057,-26.599999999999994,39.456716791948104,-19.849999999999994,-34.099999999999994,0,0.11998747463508602,4.834483379093379,1.0,26.73167596691236,26.73167596691236,0.4698009836012717,14.959237561435101,0.14978785375228762,4.0,168
A3F5,20.650000000000006,-35.099999999999994,42.640151266148195,-1.8499999999999943,-42.599999999999994,0,0.07307083613595741,2.944126597775478,0.9696,40.72385664447806,40.72385664447806,0.7157092556147286,14.39553035882062,0.08740189152494424,4.0,168
A3F5,0.15000000000000568,-1.3499999999999943,22.679175470020944,-22.349999999999994,-3.8499999999999943,0,0.8055524228054759,32.35485478407088,0.8704,1.3583077707206075,1.3583077707206075,0.023871841313191696,37.21841447140432,0.7861094930411925,4.0,169
A3F5,-5.099999999999994,13.150000000000006,29.583483567693644,-27.599999999999994,10.650000000000006,0,0.2551185207743289,10.2463010804809,0.88,14.104343302685173,14.104343302685173,0.247879495653518,22.509922747572453,0.7248750842250061,4.0,169
A3F5,10.400000000000006,-10.099999999999994,17.469115604403097,-12.099999999999994,-12.599999999999994,1,0.24708590065962985,9.923680873700864,0.8944,14.497241116847027,14.497241116847027,0.25478455389889326,22.217723241267265,0.6099740185219786,4.0,169
A3F5,-5.099999999999994,26.400000000000006,36.50986168146902,-27.599999999999994,23.900000000000006,0,0.14834960328480837,5.958096511304154,0.848,26.88810145770802,26.88810145770802,0.47255011349223236,16.955195669101283,0.16043623453415917,4.0,169
A3F5,4.150000000000006,39.400000000000006,41.21082988730026,-18.349999999999994,36.900000000000006,0,0.09381529560669921,3.7678426929033306,1.0,39.617956787295334,39.617956787295334,0.6962734057521148,16.31314709979311,0.11667625220985661,4.0,169
A3F5,0.15000000000000568,-18.099999999999994,30.395435512589707,-22.349999999999994,-20.599999999999994,0,0.15325171789885922,6.154980463648128,0.8944,18.100621536289847,18.100621536289847,0.31811285652530485,15.891245958940178,0.06178248522823255,4.0,169
A3F5,38.150000000000006,-13.099999999999994,22.097115196332755,15.650000000000006,-15.599999999999994,0,0.0790886533971021,3.1763821256154805,0.9824,40.33649092323228,40.33649092323228,0.7089014222009189,15.664204729599742,0.10102577517640601,4.0,169
A3F5,27.900000000000006,-16.599999999999994,19.84867753781092,5.400000000000006,-19.099999999999994,1,0.10339369834274807,4.152537265875792,1.0,32.46490412738039,32.46490412738039,0.5705607052263689,15.331278342648236,0.10114572089237202,4.0,169
A3F5,-6.099999999999994,40.150000000000006,47.2808893740378,-28.599999999999994,37.650000000000006,0,0.08006068825413361,3.2154215482447226,1.0,40.61074365238835,40.61074365238835,0.7137213295674578,14.506812237691996,0.009340530480051295,4.0,169
A3F5,19.400000000000006,-26.849999999999994,29.513259731856117,-3.0999999999999943,-29.349999999999994,0,0.09351373935777323,3.755731388209284,0.9424,33.125254716001805,33.125254716001805,0.5821661637258665,14.5010784292609,0.08787625196322896,4.0,169
A2F5,-0.5,-0.25,32.000976547599294,-23.0,22.25,0,0.8749559717492178,32.87657207487061,0.7408,0.5590169943749475,0.5590169943749475,0.011526123595359742,37.50050451110365,0.5527926330770954,4.0,170
A2F5,7.75,-10.5,19.014796869806418,-14.75,12.0,1,0.22943276360748005,8.620347512935412,0.7952,13.050383136138187,13.050383136138187,0.269080064662643,20.049731774368627,0.376409162184873,4.0,170
A2F5,-5.5,-11.75,29.99270744697784,-28.0,10.75,0,0.21139867413787294,7.942747030917446,0.9088,12.973530745329121,12.973530745329121,0.2674954792851365,19.9935075515386,0.39887666652808207,4.0,170
A2F5,-3.25,11.5,42.65046893059911,-25.75,34.0,0,0.2059469303082701,7.737907487320584,0.8064,11.95041840271712,11.95041840271712,0.24640037943746637,19.837320234549523,0.653968783835489,4.0,170
A2F5,26.75,-13.0,10.407329148249325,4.25,9.5,1,0.12916958597538208,4.8531620356412475,0.7728,29.741595451488475,29.741595451488475,0.6132287721956386,17.691288218404576,0.11044974810918518,4.0,170
A2F5,-5.0,22.5,52.73755777432247,-27.5,45.0,0,0.1435844901469289,5.394767673912653,0.9872,23.04886114323222,23.04886114323222,0.47523425037592204,16.842459517039277,0.3544175362667645,4.0,170
A2F5,-18.25,-20.5,40.79905023404344,-40.75,2.0,0,0.12397073461555194,4.65782802088868,1.0,27.446538943917865,27.446538943917865,0.565908019462224,16.376873976459702,0.14393898663113908,4.0,170
A2F5,-20.5,-30.75,43.78427229040126,-43.0,-8.25,0,0.08337462137018377,3.1325369340650018,0.9552,36.95690057350589,36.95690057350589,0.7619979499691937,15.64845709474673,0.11461552656606928,4.0,170
A2F5,0.25,35.0,61.654784891361025,-22.25,57.5,0,0.08449714329720413,3.174712528774403,0.9104,35.00089284575466,35.00089284575466,0.7216678937269003,15.032306623388862,0.037466370682447334,4.0,170
A2F5,1.5,-22.75,21.00148804251737,-21.0,-0.25,0,0.13599157982728433,5.109481965989577,0.8832,22.79939692184861,22.79939692184861,0.4700906581824456,14.988044121287755,0.17404111394778451,4.0,170
A2F5,-0.5,-0.25,32.000976547599294,-23.0,22.25,0,0.8902250039888858,33.55344484848787,0.7504,0.5590169943749475,0.5590169943749475,0.011526123595359742,37.89026761413266,0.633279958808966,4.0,171
A2F5,6.5,-10.5,20.0,-16.0,12.0,1,0.23921853189492723,9.015727898951285,0.8048,12.349089035228468,12.349089035228468,0.2546203924789375,20.96217038458318,0.1841094008158311,4.0,171
A2F5,-3.5,11.5,42.80186911806539,-26.0,34.0,0,0.21761391007626332,8.201467857340445,0.8192,12.020815280171307,12.020815280171307,0.24785186144683108,20.63371088496295,0.6787399630183402,4.0,171
A2F5,-4.0,-11.75,28.597421212410044,-26.5,10.75,0,0.20828070572855906,7.849708435044993,0.9136,12.41219158730641,12.41219158730641,0.25592147602693627,19.87791402113348,0.24636125951309948,4.0,171
A2F5,-5.25,22.75,53.081305560432476,-27.75,45.25,0,0.14131393579655954,5.325817161224194,1.0,23.347912112221085,23.347912112221085,0.48140024973651724,16.829509309907188,0.37342200817781956,4.0,171
A2F5,-17.75,-20.75,40.288025516274686,-40.25,1.75,0,0.11923363334766451,4.493647228567149,1.0,27.306134841826296,27.306134841826296,0.5630130895221916,15.88613161187614,0.17686974102716274,4.0,171
A2F5,2.25,-22.5,20.25,-20.25,0.0,0,0.14086801547703265,5.309011124562661,0.896,22.612220147522002,22.612220147522002,0.46623134324787635,15.66366505861076,0.17873955814545395,4.0,171
A2F5,27.25,-12.5,11.070794912742265,4.75,10.0,1,0.11366729182682236,4.283861703243614,0.8192,29.980201800521623,29.980201800521623,0.6181484907324046,15.280904612266895,0.10594234980156647,4.0,171
A2F5,-16.75,-31.0,40.159836902059254,-39.25,-8.5,0,0.08229380427548247,3.1014555242405057,1.0,35.23581274782803,35.23581274782803,0.7265116030480006,15.026837656400927,0.2544105943156324,4.0,171
A2F5,0.25,35.0,61.654784891361025,-22.25,57.5,0,0.08314412428047284,3.1335023352157587,0.9008,35.00089284575466,35.00089284575466,0.7216678937269003,14.71444932723128,0.04545966569285112,4.0,171
A2F5,-0.5,0.0,32.17530108639234,-23.0,22.5,0,0.9043843134137045,34.0186289005946,0.7312,0.5,0.5,0.010309278350515464,38.05473047542414,0.671827219247032,4.0,172
A2F5,6.5,-10.25,20.150992531386635,-16.0,12.25,0,0.24985516178392045,9.397680008589914,0.8256,12.137236093938355,12.137236093938355,0.25025229059666715,21.694460709327977,0.2379004415511924,4.0,172
A2F5,-3.75,11.5,42.95419071522591,-26.25,34.0,0,0.2061291874548176,7.752998805258027,0.8128,12.095970403402944,12.095970403402944,0.24940145161655555,19.51746138481989,0.6210927400092549,4.0,172
A2F5,-3.75,-11.75,28.36591264176071,-26.25,10.75,0,0.187418720956274,7.049239988882189,0.9488,12.33389638354401,12.33389638354401,0.2543071419287425,18.55520426203976,0.1375138717599358,4.0,172
A2F5,2.75,-22.25,19.75158221510368,-19.75,0.25,1,0.14006501619746206,5.268132950087672,0.8816,22.41929972144536,22.41929972144536,0.462253602504028,15.8417602090456,0.14393950915281692,4.0,172
A2F5,-17.75,-21.0,40.27794061269766,-40.25,1.5,0,0.11710758675507313,4.404645684751717,0.9424,27.496590697757423,27.496590697757423,0.566940014386751,15.819228039530646,0.17944938495601823,4.0,172
A2F5,-5.0,22.5,52.73755777432247,-27.5,45.0,0,0.13309870342863456,5.006111758999775,0.984,23.04886114323222,23.04886114323222,0.47523425037592204,15.68992654831353,0.3149454604442198,4.0,172
A2F5,-16.25,-31.25,39.72562145517676,-38.75,-8.75,0,0.08270474268094805,3.110675501211655,1.0,35.22250700901343,35.22250700901343,0.7262372579178026,15.262392907447936,0.19358354576334794,4.0,172
A2F5,33.25,-13.25,14.181854603682835,10.75,9.25,1,0.08059677930155283,3.03139046493208,0.9072,35.79280653986217,35.79280653986217,0.7379960111311787,14.678959906806153,0.054154749340036425,4.0,172
A2F5,-27.0,11.25,59.910871300624564,-49.5,33.75,0,0.09788209267046562,3.6815293680458905,1.0,29.25,29.25,0.6030927835051546,13.802715819978982,0.08014146365329723,4.0,172
A2F5,-0.5,-0.25,19.59751259726601,17.0,9.75,0,0.9214662456808818,34.69989492438968,0.7152,0.5590169943749475,0.5590169943749475,0.011526123595359742,38.33150266459717,0.8969122088681968,4.0,173
A2F5,7.5,-10.5,25.004999500099974,25.0,-0.5,0,0.20212473817480314,7.610857450833393,0.7968,12.90348790056394,12.90348790056394,0.2660512969188441,18.924530022151753,0.30396441274749203,4.0,173
A2F5,-10.75,6.75,18.0589313083582,6.75,16.75,1,0.195148464346014,7.348165342889785,0.8288,12.693502274786104,12.693502274786104,0.26172169638734233,18.51137560248317,0.6773504449969638,4.0,173
A2F5,-2.75,-12.25,14.920623311376774,14.75,-2.25,1,0.1708212826543922,6.432126690481722,0.9968,12.55487952948972,12.55487952948972,0.25886349545339626,17.229057228646663,0.018214061200790627,4.0,173
A2F5,-5.5,22.5,34.64462440264001,12.0,32.5,0,0.1476093043720736,5.558085562671201,0.9488,23.16246964380094,23.16246964380094,0.4775766936866173,16.9316877672347,0.3580777673016578,4.0,173
A2F5,26.25,-14.75,44.00710169961207,43.75,-4.75,0,0.13449615059043796,5.064315085305632,0.792,30.110214213784666,30.110214213784666,0.6208291590471066,16.860744980443897,0.09690362549533864,4.0,173
A2F5,-16.75,-21.25,11.27497228377968,0.75,-11.25,1,0.11908689863810924,4.484087797710223,0.9056,27.057808484797878,27.057808484797878,0.5578929584494408,15.222067358285079,0.14907547660877857,4.0,173
A2F5,-25.0,14.0,25.144581921360317,-7.5,24.0,0,0.1006795040906609,3.790969622303416,1.0,28.653097563788805,28.653097563788805,0.5907855167791506,14.471632648391557,0.12070118305475615,4.0,173
A2F5,17.0,-25.0,37.61980861195336,34.5,-15.0,0,0.11116029620543331,4.185616518665644,0.7264,30.23243291566195,30.23243291566195,0.6233491322816896,14.395418090735433,0.10678823768563046,4.0,173
A2F5,4.75,27.5,43.604042243810376,22.25,37.5,0,0.10234923743920549,3.853842202288093,0.9808,27.907212329431974,27.907212329431974,0.5754064397821026,14.32148770937271,0.005733334191237377,4.0,173
A2F5,-0.75,-0.25,19.381047443314305,16.75,9.75,0,0.9244075133201997,35.16117223544083,0.696,0.7905694150420949,0.7905694150420949,0.016300400310146287,38.84812079877587,0.7871743597202974,4.0,174
A2F5,9.5,-8.75,27.028919697242802,27.0,1.25,0,0.2136054974379125,8.124146756891435,0.6576,12.91559135308949,12.91559135308949,0.2663008526410204,19.766816528066617,0.657245737655245,4.0,174
A2F5,-11.0,6.5,17.7341478509682,6.5,16.5,1,0.1883559742977183,7.163800897237363,0.8064,12.776932339180638,12.776932339180638,0.2634419039006317,18.367717814992016,0.5594286250297849,4.0,174
A2F5,-0.75,-12.0,16.868980407837338,16.75,-2.0,1,0.16942186395446526,6.443660383174085,0.9872,12.023414656411049,12.023414656411049,0.2479054568332175,17.246352965076454,0.2956113988979945,4.0,174
A2F5,-5.25,22.5,34.7320097316582,12.25,32.5,0,0.1438161179477677,5.4697755343501075,0.9616,23.104382701124045,23.104382701124045,0.47637902476544425,16.632647586566858,0.3699871442394025,4.0,174
A2F5,26.25,-14.75,44.00710169961207,43.75,-4.75,0,0.12926244275896848,4.91624586705747,0.8176,30.110214213784666,30.110214213784666,0.6208291590471066,16.40445405224115,0.0949298608895463,4.0,174
A2F5,-16.75,-21.25,11.27497228377968,0.75,-11.25,1,0.11889564707158402,4.5219596890597655,0.904,27.057808484797878,27.057808484797878,0.5578929584494408,15.347028128838469,0.1510738227118889,4.0,174
A2F5,-25.5,13.5,24.82438317461282,-8.0,23.5,0,0.10064803723969162,3.827940291152017,1.0,28.853076092507017,28.853076092507017,0.5949087854125158,14.709623298543963,0.11453174835233747,4.0,174
A2F5,5.0,27.75,43.946700672519206,22.5,37.75,0,0.10020040750858551,3.8109154276531068,0.9776,28.19685266124572,28.19685266124572,0.5813784053865098,14.353263932484781,0.06613823012263895,4.0,174
A2F5,17.0,-25.0,37.61980861195336,34.5,-15.0,0,0.1092919492222819,4.1566976570855045,0.7488,30.23243291566195,30.23243291566195,0.6233491322816896,14.24248468078337,0.1084175241684991,4.0,174
A2F5,-0.5,-0.75,17.12636855845395,9.5,14.25,0,0.8650208129448849,33.519524716450256,0.7808,0.9013878188659973,0.9013878188659973,0.01858531585290716,37.294416054436255,0.8846477972058191,4.0,175
A2F5,7.5,-11.0,17.95132307101624,17.5,4.0,1,0.18119461606000214,7.020737365843887,0.8304,13.313526955694348,13.313526955694348,0.2745057104266876,17.720662972913107,0.14689675153373724,4.0,175
A2F5,-4.75,11.75,27.26031914706796,5.25,26.75,0,0.16163030357753255,6.262666107741407,0.7616,12.673791855636576,12.673791855636576,0.26131529599250675,17.470517649170276,0.7048890331927781,4.0,175
A2F5,23.25,-18.75,33.46079795820775,33.25,-3.75,0,0.12405178891269211,4.806596218032311,0.7792,29.868461627609815,29.868461627609815,0.6158445696414395,16.79981733797924,0.11815579352597391,4.0,175
A2F5,33.5,-12.75,43.55815078719481,43.5,2.25,0,0.09069327508649767,3.5140508582108225,0.7904,35.84428127330774,35.84428127330774,0.7390573458413968,16.56103151275083,0.08150833612755974,4.0,175
A2F5,4.25,-30.0,20.689671336200583,14.25,-15.0,0,0.11578316493876917,4.486210178836124,1.0,30.29954620122222,30.29954620122222,0.6247329113654067,16.070630406277907,0.09498646944387155,4.0,175
A2F5,-25.5,-17.0,15.628499608087784,-15.5,-2.0,1,0.10681888705911949,4.138870179942149,1.0,30.64718584144391,30.64718584144391,0.6319007389988435,15.830913047885264,0.14227322298050538,4.0,175
A2F5,-22.75,17.5,34.911495241538994,-12.75,32.5,0,0.10780849455778237,4.177214590905451,1.0,28.702134066999268,28.702134066999268,0.5917965787010159,15.639990593050326,0.11920308121172053,4.0,175
A2F5,-12.5,-8.0,7.433034373659253,-2.5,7.0,1,0.14811776599256812,5.739088918349176,0.7424,14.84082207965583,14.84082207965583,0.30599633153929545,15.177836694024364,0.26014275849021556,4.0,175
A2F5,-29.75,-4.0,22.6066914872566,-19.75,11.0,0,0.10205008220971395,3.9540929898336357,1.0,30.017703109998273,30.017703109998273,0.6189217136082118,15.150984732834583,0.126940534404499,4.0,175
A2F5,-1.25,0.0,17.365554986812256,8.75,15.0,0,0.8809623071967938,34.20514250895634,0.7712,1.25,1.25,0.02577319587628866,37.45534782321506,0.6546200424559552,4.0,176
A2F5,8.25,-10.25,18.85802216564611,18.25,4.75,1,0.1849983429024942,7.182363629950098,0.84,13.157697366940766,13.157697366940766,0.27129272921527353,17.77640157762791,0.46228530583607486,4.0,176
A2F5,23.75,-17.75,33.86185169183753,33.75,-2.75,0,0.1326514274612364,5.150019596409768,0.728,29.65004215848605,29.65004215848605,0.611341075432702,17.385344357051842,0.11276643414203612,4.0,176
A2F5,-11.5,6.25,21.302875392772684,-1.5,21.25,0,0.1637762475576256,6.3584229673602035,0.7856,13.088640112708424,13.088640112708424,0.26986886830326645,17.09075401743148,0.6751015853814704,4.0,176
A2F5,34.0,-11.5,44.13898503590675,44.0,3.5,0,0.09283294297889928,3.604102196308096,0.744,35.892199709686224,35.892199709686224,0.7400453548388912,16.878383536900216,0.07789685329252422,4.0,176
A2F5,4.75,-29.75,20.859650045003153,14.75,-14.75,0,0.12244618187822125,4.753808633356607,1.0,30.126815298003205,30.126815298003205,0.621171449443365,16.534175694411996,0.062017744710649726,4.0,176
A2F5,-22.5,9.5,27.504545078950134,-12.5,24.5,0,0.1301488858414644,5.0528602199325,0.9968,24.423349483639626,24.423349483639626,0.5035742161575181,16.11858690965954,0.25120795152551795,4.0,176
A2F5,-24.25,-17.75,14.512925273699992,-14.25,-2.75,1,0.10994000896966512,4.268267161825958,1.0,30.05203820042827,30.05203820042827,0.6196296536170778,15.611898148516108,0.1590444955594379,4.0,176
A2F5,-30.0,-4.75,22.473595617969103,-20.0,10.25,0,0.0967595417316497,3.756548290824731,1.0,30.373713964545068,30.373713964545068,0.6262621435988673,14.694877379123168,0.08077244892189543,4.0,176
A2F5,23.25,-28.0,35.70101539172241,33.25,-13.0,0,0.0757679594261236,2.941573625984419,0.8912,36.39453942557867,36.39453942557867,0.7504028747541994,14.493314165039637,0.08477935428384087,4.0,176
A12F13,1.25,0.75,33.235899265703644,23.75,23.25,0,0.8757191090173619,29.580961275096964,0.9264,1.4577379737113252,1.4577379737113252,0.03737789676182885,37.10458791550941,0.9510953287385889,4.0,177
A12F13,-5.5,13.25,39.58614025135565,17.0,35.75,0,0.25172861155338677,8.50233910431315,0.904,14.346166735403573,14.346166735403573,0.3678504291129121,21.917047562784184,0.19305217987555343,4.0,177
A12F13,10.75,-10.5,35.349151333518606,33.25,12.0,0,0.23268203508558705,7.859002469218193,0.904,15.027058927148719,15.027058927148719,0.38530920326022355,21.003507954466482,0.09796574668039275,4.0,177
A12F13,-11.25,-9.0,17.573061770789973,11.25,13.5,1,0.20326647240767606,6.865439750976149,0.9648,14.40702953422391,14.40702953422391,0.36941101369804896,18.680007003419178,0.12618413205265974,4.0,177
A12F13,22.5,-10.75,46.50873573856851,45.0,11.75,0,0.1433166139664586,4.840554909789479,0.8352,24.93616851081978,24.93616851081978,0.6393889361748661,18.465882166745157,0.1425814769338423,4.0,177
A12F13,-2.5,24.75,51.308503193915136,20.0,47.25,0,0.12665940609789253,4.277942556248789,0.9536,24.875942193211497,24.875942193211497,0.6378446716208076,16.42594396268813,0.16213889902439246,4.0,177
A12F13,-11.5,3.0,27.77138815399763,11.0,25.5,0,0.1430078751829729,4.830126950252511,0.7216,11.884864324004713,11.884864324004713,0.3047401108719157,14.004269468731078,0.011996933968859902,4.0,177
A12F13,0.5,-12.75,24.98124296347161,23.0,9.75,0,0.14193217280530834,4.79379404009191,0.7472,12.759800155174846,12.759800155174846,0.3271743629532012,13.870966673236872,0.16655062824470693,4.0,177
A12F13,-20.25,13.5,36.07024396923315,2.25,36.0,0,0.10187048965415266,3.4406796743103154,0.9664,24.337471109381926,24.337471109381926,0.6240377207533827,13.16730079291693,0.08068024976466219,4.0,177
A12F13,15.25,-0.25,43.81923093802537,37.75,22.25,0,0.1227421781689239,4.145635036327555,0.728,15.252049042669643,15.252049042669643,0.3910781805812729,12.7220776890149,0.0035542132576043633,4.0,177
A12F13,1.25,0.75,33.235899265703644,23.75,23.25,0,0.8705506130095115,29.617479686373102,0.9296,1.4577379737113252,1.4577379737113252,0.03737789676182885,37.07134492030726,0.9870264562029296,4.0,178
A12F13,-5.25,13.5,39.91945014651379,17.25,36.0,0,0.25091112267327553,8.535566813303443,0.9184,14.484905936870975,14.484905936870975,0.3714078445351532,21.90122127725296,0.2708083570093474,4.0,178
A12F13,9.5,-11.5,33.83784863137726,32.0,11.0,0,0.23658846417083715,8.048316664807977,0.9216,14.916433890176299,14.916433890176299,0.3824726638506743,21.31813419052619,0.21038221404431187,4.0,178
A12F13,-11.25,-6.75,19.35523185084591,11.25,15.75,1,0.2078888835766925,7.071976842120854,0.904,13.119641763401926,13.119641763401926,0.33640107085645965,18.933958597382475,0.08367415322285914,4.0,178
A12F13,22.5,-10.5,46.57252408878007,45.0,12.0,0,0.1382348806933963,4.702432026725801,0.8352,24.829418035870273,24.829418035870273,0.6366517445094941,17.81862705719155,0.1323785847593932,4.0,178
A12F13,-2.5,24.75,51.308503193915136,20.0,47.25,0,0.1267881394563295,4.313032637882556,0.9552,24.875942193211497,24.875942193211497,0.6378446716208076,16.605059680203556,0.1554579570865509,4.0,178
A12F13,-20.75,7.25,29.801426140371202,1.75,29.75,0,0.1051083672530152,3.5755260740896095,0.9232,21.980104640333266,21.980104640333266,0.5635924266752119,13.699914175264995,0.1219049239933812,4.0,178
A12F13,-17.75,17.5,40.281043928875526,4.75,40.0,0,0.09621571899805778,3.2730157254008576,0.9328,24.926140896657067,24.926140896657067,0.6391318178630018,12.74985553963173,0.06382174113968025,4.0,178
A12F13,-17.75,-17.0,7.267220926874317,4.75,5.5,1,0.09656897035142172,3.2850326236172545,0.9744,24.5776829664637,24.5776829664637,0.6301969991400949,12.655886378264986,0.20728158215953002,4.0,178
A12F13,15.25,-0.25,43.81923093802537,37.75,22.25,0,0.11900222277314451,4.048169292293498,0.712,15.252049042669643,15.252049042669643,0.3910781805812729,12.383510002812088,0.0012517861453900346,4.0,178
A12F13,0.0,0.25,31.99707017837727,-22.5,22.75,0,0.8941765472337707,29.829684554259703,0.896,0.25,0.25,0.00641025641025641,36.67905439948717,0.6652132987306083,4.0,179
A12F13,3.0,-12.5,21.914607000811127,-19.5,10.0,0,0.35044875372078355,11.689988762888403,0.8576,12.854960132182441,12.854960132182441,0.3296143623636523,25.6214659366006,0.17214823856288608,4.0,179
A12F13,-5.0,13.5,45.30176596999283,-27.5,36.0,0,0.2686568096180688,8.961527462111484,0.8896,14.396180048887969,14.396180048887969,0.36913282176635814,22.401403408106745,0.2586711300348444,4.0,179
A12F13,0.75,-23.25,21.762927192820364,-21.75,-0.75,0,0.13206950290694855,4.405322776670365,0.9904,23.262093628906236,23.262093628906236,0.596463939202724,17.311706965920088,0.1145338724897874,4.0,179
A12F13,-2.25,24.5,53.11838194071804,-24.75,47.0,0,0.12762284211514574,4.256996669958368,0.9584,24.603099398246556,24.603099398246556,0.6308487025191425,16.00767222848796,0.15187128048953646,4.0,179
A12F13,-12.75,3.25,43.65346492547871,-35.25,25.75,0,0.1666850055722677,5.5599899296097846,0.8624,13.157697366940766,13.157697366940766,0.33737685556258373,15.964696529401829,0.022331156390806028,4.0,179
A12F13,-15.25,-8.25,40.35003097892243,-37.75,14.25,0,0.13046575801785368,4.351827052744178,0.9392,17.338540884399702,17.338540884399702,0.44457797139486416,14.466101085042368,0.18406716441374887,4.0,179
A12F13,-20.75,13.5,56.27221783438076,-43.25,36.0,0,0.10959732855787102,3.655726354699842,0.8256,24.755049989850555,24.755049989850555,0.6347448715346297,14.43198379292566,0.08748192411088378,4.0,179
A12F13,22.5,-10.5,12.0,0.0,12.0,1,0.10859445619061982,3.6222740126895587,0.9632,24.829418035870273,24.829418035870273,0.6366517445094941,14.37627644100548,0.1929710809275245,4.0,179
A12F13,11.0,-22.75,11.502717070327341,-11.5,-0.25,1,0.09109104447668925,3.038422576658573,0.84,25.269794221560254,25.269794221560254,0.6479434415784681,12.237966348243983,0.0805920440352547,4.0,179
A12F13,0.0,0.25,31.99707017837727,-22.5,22.75,0,0.8823627878917261,29.642481451797423,0.896,0.25,0.25,0.00641025641025641,36.548726162737985,0.6678153367711185,4.0,180
A12F13,3.75,-12.25,21.368785646358102,-18.75,10.25,0,0.35056184975959925,11.775971654555478,0.8624,12.811127975318957,12.811127975318957,0.3284904609056143,25.531497017460623,0.20301062506619952,4.0,180
A12F13,-4.5,13.75,45.20024889312005,-27.0,36.25,0,0.26021962496151607,8.74110132645978,0.9152,14.467636296230287,14.467636296230287,0.370965033236674,22.099134583282492,0.36759046152646563,4.0,180
A12F13,1.25,-23.25,21.26323117496492,-21.25,-0.75,0,0.1277790882207027,4.292171920099109,0.9856,23.283577903750103,23.283577903750103,0.5970148180448744,16.747146140552555,0.10501500603439778,4.0,180
A12F13,-2.5,24.5,53.23532661682466,-25.0,47.0,0,0.12948383390007928,4.349436424985202,0.9552,24.627220712049503,24.627220712049503,0.631467197744859,16.553143271263647,0.1413991003892533,4.0,180
A12F13,-15.75,-2.75,43.047938394306414,-38.25,19.75,0,0.16026172194401947,5.383308681952106,1.0,15.988276955319481,15.988276955319481,0.4099558193671662,16.284616954406147,0.5071554049047894,4.0,180
A12F13,-21.0,13.0,56.14712815451918,-43.5,35.5,0,0.1071084459817747,3.597821986764724,0.88,24.698178070456937,24.698178070456937,0.6332866171912035,14.364190665663482,0.08065670305553743,4.0,180
A12F13,22.5,-10.0,12.5,0.0,12.5,1,0.10849717809734538,3.6444709104589124,0.9728,24.62214450449026,24.62214450449026,0.6313370385766733,14.146079846652864,0.18496122805471563,4.0,180
A12F13,-6.5,-13.0,30.516389039334257,-29.0,9.5,0,0.12780274730901414,4.292966657781561,0.9808,14.534441853748634,14.534441853748634,0.37267799624996495,12.732721066046093,0.9803108110157039,4.0,180
A12F13,11.5,-22.5,11.0,-11.0,0.0,1,0.09156163143930782,3.07559003037047,0.8608,25.268557536986556,25.268557536986556,0.647911731717604,12.074186971683908,0.0630917183902631,4.0,180
A12F13,1.0,0.5,41.23105625617661,16.0,38.0,0,0.8695630065635321,30.795708136986786,0.9072,1.118033988749895,1.118033988749895,0.028667538173074228,37.38308115916468,0.9034185027523439,4.0,181
A12F13,8.5,-11.5,35.04639781775011,23.5,26.0,0,0.236324219651177,8.368605497304056,0.936,14.300349646075091,14.300349646075091,0.36667563195064334,21.588372877931327,0.3255235204159317,4.0,181
A12F13,-8.25,11.0,48.96746368763651,6.75,48.5,0,0.2324686781436641,8.232069709948764,0.8752,13.75,13.75,0.3525641025641026,20.399560546417817,0.12143493655652812,4.0,181
A12F13,-10.75,-12.0,25.851740753767434,4.25,25.5,0,0.16871293291546877,5.974320414368438,0.8704,16.110943485718025,16.110943485718025,0.4131011150184109,17.978648929863898,0.17911598553459493,4.0,181
A12F13,-3.0,24.75,63.396076377012484,12.0,62.25,0,0.13197184045103627,4.673248122498356,0.9968,24.931155207891994,24.931155207891994,0.6392603899459486,17.648130736347024,0.1543552011647474,4.0,181
A12F13,22.5,-9.25,46.95010649615185,37.5,28.25,0,0.11711525407300354,4.147152379844656,0.9296,24.327196714788162,24.327196714788162,0.6237742747381579,16.007210254233964,0.06443790379062599,4.0,181
A12F13,-11.75,0.75,38.38782359030009,3.25,38.25,0,0.16549592342638692,5.860399346221298,0.7488,11.773911839316616,11.773911839316616,0.3018951753670927,15.967983117243545,0.05750911815694746,4.0,181
A12F13,-19.75,16.25,53.959475534886366,-4.75,53.75,0,0.119723589477718,4.239517571357603,0.8256,25.575867531718256,25.575867531718256,0.655791475172263,15.50389014580064,0.1539184127777361,4.0,181
A12F13,1.25,-23.5,21.44906757880165,16.25,14.0,0,0.08798736492985308,3.1156940372472572,0.9936,23.533221198977415,23.533221198977415,0.6034159281789081,12.302141091136843,0.0830174578750018,4.0,181
A12F13,13.5,9.0,54.53897688809353,28.5,46.5,0,0.10873710086603636,3.850469539367471,0.7376,16.224980739587952,16.224980739587952,0.41602514716892186,12.258368999591426,0.20497263112217823,4.0,181
A12F13,0.75,0.5,38.885247845423336,8.25,38.0,0,0.866162891370366,30.935152590697207,0.8832,0.9013878188659973,0.9013878188659973,0.023112508176051212,37.639553002111086,0.8390595016373541,4.0,182
A12F13,9.0,-11.25,31.005039912891583,16.5,26.25,0,0.2464047531885572,8.799501486828897,0.9408,14.40702953422391,14.40702953422391,0.36941101369804896,21.912692159953536,0.2345099102490732,4.0,182
A12F13,-8.5,10.75,48.26036158173704,-1.0,48.25,0,0.23215663137728543,8.290659457262077,0.8368,13.704470073665746,13.704470073665746,0.351396668555532,20.944647956517855,0.17053902421687014,4.0,182
A12F13,-11.0,-11.75,25.986775482925925,-3.5,25.75,0,0.1660567318294025,5.930069848739733,0.8704,16.095418602819873,16.095418602819873,0.4127030410979455,17.85458175772621,0.1834099559037659,4.0,182
A12F13,-2.5,24.75,62.45048038245983,5.0,62.25,0,0.1326521135624244,4.7371282342847385,0.9984,24.875942193211497,24.875942193211497,0.6378446716208076,17.570801575547975,0.23709416749598974,4.0,182
A12F13,22.25,-10.25,40.34383472105744,29.75,27.25,0,0.12699055738417442,4.534944719500894,0.9168,24.497448846767696,24.497448846767696,0.6281397140196845,17.087921336935196,0.13310586947260591,4.0,182
A12F13,-12.0,0.5,38.265519727294965,-4.5,38.0,0,0.16454064066376997,5.875927107402558,0.8192,12.010412149464313,12.010412149464313,0.30795928588370036,16.340366168183994,0.1477568643945712,4.0,182
A12F13,-19.75,16.25,55.1282595408199,-12.25,53.75,0,0.1077926139960665,3.849357244436433,0.92,25.575867531718256,25.575867531718256,0.655791475172263,13.727726680203391,0.18278224117439795,4.0,182
A12F13,3.75,-24.25,17.381743295768697,11.25,13.25,1,0.08948658443832681,3.195625336154144,0.8704,24.538235470383768,24.538235470383768,0.629185524881635,12.832141301147752,0.04268615635893131,4.0,182
A12F13,-21.25,-13.25,27.876961814372812,-13.75,24.25,0,0.08255654836938833,2.9481458306649535,0.9024,25.042463936282306,25.042463936282306,0.6421144599046745,11.80835088085329,0.12382678391749208,4.0,182
A12F13,0.25,1.75,33.5503353187416,-32.25,9.25,0,0.9120064100901132,31.233216760218948,0.9536,1.7677669529663689,1.7677669529663689,0.04532735776836843,35.619226709294615,0.92312282855234,4.0,183
A12F13,5.25,-11.5,27.542013361408422,-27.25,-4.0,0,0.3558847297126684,12.186825038741103,0.8528,12.641696879770532,12.641696879770532,0.32414607384027005,24.696592923993528,0.16953135937372657,4.0,183
A12F13,-8.75,12.0,45.62688352276539,-41.25,19.5,0,0.2563358628695938,8.777763240657388,0.8976,14.851346740279146,14.851346740279146,0.38080376257126014,22.888440490880978,0.18380253408962327,4.0,183
A12F13,-15.75,-2.25,48.53478134286792,-48.25,5.25,0,0.17282782236167815,5.918102785567819,0.9776,15.90990257669732,15.90990257669732,0.4079462199153159,17.372962711059458,0.30359842593042063,4.0,183
A12F13,-20.75,13.75,57.3334544572364,-53.25,21.25,0,0.11224980926132704,3.8437077724815696,0.9488,24.892267875788257,24.892267875788257,0.6382632788663656,15.572861762327875,0.09429898855205536,4.0,183
A12F13,-3.0,25.25,48.29919771590414,-35.5,32.75,0,0.11221417185654699,3.8424874393375847,1.0,25.427593279742382,25.427593279742382,0.6519895712754457,15.513878806949029,0.2791203273623375,4.0,183
A12F13,1.75,-21.75,33.89137058308501,-30.75,-14.25,0,0.11587917987374632,3.967988533229456,0.976,21.820288724029297,21.820288724029297,0.5594945826674179,15.112964606102235,0.12211227233715223,4.0,183
A12F13,22.25,-9.5,10.443299287102711,-10.25,-2.0,1,0.10870999747199889,3.722493915295271,0.9888,24.193232524819827,24.193232524819827,0.6203392955082007,14.644204647705921,0.2280047355579207,4.0,183
A12F13,1.5,15.0,38.30469945058961,-31.0,22.5,0,0.11676763155913025,3.998411860245931,0.8272,15.074813431681335,15.074813431681335,0.38653367773541886,12.813600679545694,0.27688592517585414,4.0,183
A12F13,-12.0,-12.5,44.78001786511479,-44.5,-5.0,0,0.11098138957050543,3.8002732322370343,0.9648,17.327723451163457,17.327723451163457,0.44430060131188354,12.110781320352373,0.02014841054542114,4.0,183
A12F13,-0.25,1.75,38.86675957679004,-37.75,9.25,0,0.9127580976553488,31.29368926449969,0.944,1.7677669529663689,1.7677669529663689,0.04532735776836843,35.870262565413086,0.783439003111758,4.0,184
A12F13,5.5,-11.25,32.21897732703507,-32.0,-3.75,0,0.3792265606246924,13.000609210686935,0.8608,12.522479786368194,12.522479786368194,0.32108922529149214,25.17301500900696,0.19813150494774986,4.0,184
A12F13,-6.5,13.75,48.86269026568226,-44.0,21.25,0,0.241249373944646,8.27031045218609,0.9072,15.20896117425513,15.20896117425513,0.3899733634424392,22.138483635928118,0.05800450732355136,4.0,184
A12F13,-14.5,-3.0,52.19434835305447,-52.0,4.5,0,0.1886960133299383,6.46866685691969,0.9776,14.807092894960848,14.807092894960848,0.3796690485887397,18.153369369207756,0.43665226400103213,4.0,184
A12F13,-3.25,25.0,52.1230515223351,-40.75,32.5,0,0.11897935518029583,4.078673606370778,1.0,25.21036493190846,25.21036493190846,0.6464196136386785,16.142640991042224,0.19435683031286358,4.0,184
A12F13,-21.0,13.5,62.15504806530198,-58.5,21.0,0,0.10712765395524301,3.672384397955548,0.928,24.964975465639856,24.964975465639856,0.6401275760420476,15.033192750811697,0.08244264774007269,4.0,184
A12F13,3.0,-21.5,37.23237838226293,-34.5,-14.0,0,0.10791366546867957,3.6993296810669456,1.0,21.70829334609241,21.70829334609241,0.5566229063100618,14.273335394960231,0.13312243824640435,4.0,184
A12F13,19.5,-10.75,18.291049723840345,-18.0,-3.25,1,0.11105584695463606,3.8070469601558194,1.0,22.266847554155483,22.266847554155483,0.5709448090809098,14.166411697802825,0.2619690415559343,4.0,184
A12F13,-11.25,-13.25,49.08793130699235,-48.75,-5.75,0,0.11326890036008634,3.8829128168339935,0.9776,17.381743295768697,17.381743295768697,0.44568572553253066,13.097902237537726,0.07642288571100682,4.0,184
A12F13,10.25,11.5,33.21991119795476,-27.25,19.0,0,0.11887813898078615,4.075203798610245,0.6512,15.404950503003896,15.404950503003896,0.39499873084625375,12.246833369452903,0.13887610583249363,4.0,184
A12F13,-1.25,1.5,38.90774344523208,-38.75,-3.5,0,0.9010932809332026,30.433092745487002,0.9408,1.9525624189766635,1.9525624189766635,0.05006570305068368,36.37386707264978,0.8674597538094635,4.0,185
A12F13,5.25,-11.25,36.11267090648378,-32.25,-16.25,0,0.3854390999534579,13.016604896221613,0.8656,12.414709017935136,12.414709017935136,0.31832587225474707,26.655901862718103,0.20986505155283722,4.0,185
A12F13,-10.0,12.0,48.0130190677487,-47.5,7.0,0,0.2696786919454591,9.107116001695294,0.8432,15.620499351813308,15.620499351813308,0.40052562440546946,23.268613251371328,0.1726691657804324,4.0,185
A12F13,-15.5,1.75,53.09955272881307,-53.0,-3.25,0,0.1742564946218394,5.884598631681682,0.968,15.598477489806497,15.598477489806497,0.39996096127708963,16.88819033812084,0.17521943520398425,4.0,185
A12F13,-22.75,12.25,60.684635617263126,-60.25,7.25,0,0.12285426233185938,4.148725247787437,0.9296,25.83844035540845,25.83844035540845,0.6625241116771398,16.483232503853667,0.07401947519505575,4.0,185
A12F13,-4.5,25.25,46.62684312710866,-42.0,20.25,0,0.12618741425685875,4.261286254461691,0.9536,25.64785566085399,25.64785566085399,0.6576373246372818,16.286961549718367,0.12425468273412317,4.0,185
A12F13,6.75,-21.5,40.59325682918285,-30.75,-26.5,0,0.12117931029552147,4.0921619267553115,0.912,22.534695471649933,22.534695471649933,0.5778127044012803,15.88811854886826,0.00255137235449553,4.0,185
A12F13,-15.25,-9.25,54.64087297984907,-52.75,-14.25,0,0.1408711946302539,4.757160942930371,0.8816,17.83605898173697,17.83605898173697,0.4573348456855633,15.355486256968412,0.22959727885489783,4.0,185
A12F13,17.0,-14.25,28.121388657034704,-20.5,-19.25,0,0.11082629291821279,3.7425399964015447,0.9152,22.182481826883123,22.182481826883123,0.5687815853046955,14.256450603659028,0.003106165413493015,4.0,185
A12F13,-3.5,-21.5,48.81854155953453,-41.0,-26.5,0,0.10091775471554856,3.4079291915433823,0.952,21.783020910791965,21.783020910791965,0.5585389977126145,13.341359679677062,0.03767824220026705,4.0,185
A12F13,-0.75,1.5,38.71772849742092,-38.25,-6.0,0,0.906177231127576,31.034670719946135,0.9088,1.6770509831248424,1.6770509831248424,0.04300130725961134,36.85043772720297,0.921976242996448,4.0,186
A12F13,4.0,-11.5,38.51298482330343,-33.5,-19.0,0,0.32568640578494845,11.153068678719151,0.8352,12.175795661885921,12.175795661885921,0.31219988876630567,24.69948036282092,0.09946921326526859,4.0,186
A12F13,-9.5,12.5,47.265209192385896,-47.0,5.0,0,0.26652913217975854,9.12715509690064,0.8496,15.700318468107582,15.700318468107582,0.4025722684130149,23.406039199116428,0.19292878188179421,4.0,186
A12F13,1.0,-22.25,47.08834781556898,-36.5,-29.75,0,0.13132524247631377,4.497071733945958,0.9392,22.272460573542386,22.272460573542386,0.571088732654933,17.102952369480054,0.07845584579245134,4.0,186
A12F13,-16.5,2.25,54.254608099220476,-54.0,-5.25,0,0.16379452000766642,5.608970641371217,0.9856,16.65270248338089,16.65270248338089,0.42699237136874074,16.51937010608016,0.14513224254929968,4.0,186
A12F13,-4.25,25.5,45.46495903440363,-41.75,18.0,0,0.12156619388260916,4.162878768872139,0.9792,25.851740753767434,25.851740753767434,0.6628651475324983,16.190650644203075,0.14399271537316558,4.0,186
A12F13,-22.5,12.5,60.207972893961475,-60.0,5.0,0,0.11697284720083839,4.005582624426991,0.9568,25.739075352467502,25.739075352467502,0.6599762910889103,15.861616803505969,0.09640387476600303,4.0,186
A12F13,-6.25,-12.0,47.89898224388489,-43.75,-19.5,0,0.1651155139879479,5.654207850260214,0.8944,13.530059127734809,13.530059127734809,0.34692459301884127,15.489592689973417,0.5189636383767022,4.0,186
A12F13,22.0,-9.25,22.82131678935289,-15.5,-16.75,0,0.09734179325775283,3.3333325929616753,0.9472,23.865508584566136,23.865508584566136,0.6119361175529778,12.77498106032578,0.207730913065994,4.0,186
A12F13,0.75,15.25,37.558288033402164,-36.75,7.75,0,0.12056973260132238,4.128755586742964,0.7792,15.26843148460247,15.26843148460247,0.39149824319493515,12.697197913873923,0.25416956363299986,4.0,186
A12F13,-0.25,1.25,23.908680432010463,22.25,8.75,0,0.8795061709057851,30.58218416084453,0.8864,1.2747548783981961,1.2747548783981961,0.03268602252303067,37.34564425405216,0.9248076006577952,4.0,187
A12F13,8.25,-10.25,30.872722588071174,30.75,-2.75,0,0.28853363078210387,10.0319527477155,0.8608,13.157697366940766,13.157697366940766,0.33737685556258373,23.347793932482453,0.22570296798035352,4.0,187
A12F13,-6.75,14.25,26.853770684952234,15.75,21.75,0,0.2503838457962281,8.705480037151474,0.856,15.767847031221478,15.767847031221478,0.40430377003131995,22.44241399571782,0.07447339813842396,4.0,187
A12F13,-13.25,-4.5,9.724325169388361,9.25,3.0,1,0.22817374260909362,7.933239388825095,0.9216,13.99330196915653,13.99330196915653,0.3588026145937572,20.422631955019387,0.24856713468132807,4.0,187
A12F13,-3.75,25.5,37.95474278663998,18.75,33.0,0,0.1323654559433185,4.602067417547014,0.9552,25.774260416159375,25.774260416159375,0.6608784722092148,17.57466608785402,0.15237549482519894,4.0,187
A12F13,20.75,-10.5,43.353921391265175,43.25,-3.0,0,0.12891001894855503,4.4819267213395335,0.896,23.25537572261519,23.25537572261519,0.5962916851952613,16.52514298710728,0.12667744966767053,4.0,187
A12F13,-19.25,-14.75,7.945124291035352,3.25,-7.25,1,0.10207433861380585,3.5488922348354244,0.9664,24.25128862555555,24.25128862555555,0.6218279134757834,13.839117716834439,0.1792561908234984,4.0,187
A12F13,-20.25,16.0,23.607467039053553,2.25,23.5,0,0.09758471970444418,3.392796004734049,0.9856,25.808186685623614,25.808186685623614,0.6617483765544516,13.301242662508583,0.06535759127382959,4.0,187
A12F13,-23.5,-4.5,3.1622776601683795,-1.0,3.0,1,0.08865580454483138,3.0823538341869403,1.0,23.926972228010797,23.926972228010797,0.6135121084105333,11.874496595131134,0.589478279372738,4.0,187
A12F13,-22.75,5.75,13.252358280698571,-0.25,13.25,1,0.08946514860601845,3.11049322179684,1.0,23.46540006051463,23.46540006051463,0.6016769246285802,11.81097971654202,0.07282274708856191,4.0,187
A12F13,-0.25,1.25,23.908680432010463,22.25,8.75,0,0.8752786484921776,30.948859095191143,0.88,1.2747548783981961,1.2747548783981961,0.03268602252303067,37.42559534868627,0.8854551255993152,4.0,188
A12F13,7.75,-10.75,30.424085853152597,30.25,-3.25,0,0.28412149979433465,10.045259006926122,0.8656,13.252358280698571,13.252358280698571,0.33980405847945055,23.253709165724143,0.2813565605598094,4.0,188
A12F13,-6.75,14.25,26.853770684952234,15.75,21.75,0,0.23554326104283255,8.327685836035506,0.8832,15.767847031221478,15.767847031221478,0.40430377003131995,21.743349645420995,0.10671461452214252,4.0,188
A12F13,-13.0,-4.25,10.040542814011602,9.5,3.25,1,0.237032099330804,8.380326059514386,0.9024,13.67707936658993,13.67707936658993,0.35069434273307515,21.19110086924909,0.31363204097238007,4.0,188
A12F13,-3.75,25.5,37.95474278663998,18.75,33.0,0,0.1282370959845467,4.533773643940455,0.9872,25.774260416159375,25.774260416159375,0.6608784722092148,17.230326602224412,0.19740661094052225,4.0,188
A12F13,21.25,-10.25,43.836343369400694,43.75,-2.75,0,0.1246041722995377,4.405330439552444,0.8992,23.592901474808052,23.592901474808052,0.6049461916617449,16.004959348271488,0.13274299099570133,4.0,188
A12F13,-19.75,-14.5,7.520804478245662,2.75,-7.0,1,0.10558046466065997,3.732743486968218,0.9424,24.501275477003233,24.501275477003233,0.6282378327436726,14.969406485601834,0.1742174495402311,4.0,188
A12F13,-23.25,-4.25,3.3354160160315836,-0.75,3.25,1,0.09286374874987292,3.283143770206208,1.0,23.635249099596983,23.635249099596983,0.6060320281947944,12.953786284622069,0.4012444333305818,4.0,188
A12F13,9.25,12.0,37.26006575410194,31.75,19.5,0,0.12360543816504267,4.37001989405533,0.7024,15.15132007450176,15.15132007450176,0.38849538652568616,12.641536537716291,0.17692445300778556,4.0,188
A12F13,-22.0,6.0,13.509256086106296,0.5,13.5,1,0.09261354038023822,3.2742976672932724,0.9872,22.80350850198276,22.80350850198276,0.5847053462046861,12.501587724975076,0.056002896955110314,4.0,188
A12F13,-1.5,-3.0,26.004807247891687,16.0,-20.5,0,0.8528788070997985,30.748953847303365,0.9424,3.3541019662496847,3.3541019662496847,0.08600261451922268,35.57336346499938,0.5301989094339499,4.0,189
A12F13,2.0,-14.75,37.68703357920334,19.5,-32.25,0,0.25119021735124314,9.055301498440791,0.872,14.884975646604197,14.884975646604197,0.38166604222062045,22.852005749304762,0.07198469529682379,4.0,189
A12F13,-12.25,5.5,13.098186897429736,5.25,-12.0,1,0.22013427353494272,7.935707417837053,0.7888,13.428049001995785,13.428049001995785,0.34430894876912266,19.738865119568406,0.050113279946527374,4.0,189
A12F13,-14.5,-4.75,22.45133626312697,3.0,-22.25,0,0.18204598966737576,6.562606855365389,0.8944,15.258194519667128,15.258194519667128,0.39123575691454177,18.80946926110931,0.1480923741121628,4.0,189
A12F13,-8.25,-15.0,33.79071618063163,9.25,-32.5,0,0.14001281025861156,5.0473108492756165,1.0,17.11906831576999,17.11906831576999,0.43895046963512796,16.380375086797947,0.3067758409039026,4.0,189
A12F13,12.25,-10.5,40.85416135475063,29.75,-28.0,0,0.15255440675714865,5.499433184477984,0.9936,16.134202800262553,16.134202800262553,0.41369750769903985,16.097327569012716,0.011155259186406363,4.0,189
A12F13,-2.0,19.5,15.628499608087784,15.5,2.0,1,0.125955248890416,4.540540457858763,0.776,19.60229578391266,19.60229578391266,0.5026229688182733,15.947716368752383,0.13540956826126813,4.0,189
A12F13,-4.25,-25.25,44.75628447492039,13.25,-42.75,0,0.09014075946380666,3.249450630471732,1.0,25.605175258138733,25.605175258138733,0.6565429553368906,13.435899202521853,0.41058288095309103,4.0,189
A12F13,-20.0,-20.75,38.33161228020548,-2.5,-38.25,0,0.08388003705804371,3.0237570801368694,0.944,28.819481258343288,28.819481258343288,0.7389610579062381,13.392126046902293,0.11322701118390782,4.0,189
A12F13,8.25,10.25,26.75116819879087,25.75,-7.25,0,0.1356184283623273,4.888894598970279,0.6608,13.157697366940766,13.157697366940766,0.33737685556258373,12.586061124183715,0.18136120499866998,4.0,189
A12F13,-1.25,-3.0,29.67427336936829,18.75,-23.0,0,0.8584482532879554,31.04070412177761,0.9392,3.25,3.25,0.08333333333333333,35.748025229066876,0.5781929092642238,4.0,190
A12F13,2.0,-14.75,41.12860926411201,22.0,-34.75,0,0.2519743380360778,9.110253458014576,0.8512,14.884975646604197,14.884975646604197,0.38166604222062045,22.978664002586534,0.06850763332055508,4.0,190
A12F13,-12.5,5.0,16.77050983124842,7.5,-15.0,1,0.21900784383667235,7.918291086986085,0.7904,13.46291201783626,13.46291201783626,0.3452028722522118,19.770335690938815,0.04943797359966213,4.0,190
A12F13,-12.25,-11.25,32.19666131759627,7.75,-31.25,0,0.16889571400143624,6.106422434664762,0.936,16.632047378479896,16.632047378479896,0.4264627532943563,18.74719028296106,0.14750277357175334,4.0,190
A12F13,12.25,-10.25,44.216795451502364,32.25,-30.25,0,0.1535650668485592,5.552129087063897,0.9904,15.972632844963288,15.972632844963288,0.409554688332392,16.114852966366094,0.009809707481272403,4.0,190
A12F13,-2.0,19.75,18.001736027394692,18.0,-0.25,1,0.12671597131989915,4.581382600472944,0.752,19.851007531105317,19.851007531105317,0.5090001931052646,16.08656123272493,0.16226741800381858,4.0,190
A12F13,-8.25,-21.5,43.131340113657494,11.75,-41.5,0,0.10379866783200448,3.75279938661651,1.0,23.028514932578695,23.028514932578695,0.5904747418609921,14.770989286891433,0.12532612918224875,4.0,190
A12F13,-19.0,-21.5,41.512046444375635,1.0,-41.5,0,0.08354768977352611,3.0206233069808763,0.9648,28.692333470807146,28.692333470807146,0.7357008582258242,13.249688880370954,0.08049844481763278,4.0,190
A12F13,-22.75,0.25,19.940536602609267,-2.75,-19.75,1,0.09521862712844593,3.4425865861042046,1.0,22.75137358490691,22.75137358490691,0.5833685534591516,13.24616769363557,0.23537085580467448,4.0,190
A12F13,8.25,10.25,29.88519700453721,28.25,-9.75,0,0.1360464124743685,4.918729788871739,0.6608,13.157697366940766,13.157697366940766,0.33737685556258373,12.699383002721307,0.18023286630240776,4.0,190
A12F13,-0.5,-3.5,21.095023109728988,-18.0,-11.0,0,0.8795735327184058,31.86106979102524,0.9056,3.5355339059327378,3.5355339059327378,0.09065471553673686,36.442443381874874,0.6238054214744384,4.0,191
A12F13,5.0,-14.25,25.086101729842362,-12.5,-21.75,0,0.2621120470257001,9.493602087011121,0.8784,15.101738310538956,15.101738310538956,0.3872240592445886,23.73123730198662,0.14132636986145294,4.0,191
A12F13,-12.5,5.75,30.05099831952343,-30.0,-1.75,0,0.2647861355480583,9.590460814223277,0.8048,13.759087905817013,13.759087905817013,0.35279712579017986,21.415296722788277,0.15708864242197937,4.0,191
A12F13,-5.25,-14.5,31.647472252930406,-22.75,-22.0,0,0.17572380672952628,6.3645612116754195,0.9984,15.421170513291136,15.421170513291136,0.39541462854592657,19.04818929331214,0.16377372475740756,4.0,191
A12F13,-15.5,-4.5,35.11409973215888,-33.0,-12.0,0,0.1543715731890024,5.591182497106842,0.9952,16.140012391568973,16.140012391568973,0.41384647157869164,16.415652653176394,0.3195294394690337,4.0,191
A12F13,-2.0,19.5,22.89650628371062,-19.5,12.0,0,0.12434551874272916,4.503646858585343,0.728,19.60229578391266,19.60229578391266,0.5026229688182733,15.630608390333347,0.16148063811873317,4.0,191
A12F13,-2.5,-26.0,39.01602234979881,-20.0,-33.5,0,0.09944914573721939,3.601915060896951,1.0,26.119915773217954,26.119915773217954,0.6697414300825116,14.554359039626476,0.2852229048837524,4.0,191
A12F13,16.75,-13.0,20.513714924410937,-0.75,-20.5,0,0.10225974306267538,3.70371285134441,1.0,21.20288895410246,21.20288895410246,0.5436638193359605,14.054592607425258,0.20706361825114541,4.0,191
A12F13,-17.75,-22.5,46.28782237262842,-35.25,-30.0,0,0.08580383943206828,3.1076933325039424,0.9728,28.658550207573306,28.658550207573306,0.7348346207070079,13.593773410609497,0.0904463185575108,4.0,191
A12F13,7.75,-25.25,34.170528237064175,-9.75,-32.75,0,0.08617602065930112,3.1211733998087454,0.9984,26.412591694114383,26.412591694114383,0.6772459408747278,12.867253217564462,0.008868068535452139,4.0,191
A12F13,-0.75,-3.5,19.210999453438127,-15.75,-11.0,0,0.8842336698745583,32.20271847621649,0.9168,3.5794552658190883,3.5794552658190883,0.0917809042517715,36.62973237287964,0.5722893692796858,4.0,192
A12F13,5.25,-14.0,23.607467039053553,-9.75,-21.5,0,0.27271964338098464,9.931113338745948,0.8512,14.95200655430568,14.95200655430568,0.3833847834437354,24.25016167653358,0.150723458411999,4.0,192
A12F13,-12.25,6.0,27.291253177529242,-27.25,-1.5,0,0.2572145492456287,9.366469727938142,0.8096,13.64047286570374,13.64047286570374,0.34975571450522414,21.0570701543252,0.11410550087520557,4.0,192
A12F13,-5.0,-14.75,29.917595157365174,-20.0,-22.25,0,0.17765278460994935,6.469142266255523,0.9952,15.574418127172521,15.574418127172521,0.39934405454288513,19.298113554307463,0.1643849340178978,4.0,192
A12F13,-14.5,-4.25,31.753936763809303,-29.5,-11.75,0,0.16992390559404139,6.1876908690850225,0.8656,15.110013236261576,15.110013236261576,0.3874362368272199,17.420441637711793,0.19245839564324188,4.0,192
A12F13,-2.0,19.5,20.808652046684813,-17.0,12.0,0,0.12537523391076139,4.565440430330383,0.7152,19.60229578391266,19.60229578391266,0.5026229688182733,15.773976351261812,0.1554125498347305,4.0,192
A12F13,-2.75,-25.25,37.250838916727766,-17.75,-32.75,0,0.10280929569224155,3.7437055714572347,1.0,25.399311014277533,25.399311014277533,0.6512643849814752,14.82802451556367,0.7468721884221174,4.0,192
A12F13,16.75,-13.25,20.8236644229588,1.75,-20.75,0,0.10405729256002721,3.7891510078872885,1.0,21.357083134173543,21.357083134173543,0.5476175162608601,14.346068909249745,0.18277760232244164,4.0,192
A12F13,-17.75,-22.25,44.24505622100621,-32.75,-29.75,0,0.08580633848676587,3.1245497898327126,0.9808,28.462694882951613,28.462694882951613,0.7298126893064516,13.474184374333873,0.07853346915721922,4.0,192
A12F13,7.5,-25.0,33.354160160315836,-7.5,-32.5,0,0.08694197301054475,3.1659033511993684,1.0,26.100766272276374,26.100766272276374,0.6692504172378557,12.865921305371543,0.010934390087365978,4.0,192
A12F13,2.25,-0.5,23.325147373596593,-7.75,22.0,0,0.8800139350663357,34.767489560964854,0.9312,2.3048861143232218,2.3048861143232218,0.05909964395700568,36.536149494473406,0.527810263996548,4.0,193
A12F13,3.75,-12.75,11.58123482190047,-6.25,9.75,1,0.28837490062141197,11.391871905615528,0.728,13.290033860002012,13.290033860002012,0.3407700989744106,24.53968942428404,0.044050403044804266,4.0,193
A12F13,-8.25,10.0,37.27348253115075,-18.25,32.5,0,0.28506216128470513,11.260999786936566,0.816,12.963892162464173,12.963892162464173,0.33240749134523523,23.971087629871064,0.20035165284768333,4.0,193
A12F13,17.25,-12.75,12.150102880222867,7.25,9.75,1,0.12480185426685676,4.92998860046155,1.0,21.450524469112636,21.450524469112636,0.5500134479259651,17.444452756356846,0.26742442673303174,4.0,193
A12F13,-6.5,-20.25,16.65270248338089,-16.5,2.25,1,0.11940174963896168,4.7166662481115225,0.9024,21.267639737403865,21.267639737403865,0.5453240958308684,16.783846096676825,0.06494580398935383,4.0,193
A12F13,-1.25,20.25,44.205486084874124,-11.25,42.75,0,0.12031796945988883,4.752859993149791,0.9888,20.288543565273482,20.288543565273482,0.5202190657762431,16.558184801642962,0.3197244663407314,4.0,193
A12F13,-20.0,5.25,40.86639817747583,-30.0,27.75,0,0.10787869154713194,4.261467958999642,0.9248,20.677584481752216,20.677584481752216,0.5301944738910824,15.535791355108266,0.03366112946407987,4.0,193
A12F13,3.75,-23.0,6.269968101992227,-6.25,-0.5,1,0.10136685005005557,4.004229864369384,0.9264,23.3037014227354,23.3037014227354,0.5975308057111641,15.117180138902956,0.12261463385181637,4.0,193
A12F13,-20.25,-5.0,34.94728172547902,-30.25,17.5,0,0.08975102686840256,3.5453700323917476,1.0,20.858151883616152,20.858151883616152,0.534824407272209,12.985309454658578,0.02699632227494646,4.0,193
A12F13,-18.5,15.5,47.5,-28.5,38.0,0,0.07898957161623407,3.120262002825767,1.0,24.13503677229434,24.13503677229434,0.618847096725496,11.746352033576677,0.05206355874926871,4.0,193
A12F13,2.25,-0.5,22.36766639593858,-20.25,9.5,0,0.8738554993163852,34.808541321974616,0.9328,2.3048861143232218,2.3048861143232218,0.05909964395700568,36.46353571701147,0.5483660075266716,4.0,194
A12F13,3.0,-13.0,19.72941965694886,-19.5,-3.0,1,0.28359746246092776,11.29541316244084,0.7152,13.341664064126334,13.341664064126334,0.3420939503622137,24.368750268911764,0.06004167872618207,4.0,194
A12F13,-8.0,10.0,36.47259244967377,-30.5,20.0,0,0.28463307805554605,11.336662857741068,0.8208,12.806248474865697,12.806248474865697,0.32836534550937685,24.093617785088725,0.17618408314048134,4.0,194
A12F13,13.25,-8.75,9.334077351297235,-9.25,1.25,1,0.16282529276687185,6.485032410259998,0.9392,15.878444508200417,15.878444508200417,0.40713960277436967,18.469740462774812,0.16188612544247186,4.0,194
A12F13,-1.25,20.25,38.459394170995466,-23.75,30.25,0,0.11952885401071843,4.760577439626115,0.9904,20.288543565273482,20.288543565273482,0.5202190657762431,16.616582783775318,0.357449295839267,4.0,194
A12F13,-7.25,-20.0,31.385705344949635,-29.75,-10.0,0,0.11386379863073508,4.534945803803438,0.9072,21.273516399504807,21.273516399504807,0.5454747794744822,16.213386275790363,0.03772622061887414,4.0,194
A12F13,-20.0,5.25,45.153211402955606,-42.5,15.25,0,0.10750609310689735,4.281727383437801,0.9184,20.677584481752216,20.677584481752216,0.5301944738910824,15.55038681054777,0.03608492206519723,4.0,194
A12F13,3.0,-23.25,23.575676024241595,-19.5,-13.25,0,0.10009498135854912,3.986554018703819,0.9232,23.442749412131676,23.442749412131676,0.601096138772607,14.97593361216065,0.02440316653446541,4.0,194
A12F13,23.5,-11.5,1.8027756377319946,1.0,-1.5,1,0.0923419721793461,3.6777642445934324,0.9968,26.16295090390226,26.16295090390226,0.6708448949718528,14.202072282580161,0.4880052435843248,4.0,194
A12F13,-20.25,-5.0,43.04140448451932,-42.75,5.0,0,0.08893108264050181,3.541914324025319,1.0,20.858151883616152,20.858151883616152,0.534824407272209,12.944819399206079,0.016281119652607392,4.0,194
A11F14,-0.4000000000000057,0.09999999999999432,16.26099627944119,-12.900000000000006,-9.900000000000006,0,0.777432784869541,24.31621285911306,0.8016,0.41231056256177023,0.41231056256177023,0.012456512464101819,35.17293512661522,0.6345969049656922,4.0,195
A11F14,-7.150000000000006,10.349999999999994,19.65311680115905,-19.650000000000006,0.3499999999999943,1,0.2352072816769994,7.355929957978574,0.7632,12.579546891680955,12.579546891680955,0.38004673388764215,20.91312244638838,0.20935173176812313,4.0,195
A11F14,-3.6500000000000057,-10.150000000000006,25.82334215395057,-16.150000000000006,-20.150000000000006,0,0.19351669747651942,6.052038882106763,0.6896,10.786333946248844,10.786333946248844,0.3258711162008714,18.076587319113,0.25907869574230724,4.0,195
A11F14,11.849999999999994,-7.150000000000006,17.162313363879598,-0.6500000000000057,-17.150000000000006,1,0.16093088929344104,5.032918489508794,0.936,13.839978323682447,13.839978323682447,0.41812623334388055,15.985857328813683,0.25593783526582925,4.0,195
A11F14,0.5999999999999943,23.099999999999994,17.698022488402483,-11.900000000000006,13.099999999999994,1,0.10398928047701711,3.2521023184423616,0.8768,23.107790893982052,23.107790893982052,0.6981205708151678,15.85010947038731,0.13851037474444353,4.0,195
A11F14,8.849999999999994,10.349999999999994,3.6667424234598256,-3.6500000000000057,0.3499999999999943,1,0.15887516097097198,4.9686260715831,0.7184,13.617819208669198,13.617819208669198,0.411414477603299,15.407959901031523,0.24444731304716316,4.0,195
A11F14,22.099999999999994,-4.400000000000006,17.30664612222715,9.599999999999994,-14.400000000000006,1,0.08906760057463557,2.7854419219823154,0.7584,22.533752461585262,22.533752461585262,0.6807780199874701,13.92312537757176,0.13881002479989415,4.0,195
A11F14,-13.900000000000006,-15.150000000000006,36.462069332389795,-26.400000000000006,-25.150000000000006,0,0.12646289075108097,3.9549468366583884,0.88,20.56045962521267,20.56045962521267,0.6211619222118631,13.472564076926446,0.22172464714868342,4.0,195
A11F14,-17.400000000000006,13.849999999999994,30.14684892322911,-29.900000000000006,3.8499999999999943,0,0.0804121641529469,2.5147531851107114,0.824,22.23921086729473,22.23921086729473,0.6718794823956111,12.2651005572009,0.12144976603639723,4.0,195
A11F14,10.599999999999994,-19.650000000000006,29.71081452939317,-1.9000000000000057,-29.650000000000006,0,0.08015046575846364,2.506568885636308,0.6992,22.32672165813871,22.32672165813871,0.6745233129347041,11.898595187971202,0.12435926638863293,4.0,195
A11F14,-0.6500000000000057,0.09999999999999432,18.51843675907878,-15.650000000000006,-9.900000000000006,0,0.792950627233767,24.969880731388365,0.7808,0.6576473218983,0.6576473218983,0.019868499151006042,35.56555505875576,0.5266525607234711,4.0,196
A11F14,-7.150000000000006,10.349999999999994,22.152765064433837,-22.150000000000006,0.3499999999999943,0,0.23844407379774343,7.507739971775115,0.7632,12.579546891680955,12.579546891680955,0.38004673388764215,21.262639132031236,0.26689749120313994,4.0,196
A11F14,-3.6500000000000057,-10.150000000000006,27.456237906894682,-18.650000000000006,-20.150000000000006,0,0.1888005864066643,5.9445880517689105,0.7168,10.786333946248844,10.786333946248844,0.3258711162008714,17.96259609714978,0.23502487253449728,4.0,196
A11F14,6.599999999999994,-10.150000000000006,21.830769569577715,-8.400000000000006,-20.150000000000006,0,0.18086586264920262,5.694745865303648,0.8736,12.107126000831082,12.107126000831082,0.3657741994208786,16.048531828410862,0.7476520229111175,4.0,196
A11F14,1.3499999999999943,23.099999999999994,18.919104101410298,-13.650000000000006,13.099999999999994,1,0.10287424431580444,3.2390503793923355,0.8976,23.139414426471554,23.139414426471554,0.6990759645459683,15.613112359284461,0.16710220902107298,4.0,196
A11F14,20.099999999999994,-6.900000000000006,17.65276182357877,5.099999999999994,-16.900000000000006,1,0.10390683773892365,3.271562801458719,0.8832,21.2513528981098,21.2513528981098,0.6420348307586042,15.349087573493158,0.17504669584907143,4.0,196
A11F14,8.849999999999994,10.349999999999994,6.159951298508785,-6.150000000000006,0.3499999999999943,1,0.1539147502291684,4.846136814485687,0.7168,13.617819208669198,13.617819208669198,0.411414477603299,14.986320026807247,0.21823897150744592,4.0,196
A11F14,-15.400000000000006,-19.650000000000006,42.4650738843111,-30.400000000000006,-29.650000000000006,0,0.1031377487794721,3.2473471270223446,0.9472,24.96562636906994,24.96562636906994,0.7542485307876114,12.920418078826174,0.21791225190231658,4.0,196
A11F14,-17.400000000000006,13.599999999999994,32.59938649729471,-32.400000000000006,3.5999999999999943,0,0.08055740606403546,2.5363816449516414,0.8416,22.084383622822713,22.084383622822713,0.667201922139659,12.101792029040572,0.12285455457452621,4.0,196
A11F14,9.349999999999994,-20.400000000000006,30.920583759043108,-5.650000000000006,-30.400000000000006,0,0.08048434741286171,2.534081327941696,0.7808,22.44064393015495,22.44064393015495,0.6779650734185785,11.614724484736046,0.10476900562248578,4.0,196
A11F14,-0.15000000000000568,1.3499999999999943,29.25482866126547,4.849999999999994,28.849999999999994,0,0.8217807810510881,26.78425249121772,0.7104,1.3583077707206075,1.3583077707206075,0.04103648854140808,36.83185173111155,0.4406565571589506,4.0,197
A11F14,-5.150000000000006,11.849999999999994,39.350285894768284,-0.15000000000000568,39.349999999999994,0,0.19414598663900184,6.326975695946297,0.8704,12.920719794191031,12.920719794191031,0.3903540723320553,20.064546263695085,0.05163878894111019,4.0,197
A11F14,-10.650000000000006,-4.900000000000006,23.295546784739777,-5.650000000000006,22.599999999999994,0,0.17963145282079584,5.853947738514553,0.7024,11.723160836566228,11.723160836566228,0.3541740434007924,18.038540869824352,0.17806924235185528,4.0,197
A11F14,5.099999999999994,-8.900000000000006,21.165301793265307,10.099999999999994,18.599999999999994,0,0.20048376185660233,6.533524366419722,0.648,10.257680049601863,10.257680049601863,0.30989969938374207,17.804215199478737,0.3568369229431586,4.0,197
A11F14,7.099999999999994,11.599999999999994,40.92945149889013,12.099999999999994,39.099999999999994,0,0.1527243142051042,4.977052823467769,0.6928,13.60036764208967,13.60036764208967,0.4108872399422861,16.554238450020474,0.23781938724008275,4.0,197
A11F14,-5.150000000000006,-18.650000000000006,8.851271095159152,-0.15000000000000568,8.849999999999994,1,0.14008117334956147,4.56502030202274,0.5808,19.34799731238353,19.34799731238353,0.5845316408575084,15.988721230656555,0.07026665012725382,4.0,197
A11F14,1.3499999999999943,23.599999999999994,51.49303350939814,6.349999999999994,51.099999999999994,0,0.10302577263865195,3.357418881074611,0.848,23.638580752659404,23.638580752659404,0.7141565182072327,15.660968419415324,0.1536085934745149,4.0,197
A11F14,20.349999999999994,-7.400000000000006,32.351700109886025,25.349999999999994,20.099999999999994,0,0.09952762954791068,3.2434185621360268,0.8704,21.653694834831303,21.653694834831303,0.6541901762788913,14.064586027319802,0.10464608099464022,4.0,197
A11F14,-17.150000000000006,13.349999999999994,42.61859922615946,-12.150000000000006,40.849999999999994,0,0.08855432653554371,2.8858127395420237,0.76,21.733499488117417,21.733499488117417,0.6566011929944838,13.281906557641808,0.11702735816426055,4.0,197
A11F14,8.349999999999994,-21.150000000000006,14.783267568436951,13.349999999999994,6.349999999999994,1,0.07732680419967031,2.519923899152883,0.7936,22.7386235291409,22.7386235291409,0.6869674782217794,11.282954409794302,0.1091062266484764,4.0,197
A11F14,-0.4000000000000057,1.3499999999999943,18.158537936739286,-7.900000000000006,16.349999999999994,0,0.8228293449586646,26.70971768038692,0.7472,1.4080127840328684,1.4080127840328684,0.04253815057501113,36.696477372594345,0.5006616387967414,4.0,198
A11F14,-5.150000000000006,11.849999999999994,29.68071764631037,-12.650000000000006,26.849999999999994,0,0.19700782943812495,6.394220337009078,0.872,12.920719794191031,12.920719794191031,0.3903540723320553,20.19471767717502,0.14571660670471037,4.0,198
A11F14,-10.650000000000006,-4.900000000000006,20.770953276149847,-18.150000000000006,10.099999999999994,0,0.18285093475528633,5.93471738896622,0.704,11.723160836566228,11.723160836566228,0.3541740434007924,18.308156232636485,0.18411896264141647,4.0,198
A11F14,5.349999999999994,-8.900000000000006,6.467804882647586,-2.1500000000000057,6.099999999999994,1,0.2017604961096097,6.548482469679749,0.7072,10.384242870811528,10.384242870811528,0.31372334957134523,17.76074954715,0.3847084551821272,4.0,198
A11F14,9.849999999999994,9.599999999999994,24.71199101650856,2.3499999999999943,24.599999999999994,0,0.15883149477069866,5.155103085931589,0.5792,13.754362944171561,13.754362944171561,0.4155396659870562,16.510667834489897,0.3252908596025786,4.0,198
A11F14,-4.900000000000006,-18.650000000000006,12.926039610027512,-12.400000000000006,-3.6500000000000057,1,0.13832140725911607,4.489400120777214,0.592,19.28295879786088,19.28295879786088,0.5825667310531987,15.78618928363834,0.07937904498862497,4.0,198
A11F14,0.8499999999999943,23.099999999999994,38.675993846312466,-6.650000000000006,38.099999999999994,0,0.10639813303866344,3.453266504808532,0.8976,23.115633238135608,23.115633238135608,0.6983574996415591,15.765167229893436,0.19235397042382132,4.0,198
A11F14,20.349999999999994,-7.150000000000006,15.05805432318531,12.849999999999994,7.849999999999994,1,0.10478304940656956,3.400846098613212,0.8464,21.56953870624033,21.56953870624033,0.6516476950525779,14.6108100106322,0.10984072672932638,4.0,198
A11F14,-16.900000000000006,14.099999999999994,37.97591341890278,-24.400000000000006,29.099999999999994,0,0.08667075076818177,2.812981659662991,0.744,22.00954338463204,22.00954338463204,0.6649408877532338,13.162698290985418,0.12959686008368743,4.0,198
A11F14,-15.900000000000006,-19.400000000000006,23.81008189822119,-23.400000000000006,-4.400000000000006,0,0.08459716501631018,2.7456803009283584,0.9744,25.08326135094877,25.08326135094877,0.7578024577325913,11.148688959187556,0.18603745033481303,4.0,198
A11F14,-0.4000000000000057,0.3499999999999943,14.65545973349182,-0.4000000000000057,-14.650000000000006,0,0.7995404141325585,25.512442908575185,0.7664,0.531507290636733,0.531507290636733,0.01605762207361731,35.90542025635118,0.5840730781131237,4.0,199
A11F14,-6.900000000000006,10.599999999999994,8.183520025025913,-6.900000000000006,-4.400000000000006,1,0.23777793381819443,7.586374488527738,0.7616,12.64792473095883,12.64792473095883,0.3821125296362184,21.443869874465577,0.3431239927850101,4.0,199
A11F14,-3.4000000000000057,-9.900000000000006,25.131056483960247,-3.4000000000000057,-24.900000000000006,0,0.2044759257428698,6.523820645279181,0.704,10.467568963231155,10.467568963231155,0.3162407541761678,18.962456222046647,0.22941257787760477,4.0,199
A11F14,8.599999999999994,10.599999999999994,9.660227740586656,8.599999999999994,-4.400000000000006,1,0.16578477880470854,5.28933551656648,0.6976,13.649908424601236,13.649908424601236,0.41238394032027903,16.176683880539162,0.23623236129657046,4.0,199
A11F14,0.09999999999999432,22.349999999999994,7.350680240630789,0.09999999999999432,7.349999999999994,1,0.10597696055702935,3.3811365968237537,0.9568,22.3502237125269,22.3502237125269,0.6752333447893323,15.794166399279534,0.3860197562236039,4.0,199
A11F14,20.349999999999994,-6.650000000000006,29.712707719088815,20.349999999999994,-21.650000000000006,0,0.102657080075018,3.275215458241645,0.8752,21.408993437338427,21.408993437338427,0.6467973848138497,15.346030397787931,0.15842424935212385,4.0,199
A11F14,6.849999999999994,-9.900000000000006,25.825036302007405,6.849999999999994,-24.900000000000006,0,0.15539464704516573,4.957829784801274,0.9504,12.03879146758511,12.03879146758511,0.3637097120116347,14.191903089481034,0.43632933813987945,4.0,199
A11F14,-13.650000000000006,-15.400000000000006,33.32390283265153,-13.650000000000006,-30.400000000000006,0,0.12142203676517307,3.8739152430760213,0.888,20.578690434524745,20.578690434524745,0.621712701949388,13.22127602369913,0.20964735627730322,4.0,199
A11F14,-17.150000000000006,14.099999999999994,17.173598923929724,-17.150000000000006,-0.9000000000000057,1,0.08157940874098296,2.6027334087802894,0.8256,22.202083235588503,22.202083235588503,0.6707578016794109,12.405924750530396,0.14450468013910286,4.0,199
A11F14,10.349999999999994,-20.150000000000006,36.64212057182281,10.349999999999994,-35.150000000000006,0,0.07994637543383076,2.5506317999429466,0.64,22.652704032852238,22.652704032852238,0.6843717230468954,11.975602656775653,0.12306803596700026,4.0,199
A3F14,-0.8499999999999943,-0.3499999999999943,43.878753400706366,-23.349999999999994,37.150000000000006,0,0.9090752435806848,37.722248486779186,0.9616,0.9192388155425044,0.9192388155425044,0.016155339464718883,39.19357590220654,0.7638011144431437,2.0,200
A3F14,-8.599999999999994,13.900000000000006,60.07636806598748,-31.099999999999994,51.400000000000006,0,0.2610381178062868,10.831203339557751,0.9664,16.34533572613301,16.34533572613301,0.287264248262443,22.856887584828097,0.5809641353296824,2.0,200
A3F14,6.650000000000006,-13.849999999999994,28.470072005528895,-15.849999999999994,23.650000000000006,0,0.24261703026508866,10.066844326776668,0.9344,15.363756051174462,15.363756051174462,0.27001328736686225,22.289276734015225,0.24294160794782044,2.0,200
A3F14,22.900000000000006,-18.849999999999994,18.654289051046685,0.4000000000000057,18.650000000000006,1,0.13405917500030434,5.562428370670207,0.8256,29.660284894113882,29.660284894113882,0.5212703847823178,18.43549638364053,0.0795598727415866,2.0,200
A3F14,0.15000000000000568,28.400000000000006,69.58687016959449,-22.349999999999994,65.9,0,0.13800762709188572,5.726260877829424,1.0,28.400396123997997,28.400396123997997,0.4991282271352899,17.947308121295293,0.33801394568641285,2.0,200
A3F14,-25.849999999999994,16.900000000000006,72.7810586622646,-48.349999999999994,54.400000000000006,0,0.1302388522806441,5.403912424782557,0.8576,30.88417879756559,30.88417879756559,0.5427799437182002,17.432108080787255,0.09650041191858696,2.0,200
A3F14,12.650000000000006,-27.599999999999994,13.965403681956351,-9.849999999999994,9.900000000000006,1,0.12409763079970623,5.149096079838035,0.8736,30.360871199621393,30.360871199621393,0.5335829736313075,16.73154942484243,0.05133052732569992,2.0,200
A3F14,28.650000000000006,-8.599999999999994,29.54712337944255,6.150000000000006,28.900000000000006,0,0.12099945668093227,5.020544331540944,0.92,29.912915270832436,29.912915270832436,0.5257102859548759,16.671928675110877,0.031861956618224586,2.0,200
A3F14,-3.5999999999999943,-15.599999999999994,34.07080861969671,-26.099999999999994,21.900000000000006,0,0.15452998597444556,6.41182178409408,1.0,16.009996876951593,16.009996876951593,0.2813707711239296,16.391004447953524,0.2999604875908893,2.0,200
A3F14,2.4000000000000057,-31.349999999999994,21.019812082889796,-20.099999999999994,6.150000000000006,0,0.12205445060596092,5.064318917387677,1.0,31.441731822531654,31.441731822531654,0.5525787666525774,15.827527065628868,0.008058605580421808,2.0,200
A3F14,-0.8499999999999943,-0.3499999999999943,43.878753400706366,-23.349999999999994,37.150000000000006,0,0.9087806260162188,37.656622124922976,0.9648,0.9192388155425044,0.9192388155425044,0.016155339464718883,39.057271810466226,0.793666998991553,2.0,201
A3F14,-8.849999999999994,13.900000000000006,60.20616662768026,-31.349999999999994,51.400000000000006,0,0.2556772554316591,10.59373916933022,0.976,16.478243231606942,16.478243231606942,0.28960005679449813,22.43459823782123,0.5828793676634005,2.0,201
A3F14,6.900000000000006,-13.849999999999994,28.331651910892877,-15.599999999999994,23.650000000000006,0,0.24161838235536878,10.011210930427815,0.9392,15.473606560850639,15.473606560850639,0.2719438762891149,22.182238616994574,0.2561254810508199,2.0,201
A3F14,22.400000000000006,-19.599999999999994,17.90027932742951,-0.09999999999999432,17.900000000000006,1,0.1352025448787827,5.601926582676252,0.8048,29.76440827565702,29.76440827565702,0.5231003211890513,18.63892078272292,0.08502559627065698,2.0,201
A3F14,-24.849999999999994,18.150000000000006,73.06808468818653,-47.349999999999994,55.650000000000006,0,0.1335434927877405,5.53318528838107,0.8608,30.772471463956222,30.772471463956222,0.5408167216864012,17.761861654557926,0.0886231245936751,2.0,201
A3F14,28.400000000000006,-9.349999999999994,28.76164981359728,5.900000000000006,28.150000000000006,0,0.12340065279556968,5.11292650089624,0.9008,29.89954013024281,29.89954013024281,0.5254752219726329,16.985351852957578,0.030908824946469002,2.0,201
A3F14,0.4000000000000057,28.400000000000006,69.50697806695382,-22.099999999999994,65.9,0,0.12999449096805485,5.386135736811471,1.0,28.402816761722775,28.402816761722775,0.4991707690988186,16.938098764667025,0.3611140115430039,2.0,201
A3F14,12.150000000000006,-27.849999999999994,14.150795030668771,-10.349999999999994,9.650000000000006,1,0.12602228186843356,5.22155109936977,0.8688,30.38494693100516,30.38494693100516,0.5340060972057146,16.907968704297883,0.05481388067199112,2.0,201
A3F14,-3.3499999999999943,-15.849999999999994,33.71861503680126,-25.849999999999994,21.650000000000006,0,0.15552125827056976,6.443815383557997,1.0,16.200154320252626,16.200154320252626,0.2847127297056701,16.517145235864447,0.4601558025625124,2.0,201
A3F14,-14.349999999999994,-16.099999999999994,42.61317284596396,-36.849999999999994,21.400000000000006,0,0.1480943888419849,6.136088943618432,1.0,21.566930704205447,21.566930704205447,0.37903217406336465,15.9513263249962,0.4702514303790915,2.0,201
A3F14,-0.8499999999999943,-0.3499999999999943,43.878753400706366,-23.349999999999994,37.150000000000006,0,0.8990457932451934,37.245467516356904,0.9632,0.9192388155425044,0.9192388155425044,0.016155339464718883,38.921495458128476,0.7856321630154437,2.0,202
A3F14,-8.599999999999994,14.400000000000006,60.50471056041835,-31.099999999999994,51.900000000000006,0,0.2527175900681098,10.468928500611296,0.984,16.772596698186003,16.772596698186003,0.29477322843912135,22.31545783713709,0.5967629847673322,2.0,202
A3F14,6.900000000000006,-13.599999999999994,28.540672732085348,-15.599999999999994,23.900000000000006,0,0.23816487239320186,9.866063565280834,0.9264,15.250245899656829,15.250245899656829,0.2680183813647949,22.008743625902625,0.2298640109440889,2.0,202
A3F14,22.900000000000006,-18.849999999999994,18.654289051046685,0.4000000000000057,18.650000000000006,1,0.13499593927797982,5.592203157922447,0.8096,29.660284894113882,29.660284894113882,0.5212703847823178,18.521478813966084,0.07819225758156076,2.0,202
A3F14,-25.349999999999994,17.650000000000006,73.01469030270553,-47.849999999999994,55.150000000000006,0,0.12949004283086746,5.364118930482458,0.8656,30.889237607943645,30.889237607943645,0.5428688507547214,17.507373447823905,0.08523637928563754,2.0,202
A3F14,0.15000000000000568,28.650000000000006,69.82367077145115,-22.349999999999994,66.15,0,0.13023701098468266,5.395062407922116,1.0,28.65039266746619,28.65039266746619,0.503521839498527,16.992229297267297,0.3576661100574307,2.0,202
A3F14,12.650000000000006,-27.349999999999994,14.143726524505485,-9.849999999999994,10.150000000000006,1,0.12652755172663452,5.241396501055674,0.8608,30.13378502611313,30.13378502611313,0.5295920039738687,16.849664800544584,0.05211707461749206,2.0,202
A3F14,28.650000000000006,-8.599999999999994,29.54712337944255,6.150000000000006,28.900000000000006,0,0.12273510439136145,5.084292882608571,0.9152,29.912915270832436,29.912915270832436,0.5257102859548759,16.828717841367727,0.02885199627588144,2.0,202
A3F14,-3.3499999999999943,-15.099999999999994,34.20500694342862,-25.849999999999994,22.400000000000006,0,0.15892365320973456,6.583422012467656,1.0,15.46714259325231,15.46714259325231,0.27183027404661353,16.591321885346698,0.22668933493537732,2.0,202
A3F14,2.4000000000000057,-31.349999999999994,21.019812082889796,-20.099999999999994,6.150000000000006,0,0.12179201615687679,5.045225098950619,1.0,31.441731822531654,31.441731822531654,0.5525787666525774,15.828266089919651,0.006406034896272199,2.0,202
A15F11,-0.05000000000001137,0.44999999999998863,31.467522940326905,22.44999999999999,-22.05000000000001,0,0.9072798127561004,41.68851388398239,0.9568,0.4527692569068608,0.4527692569068608,0.008056392471652327,40.639586515691505,0.7852622527326285,2.0,203
A15F11,9.949999999999989,-15.050000000000011,49.62867114884298,32.44999999999999,-37.55000000000001,0,0.2943219753856859,13.522939013848076,0.9152,18.041757120635452,18.041757120635452,0.3210277067728728,26.50384592066505,0.1399364686865135,2.0,203
A15F11,-11.800000000000011,15.199999999999989,12.952991932368363,10.699999999999989,-7.300000000000011,1,0.2785698340708278,12.799169705457414,0.8704,19.242660938653987,19.242660938653987,0.3423961021112809,25.467938928287147,0.12430677519696882,2.0,203
A15F11,-0.30000000000001137,-17.30000000000001,45.57279890460976,22.19999999999999,-39.80000000000001,0,0.2030547363396412,9.329482160699712,0.928,17.302600960549267,17.302600960549267,0.3078754619314816,21.11120376093972,0.02382572654815646,2.0,203
A15F11,-17.55000000000001,4.949999999999989,18.234719630419335,4.949999999999989,-17.55000000000001,1,0.1902395162583457,8.740667262170264,0.9296,18.234719630419335,18.234719630419335,0.32446120338824436,20.17124537229307,0.003328881380684891,2.0,203
A15F11,-1.5500000000000114,19.94999999999999,21.10462034721306,20.94999999999999,-2.5500000000000114,0,0.18158193365663242,8.342882239114667,0.8576,20.010122438406007,20.010122438406007,0.3560520006833809,20.01704336733685,0.08897813970003175,2.0,203
A15F11,27.69999999999999,-15.300000000000011,62.84011457659828,50.19999999999999,-37.80000000000001,0,0.12658898425896012,5.81616864509289,0.9952,31.64458879492669,31.64458879492669,0.5630709749986955,18.4520299534534,0.15431231023303446,2.0,203
A15F11,-18.05000000000001,-5.300000000000011,28.153907366474026,4.449999999999989,-27.80000000000001,0,0.15671018481925783,7.200117995645842,0.968,18.81203072504403,18.81203072504403,0.33473364279437773,17.869965573170198,0.11852078703552126,2.0,203
A15F11,-2.0500000000000114,-29.55000000000001,55.92320627431872,20.44999999999999,-52.05000000000001,0,0.11617489100275345,5.337684434905736,1.0,29.62102293979735,29.62102293979735,0.5270644651209493,17.61399028389812,0.1869940285480713,2.0,203
A15F11,-4.050000000000011,32.19999999999999,20.844483682739646,18.44999999999999,9.699999999999989,0,0.12028461452787809,5.5265089941056535,0.992,32.45369778623076,32.45369778623076,0.5774679321393373,16.89558088850132,0.1409873056754397,2.0,203
A15F11,0.19999999999998863,0.44999999999998863,37.960407005194256,-37.30000000000001,-7.050000000000011,0,0.9032419690723038,41.41322734594015,0.9504,0.49244289008979025,0.49244289008979025,0.00876232900515641,40.5210282288394,0.7861892537856601,2.0,204
A15F11,9.949999999999989,-15.050000000000011,35.602036458607266,-27.55000000000001,-22.55000000000001,0,0.28665687567883397,13.142272400256088,0.9152,18.041757120635452,18.041757120635452,0.3210277067728728,26.29653530995276,0.13397952539168378,2.0,204
A15F11,-10.800000000000011,15.949999999999989,49.03358542876506,-48.30000000000001,8.449999999999989,0,0.2961497089722387,13.577500431853675,0.8784,19.26246349769416,19.26246349769416,0.3427484608130633,26.276985251016608,0.1402349859568328,2.0,204
A15F11,-0.30000000000001137,-17.55000000000001,45.34691279458836,-37.80000000000001,-25.05000000000001,0,0.2054592332456441,9.419551537581702,0.9232,17.55256391528031,17.55256391528031,0.31232320133950725,21.349280281429543,0.007219445147602249,2.0,204
A15F11,-17.30000000000001,5.699999999999989,54.829554074422326,-54.80000000000001,-1.8000000000000114,0,0.18105373637550032,8.30062878241686,0.9104,18.21482912354657,18.21482912354657,0.3241072797784087,19.62269331205801,0.029649959800669312,2.0,204
A15F11,-0.5500000000000114,19.69999999999999,39.9580092096691,-38.05000000000001,12.199999999999989,0,0.16471302144178732,7.551456449250092,0.8688,19.707676169452338,19.707676169452338,0.35067039447424087,18.625594048281794,0.19336294278011668,2.0,204
A15F11,27.94999999999999,-15.300000000000011,24.719273856648798,-9.550000000000011,-22.80000000000001,0,0.12415990771250252,5.692229509622494,0.9984,31.863654843724376,31.863654843724376,0.5669689473972309,18.373786961663015,0.14304118889070674,2.0,204
A15F11,-18.30000000000001,-4.800000000000011,57.13956597665055,-55.80000000000001,-12.300000000000011,0,0.15842628619312518,7.263229315890001,0.9712,18.91903803051309,18.91903803051309,0.33663768737567773,18.050590557719953,0.1904807826000446,2.0,204
A15F11,-3.8000000000000114,31.94999999999999,47.99471325052375,-41.30000000000001,24.44999999999999,0,0.125930799448516,5.773418757734213,0.9952,32.17518453715533,32.17518453715533,0.5725121803764294,17.514197752754047,0.14901556641633643,2.0,204
A15F11,18.19999999999999,-4.800000000000011,22.886240407720983,-19.30000000000001,-12.300000000000011,0,0.14032143424367235,6.433180554292401,0.824,18.82232716748914,18.82232716748914,0.3349168535140416,17.469295884316175,0.1469675879746568,2.0,204
A15F11,-0.05000000000001137,0.44999999999998863,37.81144006778902,-7.550000000000011,-37.05000000000001,0,0.8796683059913311,40.64947880042728,0.9536,0.4527692569068608,0.4527692569068608,0.008056392471652327,40.090532471191345,0.8077041273238758,2.0,205
A15F11,9.949999999999989,-15.300000000000011,52.85681129239638,2.4499999999999886,-52.80000000000001,0,0.2585201810350377,11.945469128615649,0.9216,18.250821899300867,18.250821899300867,0.3247477206281293,25.484946692729515,0.10988910428341198,2.0,205
A15F11,-10.800000000000011,16.44999999999999,27.892516917625073,-18.30000000000001,-21.05000000000001,0,0.25786447698510084,11.915170152789619,0.8752,19.67847809155982,19.67847809155982,0.350150855721705,25.130865078004746,0.10010610431746098,2.0,205
A15F11,-0.30000000000001137,-17.30000000000001,55.35232605771867,-7.800000000000011,-54.80000000000001,0,0.20852920357478724,9.635482082255395,0.9232,17.302600960549267,17.302600960549267,0.3078754619314816,21.903403470936823,0.021278054842815634,2.0,205
A15F11,-17.05000000000001,6.199999999999989,39.77929737941586,-24.55000000000001,-31.30000000000001,0,0.18359774833205322,8.483456151044606,0.9472,18.142284861615426,18.142284861615426,0.3228164566123741,20.258509210433807,0.04510193887106059,2.0,205
A15F11,-0.5500000000000114,19.69999999999999,19.535672499302414,-8.050000000000011,-17.80000000000001,1,0.16989083109161573,7.8500931061852555,0.8672,19.707676169452338,19.707676169452338,0.35067039447424087,19.247272287763593,0.15199647414208586,2.0,205
A15F11,-18.30000000000001,-4.550000000000011,49.33398929744078,-25.80000000000001,-42.05000000000001,0,0.1586097868937325,7.3288250249512865,0.9872,18.857160443714758,18.857160443714758,0.33553666269955085,18.3012442009097,0.17588475019093117,2.0,205
A15F11,28.19999999999999,-15.300000000000011,56.7126969910619,20.69999999999999,-52.80000000000001,0,0.1193452182455072,5.5145194168045215,1.0,32.08317315977333,32.08317315977333,0.5708749672557532,18.003111537046728,0.15051799408676847,2.0,205
A15F11,-12.300000000000011,-15.050000000000011,56.15641103204515,-19.80000000000001,-52.55000000000001,0,0.15153860383076528,7.002084421628597,0.9776,19.436885038503483,19.436885038503483,0.34585204694846056,17.607306995725466,0.06717837254818235,2.0,205
A15F11,-3.5500000000000114,32.19999999999999,12.255304973765458,-11.050000000000011,-5.300000000000011,1,0.12366666937123098,5.714200849215353,0.9936,32.39509993810791,32.39509993810791,0.5764252658026319,17.495332925406323,0.1459371669671918,2.0,205
A3F3,-0.5999999999999943,-0.09999999999999432,24.033726302843686,21.900000000000006,9.900000000000006,0,0.8086665783798581,34.74893761826696,1.0,0.6082762530298154,0.6082762530298154,0.010690268067307827,37.004074769824115,0.5919965145582048,2.0,206
A3F3,11.650000000000006,-13.599999999999994,34.33922684045173,34.150000000000006,-3.5999999999999943,0,0.25522137452628424,10.966473787632037,0.976,17.907610114138627,17.907610114138627,0.31472074014303386,23.5318669931055,0.3452510097001261,2.0,206
A3F3,-9.849999999999994,14.650000000000006,27.70640720122334,12.650000000000006,24.650000000000006,0,0.23433242230492,10.06888800551996,0.9376,17.65346991387246,17.65346991387246,0.3102543042859835,22.80039333984029,0.2078780773428207,2.0,206
A3F3,-6.099999999999994,-10.349999999999994,16.40373433093819,16.400000000000006,-0.3499999999999943,1,0.21084361282522512,9.059592025741466,0.7216,12.013846178472564,12.013846178472564,0.21113965164275156,20.391141305591308,0.4982636991564372,2.0,206
A3F3,-16.349999999999994,-13.849999999999994,7.25568742435891,6.150000000000006,-3.8499999999999943,1,0.158769813933656,6.822036683411882,0.9984,21.427669028618105,21.427669028618105,0.37658469294583663,18.757515851350156,0.021865130220562957,2.0,206
A3F3,0.4000000000000057,18.650000000000006,36.67741130450731,22.900000000000006,28.650000000000006,0,0.14967307282681913,6.431161660951719,0.8928,18.654289051046685,18.654289051046685,0.3278433928127713,17.84287306356977,0.03747659106395723,2.0,206
A3F3,-16.849999999999994,4.400000000000006,15.468758838381321,5.650000000000006,14.400000000000006,1,0.15707593617396623,6.749252930446434,0.9008,17.415007895490596,17.415007895490596,0.3060634076536133,17.451361362200842,0.01840636560893772,2.0,206
A3F3,30.400000000000006,-13.099999999999994,52.99075391047009,52.900000000000006,-3.0999999999999943,0,0.11015314765770885,4.7330499432726105,0.9952,33.102416830195345,33.102416830195345,0.5817647949067724,16.81666540871924,0.1031867259170185,2.0,206
A3F3,16.400000000000006,-3.3499999999999943,39.46431932771679,38.900000000000006,6.650000000000006,0,0.14429783372424285,6.200195000722305,0.8352,16.73865287291663,16.73865287291663,0.2941766761496772,16.508587564994755,0.051347547083726214,2.0,206
A3F3,-4.349999999999994,-20.599999999999994,21.01862269512444,18.150000000000006,-10.599999999999994,0,0.13640474339362602,5.861040135931892,0.8384,21.054275100321068,21.054275100321068,0.3700224094959766,16.458410499075853,0.2435778870410169,2.0,206
A3F3,-0.09999999999999432,-0.3499999999999943,32.13848938578165,-22.599999999999994,-22.849999999999994,0,0.8083304477500877,34.81031895561372,1.0,0.36400549446401886,0.36400549446401886,0.006397284612724409,36.96235010419398,0.6373833378518887,2.0,207
A3F3,-9.849999999999994,14.150000000000006,33.410252917330624,-32.349999999999994,-8.349999999999994,0,0.2521842683348775,10.859624890350068,0.9232,17.24079464525925,17.24079464525925,0.3030016633613225,23.69328004216838,0.22891775600107103,2.0,207
A3F3,11.650000000000006,-14.099999999999994,38.174369673905545,-10.849999999999994,-36.599999999999994,0,0.25873338614404784,11.141651429664723,0.9904,18.29022963223808,18.29022963223808,0.3214451604962756,23.659802355865814,0.4284502284820612,2.0,207
A3F3,-13.099999999999994,-16.099999999999994,52.510189487374724,-35.599999999999994,-38.599999999999994,0,0.1715699330207578,7.38813448924592,1.0,20.75620389184881,20.75620389184881,0.3647838996809984,19.627335999711445,0.15173375067175246,2.0,207
A3F3,1.4000000000000057,-18.349999999999994,45.977521681795764,-21.099999999999994,-40.849999999999994,0,0.16684046413575895,7.184471247411015,0.9168,18.403328503289828,18.403328503289828,0.32343283837064724,18.489242972879847,0.10797321948442014,2.0,207
A3F3,0.4000000000000057,18.400000000000006,22.477099457002893,-22.099999999999994,-4.099999999999994,0,0.1538048770085197,6.623125849630932,0.8848,18.40434731252375,18.40434731252375,0.3234507436295914,18.160160052884528,0.019090958321215636,2.0,207
A3F3,30.900000000000006,-12.849999999999994,36.33431573595407,8.400000000000006,-35.349999999999994,0,0.10904088511620712,4.695485237002491,0.9888,33.4653925720288,33.4653925720288,0.5881439819337223,17.118597681825964,0.10214767725988914,2.0,207
A3F3,-10.349999999999994,-5.849999999999994,43.39176189093961,-32.849999999999994,-28.349999999999994,0,0.1639500022516944,7.0600005215951915,0.6656,11.88886033226061,11.88886033226061,0.20894306383586309,16.837266405668565,0.20215157757663277,2.0,207
A3F3,-0.3499999999999943,31.150000000000006,24.432457919742742,-22.849999999999994,8.650000000000006,0,0.11469518355865989,4.93897147713073,1.0,31.151966230079285,31.151966230079285,0.5474862254846975,16.690245581141575,0.8433815260921291,2.0,207
A3F3,16.400000000000006,-3.8499999999999943,27.04685748844031,-6.099999999999994,-26.349999999999994,0,0.1402124261348273,6.037801923079753,0.8464,16.845845185089413,16.845845185089413,0.29606054806835524,16.110521705542343,0.056648602305790496,2.0,207
A3F3,-0.09999999999999432,-0.09999999999999432,23.590676124265713,22.400000000000006,7.400000000000006,0,0.8118412787300836,35.10651506388458,1.0,0.14142135623730148,0.14142135623730148,0.002485436840725861,37.13319769548284,0.6180278789322915,2.0,208
A3F3,-9.599999999999994,14.400000000000006,25.41692349597017,12.900000000000006,21.900000000000006,0,0.2457293619519224,10.625537782022093,0.9328,17.30664612222715,17.30664612222715,0.3041589828159429,23.33451339072549,0.200741635976985,2.0,208
A3F3,10.900000000000006,-14.099999999999994,34.04585143596794,33.400000000000006,-6.599999999999994,0,0.2530477372981886,10.941997694605078,0.9808,17.821896644296867,17.821896644296867,0.31321435227235267,23.288621875679123,0.21334956873593056,2.0,208
A3F3,-6.349999999999994,-10.349999999999994,16.399542676550467,16.150000000000006,-2.8499999999999943,1,0.19948845389032824,8.626006384198972,0.728,12.142693276205234,12.142693276205234,0.21340409975756125,19.729492061756414,0.5307684720410271,2.0,208
A3F3,-16.599999999999994,-13.349999999999994,8.30857990272706,5.900000000000006,-5.849999999999994,1,0.1598556282184538,6.912232721921483,0.9952,21.30217125083731,21.30217125083731,0.37437910809907404,18.813673590319095,0.0009691953044604913,2.0,208
A3F3,0.6500000000000057,18.150000000000006,34.5520621671124,23.150000000000006,25.650000000000006,0,0.15331592287384704,6.629448772971861,0.872,18.161635388918043,18.161635388918043,0.31918515622000077,18.108136071129884,0.03421212057668651,2.0,208
A3F3,30.900000000000006,-12.849999999999994,53.66733177641684,53.400000000000006,-5.349999999999994,0,0.10842286768271574,4.688233624569916,0.992,33.4653925720288,33.4653925720288,0.5881439819337223,17.057542771649345,0.10731100375603163,2.0,208
A3F3,-17.099999999999994,4.150000000000006,12.840658082824268,5.400000000000006,11.650000000000006,1,0.14926325119167072,6.4542070273952605,0.8912,17.59637746810405,17.59637746810405,0.3092509221107917,16.790572428263385,0.03041096458527081,2.0,208
A3F3,-0.09999999999999432,30.650000000000006,44.24005537971218,22.400000000000006,38.150000000000006,0,0.11564700149043695,5.000610429833597,1.0,30.65016313170291,30.65016313170291,0.5386671903638474,16.70142180868718,0.5355415085235952,2.0,208
A3F3,-4.099999999999994,-20.599999999999994,22.58694313093297,18.400000000000006,-13.099999999999994,0,0.13409151174465384,5.798166373550889,0.832,21.004047229046115,21.004047229046115,0.36913967010625864,16.17700200359381,0.2050642667940568,2.0,208
A15F4,-0.8000000000000114,0.6999999999999886,38.89897170877401,-38.30000000000001,-6.800000000000011,0,0.9135288102219595,41.9693289014628,0.9968,1.063014581273466,1.063014581273466,0.018914850200595478,39.42932500679786,0.49313921084146156,2.0,209
A15F4,-9.050000000000011,17.69999999999999,47.654406931573504,-46.55000000000001,10.199999999999989,0,0.2930150424294721,13.460853593966398,0.9088,19.879449187540377,19.879449187540377,0.3537268538708252,25.48751488018649,0.158434592697898,2.0,209
A15F4,9.199999999999989,-15.550000000000011,36.49921232026797,-28.30000000000001,-23.05000000000001,0,0.2674366280771759,12.285772121670007,0.9248,18.0677198340023,18.0677198340023,0.3214896767616068,24.337772773804165,0.1424648752558997,2.0,209
A15F4,-17.55000000000001,7.449999999999989,55.05002270662567,-55.05000000000001,-0.05000000000001137,0,0.20648917971713265,9.48584897509323,0.904,19.06580709018111,19.06580709018111,0.3392492364800909,20.69411695306986,0.03761829357049013,2.0,209
A15F4,-1.0500000000000114,-17.05000000000001,45.70344625955467,-38.55000000000001,-24.55000000000001,0,0.1964804605234438,9.026052127192836,0.9936,17.08230078180338,17.08230078180338,0.30395552992532704,19.867622879145404,0.05551169447237258,2.0,209
A15F4,-19.30000000000001,-2.8000000000000114,57.72633714345646,-56.80000000000001,-10.300000000000011,0,0.1775595929826678,8.15683701728517,1.0,19.502051174171413,19.502051174171413,0.3470115867290287,19.096650562070327,0.1389051904656907,2.0,209
A15F4,26.19999999999999,-16.05000000000001,26.120729316004958,-11.300000000000011,-23.55000000000001,0,0.13604925867776058,6.249884784589725,0.9376,30.725274612279705,30.725274612279705,0.5467130713928773,19.032717184664865,0.114746438432188,2.0,209
A15F4,-0.05000000000001137,-30.55000000000001,53.458441802955704,-37.55000000000001,-38.05000000000001,0,0.11854015892211031,5.445535233277467,1.0,30.55004091650289,30.55004091650289,0.5435950341014749,17.719058256393186,0.045216492086108756,2.0,209
A15F4,-4.800000000000011,32.44999999999999,49.11000407249016,-42.30000000000001,24.94999999999999,0,0.12734887128033573,5.85019782215378,0.984,32.80308674500007,32.80308674500007,0.5836848175266917,17.57930437360781,0.11612272967393987,2.0,209
A15F4,17.69999999999999,-5.300000000000011,23.577107541002583,-19.80000000000001,-12.800000000000011,0,0.1574509372339292,7.233059140790675,0.8304,18.47647152461746,18.47647152461746,0.3287628385163249,17.514617568817936,0.010232443065018118,2.0,209
A15F4,-0.8000000000000114,0.6999999999999886,38.89897170877401,-38.30000000000001,-6.800000000000011,0,0.914186853679952,42.018575276451884,0.9984,1.063014581273466,1.063014581273466,0.018914850200595478,39.44379785873372,0.5161526464425383,2.0,210
A15F4,-8.550000000000011,17.94999999999999,47.22081109002683,-46.05000000000001,10.449999999999989,0,0.28564151436602603,13.128050023746829,0.9072,19.882278541454944,19.882278541454944,0.35377719824652926,25.221078413940905,0.205566896274322,2.0,210
A15F4,8.949999999999989,-15.550000000000011,36.69339177563177,-28.55000000000001,-23.05000000000001,0,0.26692890875899455,12.267997807446223,0.9312,17.94171117814575,17.94171117814575,0.3192475298602446,24.242378218752094,0.13604953620736307,2.0,210
A15F4,-17.30000000000001,7.699999999999989,54.800364962288356,-54.80000000000001,0.19999999999998863,0,0.22162389810368016,10.185742414011507,0.9216,18.936208701849488,18.936208701849488,0.3369432153354001,21.72534499855274,0.03506364616283871,2.0,210
A15F4,-1.3000000000000114,-17.05000000000001,45.91451295614494,-38.80000000000001,-24.55000000000001,0,0.1994988869758925,9.16886567888396,0.9904,17.099488296437425,17.099488296437425,0.3042613575878545,20.051493899396565,0.05872294151722393,2.0,210
A15F4,-19.30000000000001,-2.5500000000000114,57.682254636933195,-56.80000000000001,-10.050000000000011,0,0.17423159061073884,8.007573455408096,0.9984,19.46772970841748,19.46772970841748,0.3464008844914142,18.94688079562483,0.11253161615510385,2.0,210
A15F4,26.19999999999999,-16.05000000000001,26.120729316004958,-11.300000000000011,-23.55000000000001,0,0.13424702311782763,6.169883269109248,0.944,30.725274612279705,30.725274612279705,0.5467130713928773,18.865766375204515,0.11719939765263326,2.0,210
A15F4,-0.05000000000001137,-30.55000000000001,53.458441802955704,-37.55000000000001,-38.05000000000001,0,0.11975409930259863,5.503792334214069,1.0,30.55004091650289,30.55004091650289,0.5435950341014749,17.843973781978725,0.048774028885981806,2.0,210
A15F4,-4.800000000000011,32.44999999999999,49.11000407249016,-42.30000000000001,24.94999999999999,0,0.12552454017863654,5.769000033852719,0.9856,32.80308674500007,32.80308674500007,0.5836848175266917,17.44597066302536,0.11205477254314551,2.0,210
A15F4,17.69999999999999,-5.300000000000011,23.577107541002583,-19.80000000000001,-12.800000000000011,0,0.15457494345165187,7.104152368334096,0.832,18.47647152461746,18.47647152461746,0.3287628385163249,17.276528929492045,0.011248058505182162,2.0,210
A14F2,-0.5999999999999943,1.4000000000000057,24.68947144027187,21.900000000000006,11.400000000000006,0,0.875647451485302,26.13371594044339,1.0,1.5231546211727847,1.5231546211727847,0.03354966125931244,35.347091998443375,0.7959685598049782,2.0,211
A14F2,-6.849999999999994,17.650000000000006,31.77176419401353,15.650000000000006,27.650000000000006,0,0.25439333754385784,7.591902135612227,0.8976,18.932643766785453,18.932643766785453,0.41701858517148577,22.988657496026864,0.11510836765921624,2.0,211
A14F2,13.900000000000006,-10.599999999999994,36.40494471909002,36.400000000000006,-0.5999999999999943,0,0.2501680603547096,7.465803336941013,0.8752,17.480560631741763,17.480560631741763,0.385034375148497,22.895571801505742,0.16329685793419296,2.0,211
A14F2,3.6500000000000057,-16.599999999999994,26.970029662571754,26.150000000000006,-6.599999999999994,0,0.18187181288075724,5.427590965839597,0.9936,16.996543766307312,16.996543766307312,0.37437321071161483,18.80510837596629,0.03252974888863702,2.0,211
A14F2,-16.099999999999994,7.400000000000006,18.53968716025166,6.400000000000006,17.400000000000006,1,0.16538525642862412,4.935575381325633,0.8544,17.719198627477482,17.719198627477482,0.3902907186669049,17.991590940716385,0.009241182020485217,2.0,211
A14F2,-6.599999999999994,-16.099999999999994,17.02997357602178,15.900000000000006,-6.099999999999994,1,0.16571476939878693,4.945409166498874,1.0,17.400287353949064,17.400287353949064,0.3832662412764111,17.45287369765362,0.022690784136099,2.0,211
A14F2,-16.849999999999994,-8.599999999999994,5.820867632922096,5.650000000000006,1.4000000000000057,1,0.15591988729192072,4.653096924217623,0.9968,18.917782639622427,18.917782639622427,0.41669124756877596,17.218011716389793,0.0560719564947401,2.0,211
A14F2,3.4000000000000057,20.150000000000006,39.7471068129493,25.900000000000006,30.150000000000006,0,0.1407101566600624,4.199188516921177,0.8448,20.434835453215676,20.434835453215676,0.450106507780081,14.65550342012085,0.11161557206097543,2.0,211
A14F2,1.4000000000000057,31.650000000000006,48.02012598900591,23.900000000000006,41.650000000000006,0,0.10965859059019958,3.272511906507999,0.856,31.680948533779734,31.680948533779734,0.6978182496427254,13.439545645685122,0.10735943303648306,2.0,211
A14F2,28.150000000000006,-9.349999999999994,50.654170608154274,50.650000000000006,0.6500000000000057,0,0.10268412392745162,3.06437262909787,0.8096,29.66218130886534,29.66218130886534,0.6533520112084876,12.807591694757562,0.08756157424574515,2.0,211
A14F2,0.4000000000000057,1.1500000000000057,22.499611107750276,-7.099999999999994,-21.349999999999994,0,0.9062539624275974,26.964341718458424,1.0,1.2175795661885993,1.2175795661885993,0.026818933175960336,36.076914394822815,0.8312729887437238,2.0,212
A14F2,13.400000000000006,-11.349999999999994,34.36033323470539,5.900000000000006,-33.849999999999994,0,0.2498868401928259,7.43455262467092,0.8944,17.560822873658285,17.560822873658285,0.3868022659396098,22.911668575814513,0.13948326715621542,2.0,212
A14F2,-7.599999999999994,17.150000000000006,16.019753431310974,-15.099999999999994,-5.349999999999994,1,0.24214714932986708,7.204278275208845,0.8992,18.758531392409164,18.758531392409164,0.41318351084601684,22.08236252988586,0.12298979807070105,2.0,212
A14F2,3.1500000000000057,-16.349999999999994,39.092774268399005,-4.349999999999994,-38.849999999999994,0,0.17787771388950482,5.292122306405448,1.0,16.65067566196639,16.65067566196639,0.366754970527894,18.353832748773847,0.06045169185149738,2.0,212
A14F2,-15.349999999999994,-10.349999999999994,40.015559473784684,-22.849999999999994,-32.849999999999994,0,0.16192317828137187,4.81744385259527,0.9856,18.51337354454881,18.51337354454881,0.4077835582499738,17.405434077199335,0.09582499421169971,2.0,212
A14F2,-16.099999999999994,6.900000000000006,28.289927536139068,-23.599999999999994,-15.599999999999994,0,0.1594961869336688,4.745236273805369,0.896,17.516278143486986,17.516278143486986,0.3858211044820922,16.752864100995584,0.04580981323152892,2.0,212
A14F2,2.6500000000000057,20.150000000000006,5.38934133266765,-4.849999999999994,-2.3499999999999943,1,0.14217057399273927,4.229767565375944,0.8672,20.323508555365144,20.323508555365144,0.44765437346619263,14.86398266121088,0.10311385681530721,2.0,212
A14F2,1.6500000000000057,31.400000000000006,10.650469473220419,-5.849999999999994,8.900000000000006,1,0.10676161632455344,3.1762917847176366,0.8832,31.44332202551124,31.44332202551124,0.6925841855839481,12.956286950501184,0.11023069430783838,2.0,212
A14F2,18.400000000000006,-1.0999999999999943,25.995576546789646,10.900000000000006,-23.599999999999994,0,0.11786765250848787,3.5067141561324857,0.8272,18.432851108821993,18.432851108821993,0.406009936317665,12.759525597264133,0.16764081504999806,2.0,212
A14F2,28.650000000000006,-8.099999999999994,37.197883004278616,21.150000000000006,-30.599999999999994,0,0.0958761137696168,2.852431352901711,0.8064,29.773016306716393,29.773016306716393,0.6557933107206254,12.025584202269775,0.09254334675891826,2.0,212
A14F2,0.15000000000000568,-0.09999999999999432,31.99660138202181,22.650000000000006,-22.599999999999994,0,0.883084914525042,26.120637912798003,1.0,0.18027756377320103,0.18027756377320103,0.003970871448748922,35.32765683680819,0.8543965188188403,2.0,213
A14F2,13.400000000000006,-11.349999999999994,49.341995298123074,35.900000000000006,-33.849999999999994,0,0.2550601796762898,7.543917204070697,0.8816,17.560822873658285,17.560822873658285,0.3868022659396098,23.304303185087328,0.1192985423664899,2.0,213
A14F2,-7.849999999999994,16.900000000000006,15.683829251812202,14.650000000000006,-5.599999999999994,1,0.2505674305439636,7.411031819602025,0.8992,18.63417559217472,18.63417559217472,0.41044439630340795,22.51898600092044,0.1136899255993521,2.0,213
A14F2,3.1500000000000057,-16.849999999999994,46.971746827215185,25.650000000000006,-39.349999999999994,0,0.18576371145262838,5.494297172688609,0.9712,17.141907711803835,17.141907711803835,0.377575059731362,19.345884538299163,0.0010816606580000367,2.0,213
A14F2,-15.849999999999994,-9.599999999999994,32.781587819994314,6.650000000000006,-32.099999999999994,0,0.16114851753506815,4.76624672866074,0.992,18.53058282947408,18.53058282947408,0.40816261738929693,17.34182187238475,0.08941250647782728,2.0,213
A14F2,-16.099999999999994,6.650000000000006,17.093346658861158,6.400000000000006,-15.849999999999994,1,0.15995622837779247,4.730982150583336,0.8832,17.41931399338102,17.41931399338102,0.3836853302506833,16.80366768281418,0.03086883927895037,2.0,213
A14F2,2.4000000000000057,20.150000000000006,25.01064773251585,24.900000000000006,-2.3499999999999943,0,0.14146066862324344,4.183936299274638,0.8688,20.292424694944668,20.292424694944668,0.44696970693710725,14.619727657929163,0.14425610436650277,2.0,213
A14F2,18.400000000000006,-1.0999999999999943,47.2204404892627,40.900000000000006,-23.599999999999994,0,0.12428257639723274,3.6758591742129942,0.8208,18.432851108821993,18.432851108821993,0.406009936317665,13.512529244701712,0.14505748299060103,2.0,213
A14F2,1.4000000000000057,31.400000000000006,25.503333115496893,23.900000000000006,8.900000000000006,0,0.10690293457669722,3.161822571084598,0.8864,31.431194695715917,31.431194695715917,0.692317063782289,12.9254822591706,0.10910111870887712,2.0,213
A14F2,-7.099999999999994,-19.849999999999994,45.06309465627055,15.400000000000006,-42.349999999999994,0,0.10667880904344601,3.155193635473387,0.824,21.081567778512103,21.081567778512103,0.464351713183086,12.713093009487181,0.8887749024810914,2.0,213
